subreddit,post_id,image_index,image_url,image_source,image_type,media_id
Bitcoin,1jwz2d3,0,http://i.imgur.com/fYFBsqp.jpg),post_text,embedded_link,
Bitcoin,1npmgou,0,https://i.redd.it/xp7bzo7j56rf1.jpeg,post_url,direct_link,
Bitcoin,1npht36,0,https://i.redd.it/6dfusx5r95rf1.png,post_url,direct_link,
Bitcoin,1npkt4f,0,https://i.redd.it/vkj4njdgt5rf1.png,post_url,direct_link,
Bitcoin,1npfgc2,0,https://i.redd.it/rdx1v643u4rf1.jpeg,post_url,direct_link,
Bitcoin,1npgyji,0,https://i.redd.it/i81q9hf345rf1.jpeg,post_url,direct_link,
Bitcoin,1npc8x6,0,https://i.redd.it/lf8r2ubo74rf1.jpeg,post_url,direct_link,
Bitcoin,1npmg2x,0,https://i.redd.it/w8wifujf56rf1.jpeg,post_url,direct_link,
Bitcoin,1np6o25,0,https://i.redd.it/fz8uxm9ko2rf1.jpeg,post_url,direct_link,
Bitcoin,1nphou9,0,https://i.redd.it/k2awknez85rf1.png,post_url,direct_link,
Bitcoin,1np95io,0,https://i.redd.it/klagl374h3rf1.jpg?width=1290&format=pjpg&auto=webp&s=fb09b5837d88c3944d8b7a0608740d3880d460b3,gallery,reddit_gallery,klagl374h3rf1
Bitcoin,1np95io,1,https://i.redd.it/be8oc474h3rf1.jpg?width=1290&format=pjpg&auto=webp&s=3fc41aaf4b482c7cb8228614b7fd518e13e57478,gallery,reddit_gallery,be8oc474h3rf1
Bitcoin,1notkpx,0,https://i.redd.it/xy0h08mmczqf1.jpeg,post_url,direct_link,
Bitcoin,1npderj,0,https://i.redd.it/ivz5z4l4g4rf1.jpg?width=1063&format=pjpg&auto=webp&s=35fb557f2a433574cae648cb5e1543c89086ff3c,gallery,reddit_gallery,ivz5z4l4g4rf1
Bitcoin,1npderj,1,https://i.redd.it/sy7q65l4g4rf1.jpg?width=720&format=pjpg&auto=webp&s=352481ab779ef908c6de000c239cfe1ab085950e,gallery,reddit_gallery,sy7q65l4g4rf1
Bitcoin,1np5ux7,0,https://i.redd.it/tdqu484je2rf1.jpeg,post_url,direct_link,
Bitcoin,1np03sy,0,https://i.redd.it/rszqutqss0rf1.jpeg,post_url,direct_link,
Bitcoin,1npb10i,0,https://i.redd.it/599vdwn8y3rf1.jpeg,post_url,direct_link,
Bitcoin,1nooat6,0,https://i.redd.it/okcf53b1dyqf1.png,post_url,direct_link,
Bitcoin,1npn184,0,https://i.redd.it/rhrq5bvc96rf1.png,post_url,direct_link,
Bitcoin,1noxtd6,0,https://i.redd.it/5q4mk4ty80rf1.jpeg,post_url,direct_link,
Bitcoin,1noj60v,0,https://i.redd.it/h6927ealexqf1.jpeg,post_url,direct_link,
Bitcoin,1noyx5o,0,https://i.redd.it/xtdoimmfi0rf1.jpeg,post_url,direct_link,
Bitcoin,1nowrtp,0,https://i.redd.it/tpxb5zjq00rf1.jpeg,post_url,direct_link,
Bitcoin,1np5u2f,0,https://i.redd.it/mjeagpuyd2rf1.jpeg,post_url,direct_link,
Bitcoin,1npj4en,0,https://i.redd.it/tbtizk2ui5rf1.jpeg,post_url,direct_link,
Bitcoin,1nofyhf,0,https://i.redd.it/ee2ghtg6qwqf1.png,post_url,direct_link,
Bitcoin,1noo4qt,0,https://i.redd.it/kyic8qvxbyqf1.jpeg,post_url,direct_link,
Bitcoin,1np4cfu,0,https://i.redd.it/45f9fkpgx1rf1.jpeg,post_url,direct_link,
Bitcoin,1np0tdq,0,https://i.redd.it/a33ghsrty0rf1.jpeg,post_url,direct_link,
Bitcoin,1noxi4q,0,https://i.redd.it/3eddjkq360rf1.jpeg,post_url,direct_link,
Bitcoin,1noijq8,0,https://i.redd.it/3zc15rgbaxqf1.jpeg,post_url,direct_link,
Bitcoin,1nok1na,0,https://i.redd.it/bwq45i7mkxqf1.jpeg,post_url,direct_link,
Bitcoin,1noi5jx,0,https://i.redd.it/ev4ay4gj7xqf1.png,post_url,direct_link,
Bitcoin,1noil29,0,https://i.redd.it/vbdk7tu8axqf1.jpeg,post_url,direct_link,
Bitcoin,1nobsso,0,https://i.redd.it/vc8u6ryrjvqf1.jpeg,post_url,direct_link,
Bitcoin,1noocd7,0,https://i.redd.it/h7fnsydddyqf1.jpeg,post_url,direct_link,
Bitcoin,1nod2f1,0,https://i.redd.it/5fj4pxcqyvqf1.jpeg,post_url,direct_link,
Bitcoin,1no8pw9,0,https://i.redd.it/odmiofutiuqf1.jpg?width=4032&format=pjpg&auto=webp&s=d533c85a396a0a153ba35053e2ab0d505c416c05,gallery,reddit_gallery,odmiofutiuqf1
Bitcoin,1no8pw9,1,https://i.redd.it/g1seur1tiuqf1.jpg?width=5712&format=pjpg&auto=webp&s=5bf9f7c4d8418f38a4c02b529855443626f225dd,gallery,reddit_gallery,g1seur1tiuqf1
Bitcoin,1no76ct,0,https://i.redd.it/zvue36xe5uqf1.jpeg,post_url,direct_link,
Bitcoin,1nny4la,0,https://i.redd.it/gica6y3h3sqf1.jpeg,post_url,direct_link,
Bitcoin,1np6w7w,0,https://i.redd.it/ks0zxdxhr2rf1.jpeg,post_url,direct_link,
Bitcoin,1nnuddg,0,https://i.redd.it/7knqll32erqf1.jpeg,post_url,direct_link,
Bitcoin,1no8hr2,0,https://i.redd.it/grziqw2eiuqf1.jpeg,post_url,direct_link,
Bitcoin,1no2cj1,0,https://i.redd.it/ax5zwmejzsqf1.jpeg,post_url,direct_link,
Bitcoin,1nnufna,0,https://i.redd.it/1eyjuprierqf1.jpeg,post_url,direct_link,
Bitcoin,1no4dq0,0,https://i.redd.it/96x3xugngtqf1.jpeg,post_url,direct_link,
Bitcoin,1nnlmq8,0,https://i.redd.it/aozks6wqqpqf1.jpeg,post_url,direct_link,
Bitcoin,1no0ar8,0,https://i.redd.it/ulhg3vp5jsqf1.png,post_url,direct_link,
Bitcoin,1nofayl,0,https://i.redd.it/oizdtzgzkwqf1.png,post_url,direct_link,
Bitcoin,1nnzja4,0,https://i.redd.it/d71bv0cldsqf1.jpeg,post_url,direct_link,
Bitcoin,1nocwfu,0,https://i.redd.it/7b0i2amuwvqf1.jpeg,post_url,direct_link,
Bitcoin,1no8u8p,0,https://i.redd.it/d5hic20yluqf1.jpeg,post_url,direct_link,
Bitcoin,1noefsa,0,https://i.redd.it/irl2n25rcwqf1.jpeg,post_url,direct_link,
Bitcoin,1nnym3x,0,https://i.redd.it/5tseegjv6sqf1.jpeg,post_url,direct_link,
Bitcoin,1nnth5q,0,https://i.redd.it/gm59i9bx7rqf1.png,post_url,direct_link,
Bitcoin,1nnw45d,0,https://i.redd.it/nts68mysprqf1.png,post_url,direct_link,
Bitcoin,1nnhpzh,0,https://i.redd.it/hxy1hae5poqf1.jpeg,post_url,direct_link,
Bitcoin,1nnes4g,0,https://i.redd.it/r7bu1mdzqnqf1.jpeg,post_url,direct_link,
Bitcoin,1no8rl1,0,https://i.redd.it/py49mvzzkuqf1.jpeg,post_url,direct_link,
Bitcoin,1noe2dm,0,https://i.redd.it/ju5mvhdf9wqf1.png,post_url,direct_link,
Bitcoin,1nnrrrs,0,https://i.redd.it/c9lt2hdwwqqf1.jpeg,post_url,direct_link,
Bitcoin,1nnkb64,0,https://i.redd.it/d9obyhxlfpqf1.jpeg,post_url,direct_link,
Bitcoin,1nno4yd,0,https://i.redd.it/6zmlm5wv8qqf1.jpeg,post_url,direct_link,
Bitcoin,1no8nxp,0,https://i.redd.it/lc4xb7o1kuqf1.png?width=1290&format=png&auto=webp&s=cffd995201bc77faf290683d242de5b1b231be9c,gallery,reddit_gallery,lc4xb7o1kuqf1
Bitcoin,1no8nxp,1,https://i.redd.it/rci64vn1kuqf1.png?width=1290&format=png&auto=webp&s=14dac47f0a4bbb68e4d4e1a26e11fa817a34aa82,gallery,reddit_gallery,rci64vn1kuqf1
Bitcoin,1no8nxp,2,https://i.redd.it/7quo6vn1kuqf1.png?width=1290&format=png&auto=webp&s=7b503cedea9fae5b5914599091328139c9d5e4e5,gallery,reddit_gallery,7quo6vn1kuqf1
Bitcoin,1no8nxp,3,https://i.redd.it/48qeswn1kuqf1.png?width=1290&format=png&auto=webp&s=2f8dfc0aebadbdfe9c7d72d63f6d462b23bca422,gallery,reddit_gallery,48qeswn1kuqf1
Bitcoin,1no8nxp,4,https://i.redd.it/vl708vn1kuqf1.png?width=1290&format=png&auto=webp&s=0dac16436c6506a8498a8557015512e981ccba4c,gallery,reddit_gallery,vl708vn1kuqf1
Bitcoin,1nomq5z,0,https://i.redd.it/ksgv5muh2yqf1.jpeg,post_url,direct_link,
Bitcoin,1nnpe5n,0,https://i.redd.it/wjtbrxk4hqqf1.png,post_url,direct_link,
Bitcoin,1nnn1hh,0,https://i.redd.it/ojxwd0q71qqf1.jpeg,post_url,direct_link,
Bitcoin,1nowsku,0,https://i.redd.it/7bfi0tjx00rf1.jpg?width=1125&format=pjpg&auto=webp&s=6ab1273301e83a24814d23f18c4c22b371291d32,gallery,reddit_gallery,7bfi0tjx00rf1
Bitcoin,1nowsku,1,https://i.redd.it/gub07tjx00rf1.jpg?width=1125&format=pjpg&auto=webp&s=0213c10824c5efb2c1c3530ee32984f82844b3b5,gallery,reddit_gallery,gub07tjx00rf1
Bitcoin,1nn6rs4,0,https://i.redd.it/ckfjhkrmplqf1.jpeg,post_url,direct_link,
Bitcoin,1nnb37t,0,https://i.redd.it/f38rbtvspmqf1.png,post_url,direct_link,
Bitcoin,1nmpxkr,0,https://i.redd.it/qqzk5gc1biqf1.jpg?width=3024&format=pjpg&auto=webp&s=333d44b4b2e4f22b410b646634447a62243c4f80,gallery,reddit_gallery,qqzk5gc1biqf1
Bitcoin,1nmpxkr,1,https://i.redd.it/x20w0gc1biqf1.jpg?width=3024&format=pjpg&auto=webp&s=e5d9a1882422a52c827a4216d177ba569fc12aca,gallery,reddit_gallery,x20w0gc1biqf1
Bitcoin,1nmpxkr,2,https://i.redd.it/ho1p2nc1biqf1.jpg?width=3024&format=pjpg&auto=webp&s=f4fdc43e2635711f7e2c53396abbf2bf78ad71b8,gallery,reddit_gallery,ho1p2nc1biqf1
Bitcoin,1nnw5tf,0,https://i.redd.it/q6bbqoc6qrqf1.jpeg,post_url,direct_link,
Bitcoin,1nn3ffs,0,https://i.redd.it/0dqif3460lqf1.jpeg,post_url,direct_link,
Bitcoin,1nohssa,0,https://i.redd.it/d6z4yz705xqf1.jpeg,post_url,direct_link,
Bitcoin,1nmxcq8,0,https://i.redd.it/c906r4veujqf1.png,post_url,direct_link,
Bitcoin,1nmwm8e,0,https://i.redd.it/m45geuxapjqf1.jpeg,post_url,direct_link,
Bitcoin,1nnin8c,0,https://i.redd.it/0qcmugd9zoqf1.jpg?width=1290&format=pjpg&auto=webp&s=7ae1710a683a20001dcf536885d2c59b297978bd,gallery,reddit_gallery,0qcmugd9zoqf1
Bitcoin,1nnin8c,1,https://i.redd.it/rpk8zgd9zoqf1.jpg?width=1290&format=pjpg&auto=webp&s=87863c6f290954666990ea7f6a0c769cd4c11841,gallery,reddit_gallery,rpk8zgd9zoqf1
Bitcoin,1nmyxwj,0,https://i.redd.it/lgkvj8gd5kqf1.jpeg,post_url,direct_link,
Bitcoin,1nmw3yp,0,https://i.redd.it/7opdgy8qljqf1.jpeg,post_url,direct_link,
Bitcoin,1nmuh8e,0,https://i.redd.it/zaove6tfajqf1.png,post_url,direct_link,
Bitcoin,1nmkf8h,0,https://i.redd.it/5q3khb2umgqf1.jpeg,post_url,direct_link,
Bitcoin,1no1o4e,0,https://i.redd.it/6ze6g93ztsqf1.jpeg,post_url,direct_link,
Bitcoin,1nmlrbr,0,https://i.redd.it/6wtirs0l1hqf1.png,post_url,direct_link,
Bitcoin,1nmws3b,0,https://i.redd.it/a62geiqfqjqf1.png,post_url,direct_link,
Bitcoin,1nmob2k,0,https://i.redd.it/viir4z41uhqf1.jpeg,post_url,direct_link,
Bitcoin,1nn5vgk,0,https://i.redd.it/elhiogjhhlqf1.png,post_url,direct_link,
Bitcoin,1nmv5gp,0,https://i.redd.it/zjz7wnn8fjqf1.jpeg,post_url,direct_link,
Bitcoin,1nmieuf,0,https://i.redd.it/w3dkajgo1gqf1.jpeg,post_url,direct_link,
Bitcoin,1nmklh9,0,https://i.redd.it/ng38vo72ogqf1.jpeg,post_url,direct_link,
Bitcoin,1no4x0h,0,https://i.redd.it/sz1ch9k7ltqf1.jpeg,post_url,direct_link,
Bitcoin,1nnp7w9,0,https://i.redd.it/nisva2mzfqqf1.png,post_url,direct_link,
Bitcoin,1nmhvv4,0,https://i.redd.it/dvxkpkqiwfqf1.jpeg,post_url,direct_link,
Bitcoin,1nnxu9j,0,https://i.redd.it/fktcpnaj1sqf1.jpeg,post_url,direct_link,
Bitcoin,1nlv46t,0,https://i.redd.it/6fugepctvaqf1.jpeg,post_url,direct_link,
Bitcoin,1nncasy,0,https://i.redd.it/68joqxtm1nqf1.jpeg,post_url,direct_link,
Bitcoin,1nmo0ix,0,https://i.redd.it/cy8yq5zpqhqf1.png?width=1295&format=png&auto=webp&s=88e78ef0620234c640bd8972f9c20ce64a0ed8d0,gallery,reddit_gallery,cy8yq5zpqhqf1
Bitcoin,1nmo0ix,1,https://i.redd.it/yzqwi5zpqhqf1.png?width=1269&format=png&auto=webp&s=7e9722e2eef47f798602d6c7dcbfeff3fa4d14c0,gallery,reddit_gallery,yzqwi5zpqhqf1
Bitcoin,1nm9iny,0,https://i.redd.it/2vl363liwdqf1.jpeg,post_url,direct_link,
Bitcoin,1nmh91i,0,https://i.redd.it/1tq4yvi7qfqf1.png,post_url,direct_link,
Bitcoin,1nnijsi,0,https://i.redd.it/yky5w1hvxoqf1.png,post_url,direct_link,
Bitcoin,1nluzgj,0,https://i.redd.it/s4xvn92guaqf1.png,post_url,direct_link,
Bitcoin,1nniq1x,0,https://i.redd.it/tvyomx810pqf1.png,post_url,direct_link,
Bitcoin,1nmgam5,0,https://i.redd.it/wdg2sb4chfqf1.jpeg,post_url,direct_link,
Bitcoin,1nnj77u,0,https://i.redd.it/8bg75nxu4pqf1.jpeg,post_url,direct_link,
Bitcoin,1nlv0qc,0,https://i.redd.it/iv9wvjvtuaqf1.jpeg,post_url,direct_link,
Bitcoin,1nm33yh,0,https://i.redd.it/woota1ejmcqf1.jpeg,post_url,direct_link,
Bitcoin,1nlpsbz,0,https://i.redd.it/c0rljkuc99qf1.jpeg,post_url,direct_link,
Bitcoin,1nmce63,0,https://i.redd.it/7oz89vmxieqf1.jpeg,post_url,direct_link,
Bitcoin,1nlgqhs,0,https://i.redd.it/1gcqkm1517qf1.png,post_url,direct_link,
Bitcoin,1nluo4t,0,https://i.redd.it/3tt8hjf8raqf1.png,post_url,direct_link,
Bitcoin,1nls4jg,0,https://i.redd.it/ejrxyrwmy9qf1.jpeg,post_url,direct_link,
Bitcoin,1nll2qx,0,https://i.redd.it/xkfd12or08qf1.jpeg,post_url,direct_link,
Bitcoin,1nle2ll,0,https://i.redd.it/7aopxeo2i6qf1.jpeg,post_url,direct_link,
Bitcoin,1nlvx13,0,https://i.redd.it/r1klf9hq3bqf1.jpeg,post_url,direct_link,
Bitcoin,1nlnmun,0,https://preview.redd.it/ocz6vj10o8qf1.png?width=640&format=png&auto=webp&s=fd61a618afc42631478efdccf3d4af36fbc0b0e6,post_text,embedded_link,
Bitcoin,1nl0780,0,https://i.redd.it/wxh2it4gp3qf1.jpeg,post_url,direct_link,
Bitcoin,1nlcu07,0,https://i.redd.it/u3qnw31g96qf1.jpeg,post_url,direct_link,
Bitcoin,1nlu6w7,0,https://i.redd.it/iyga0ethlaqf1.png,post_url,direct_link,
Bitcoin,1nl4r1e,0,https://i.redd.it/he60vdosq4qf1.jpeg,post_url,direct_link,
Bitcoin,1nl6mty,0,https://preview.redd.it/kxqjgqth35qf1.png?width=1729&format=png&auto=webp&s=08bffce276c9020b2e0d8d07e2565f978a81851d,post_text,embedded_link,
Bitcoin,1nkz7c2,0,https://i.redd.it/e4eczt2we3qf1.jpeg,post_url,direct_link,
Bitcoin,1nl085c,0,https://i.redd.it/bm2w5mygp3qf1.jpeg,post_url,direct_link,
Bitcoin,1nl9t51,0,https://preview.redd.it/i95guj6wm5qf1.png?width=1913&format=png&auto=webp&s=fd13fcdfde3499ab4f322e5f7e98937ba156642a),post_text,embedded_link,
Bitcoin,1nl9t51,1,https://preview.redd.it/ujzt2rtym5qf1.png?width=1633&format=png&auto=webp&s=7e36960db5ff390ae84bbf94b023a16c1257ba04),post_text,embedded_link,
Bitcoin,1nkp5im,0,https://i.redd.it/gzvvf6nln0qf1.jpeg,post_url,direct_link,
Bitcoin,1nltjty,0,https://i.redd.it/c8hwghv9eaqf1.jpg?width=1080&format=pjpg&auto=webp&s=71686f764000035c391878268c0c42853daeaead,gallery,reddit_gallery,c8hwghv9eaqf1
Bitcoin,1nltjty,1,https://i.redd.it/prd6q8u9eaqf1.jpg?width=1080&format=pjpg&auto=webp&s=54e41b9172189f0c9cb40556b3af8f33284764ed,gallery,reddit_gallery,prd6q8u9eaqf1
Bitcoin,1nkqsoe,0,https://i.redd.it/wqba1tsm11qf1.png,post_url,direct_link,
Bitcoin,1nkzk4a,0,https://i.redd.it/sr2cwwsmi3qf1.jpeg,post_url,direct_link,
Bitcoin,1nl5tw3,0,https://i.redd.it/vi9ntfz1y4qf1.png,post_url,direct_link,
Bitcoin,1nlnmci,0,https://i.redd.it/1e91d7iwn8qf1.jpeg,post_url,direct_link,
Bitcoin,1nk9m1i,0,https://i.redd.it/co696nqumxpf1.jpeg,post_url,direct_link,
Bitcoin,1nk6oug,0,https://i.redd.it/cqaaa0ey0xpf1.png,post_url,direct_link,
Bitcoin,1nkbqpn,0,https://i.redd.it/8ncyp9za1ypf1.jpeg,post_url,direct_link,
Bitcoin,1nkr6k4,0,https://i.redd.it/8nv23z5w41qf1.jpeg,post_url,direct_link,
Bitcoin,1nkgt30,0,https://i.redd.it/lm5an99uyypf1.jpeg,post_url,direct_link,
Bitcoin,1nka2xx,0,https://i.redd.it/c8ms26p3qxpf1.jpeg,post_url,direct_link,
Bitcoin,1nkczh6,0,https://i.redd.it/bhi7uyrh9ypf1.jpeg,post_url,direct_link,
Bitcoin,1nkqul9,0,https://i.redd.it/p0ai8bn421qf1.jpeg,post_url,direct_link,
Bitcoin,1nkmo3e,0,https://i.redd.it/nud1rlms30qf1.jpeg,post_url,direct_link,
Bitcoin,1nk58vz,0,https://i.redd.it/tczu94vwnwpf1.jpeg,post_url,direct_link,
Bitcoin,1nk4e5c,0,https://i.redd.it/bpp9m2q4fwpf1.jpeg,post_url,direct_link,
Bitcoin,1njs8j1,0,https://i.redd.it/efa99jxw3tpf1.jpeg,post_url,direct_link,
Bitcoin,1njuret,0,https://i.redd.it/gbe7issqotpf1.jpeg,post_url,direct_link,
Bitcoin,1nl8et7,0,https://i.redd.it/qgooxayhf5qf1.jpeg,post_url,direct_link,
Bitcoin,1njpvpm,0,https://i.redd.it/pacz765jmspf1.jpeg,post_url,direct_link,
Bitcoin,1nkb18o,0,https://preview.redd.it/ckdykuqtwxpf1.jpg?width=1024&format=pjpg&auto=webp&s=4fd5fdff765867cb5e28fc766e87fd4db70d048b,post_text,embedded_link,
Bitcoin,1nka4z2,0,https://i.redd.it/96he8pehqxpf1.png,post_url,direct_link,
Bitcoin,1njy62m,0,https://i.redd.it/xrbgsfbmiupf1.jpeg,post_url,direct_link,
Bitcoin,1njyeqm,0,https://i.redd.it/4vxx07bwkupf1.jpeg,post_url,direct_link,
Bitcoin,1njrf2j,0,https://i.redd.it/4cjurqhtxspf1.jpeg,post_url,direct_link,
Bitcoin,1njbo8z,0,https://i.redd.it/7qdhgya6xppf1.jpeg,post_url,direct_link,
Bitcoin,1nkhch3,0,https://i.redd.it/yayvci6j2zpf1.jpeg,post_url,direct_link,
Bitcoin,1njhyy7,0,https://i.redd.it/9qh7spx55rpf1.jpeg,post_url,direct_link,
Bitcoin,1njizgm,0,https://i.redd.it/nhr5wpcubrpf1.jpeg,post_url,direct_link,
Bitcoin,1nju60g,0,https://i.redd.it/6p85rfqpjtpf1.jpg?width=3268&format=pjpg&auto=webp&s=dd32fd505f38f28ef481aa346abee37a38dfa6d9,gallery,reddit_gallery,6p85rfqpjtpf1
Bitcoin,1nju60g,1,https://i.redd.it/opgz1fqpjtpf1.jpg?width=1929&format=pjpg&auto=webp&s=445677c95bf494ea434552470e8b117833eb5b8e,gallery,reddit_gallery,opgz1fqpjtpf1
Bitcoin,1nju60g,2,https://i.redd.it/9uitmfqpjtpf1.jpg?width=3380&format=pjpg&auto=webp&s=cba29e8f0411c4be63d0e2f59b6ee6151680d512,gallery,reddit_gallery,9uitmfqpjtpf1
Bitcoin,1nju60g,3,https://i.redd.it/jb6u7gqpjtpf1.jpg?width=3404&format=pjpg&auto=webp&s=89d48ae681b2e32a14617e137ded561320d6a2ff,gallery,reddit_gallery,jb6u7gqpjtpf1
Bitcoin,1nja6uy,0,https://i.redd.it/soxw0zy7kppf1.jpeg,post_url,direct_link,
Bitcoin,1njrbb1,0,https://i.redd.it/momjmju0xspf1.jpeg,post_url,direct_link,
Bitcoin,1njlnar,0,https://i.redd.it/rgecaza6trpf1.png,post_url,direct_link,
Bitcoin,1nj94bu,0,https://i.redd.it/4b268jwg9ppf1.jpeg,post_url,direct_link,
Bitcoin,1njkld7,0,https://i.redd.it/eapvsmr5mrpf1.jpeg,post_url,direct_link,
Bitcoin,1njasze,0,https://i.redd.it/kirz8r14pppf1.jpeg,post_url,direct_link,
Bitcoin,1nknwl7,0,https://i.redd.it/ted8ydpkd0qf1.jpeg,post_url,direct_link,
Bitcoin,1nj2bsk,0,https://i.redd.it/akl5yx4u8npf1.jpeg,post_url,direct_link,
Bitcoin,1njev0u,0,https://i.redd.it/64ng75kfiqpf1.png,post_url,direct_link,
Bitcoin,1njb1gl,0,https://i.redd.it/6sq5ufgurppf1.png,post_url,direct_link,
Bitcoin,1njcz1n,0,https://i.redd.it/alluknzr6qpf1.jpeg,post_url,direct_link,
Bitcoin,1nj8pfo,0,https://i.redd.it/axaquciz4ppf1.jpeg,post_url,direct_link,
Bitcoin,1nim252,0,https://i.redd.it/avhpj67fyjpf1.jpeg,post_url,direct_link,
Bitcoin,1nizj51,0,https://i.redd.it/m39qzvqykmpf1.jpeg,post_url,direct_link,
Bitcoin,1njd8u4,0,https://i.redd.it/wdycsw209qpf1.png,post_url,direct_link,
Bitcoin,1ninb78,0,https://i.redd.it/en06wf9q6kpf1.jpeg,post_url,direct_link,
Bitcoin,1nj6avs,0,https://i.redd.it/ax9u45bzcopf1.jpeg,post_url,direct_link,
Bitcoin,1nix707,0,https://i.redd.it/1ngejm222mpf1.jpeg,post_url,direct_link,
Bitcoin,1niwau3,0,https://i.redd.it/8cobjj59vlpf1.png,post_url,direct_link,
Bitcoin,1nikx4n,0,https://i.redd.it/4fb51p98pjpf1.jpeg,post_url,direct_link,
Bitcoin,1nj7ff2,0,https://i.redd.it/tj2ylwp6qopf1.jpeg,post_url,direct_link,
Bitcoin,1nijj1p,0,https://i.redd.it/whsass9fhjpf1.png,post_url,direct_link,
Bitcoin,1nj5kdc,0,https://i.redd.it/d9wi0hlq4opf1.jpeg,post_url,direct_link,
Bitcoin,1nit8od,0,https://i.redd.it/afac8qij9lpf1.jpeg,post_url,direct_link,
Bitcoin,1nim2pa,0,https://i.redd.it/089swa1jyjpf1.jpeg,post_url,direct_link,
Bitcoin,1nib7iy,0,https://i.redd.it/bs3bz3irehpf1.png,post_url,direct_link,
Bitcoin,1njh0dh,0,https://i.redd.it/z23pchxzyqpf1.jpeg,post_url,direct_link,
Bitcoin,1njgeoo,0,https://preview.redd.it/xfljtzruuqpf1.png?width=680&format=png&auto=webp&s=02bac177b428a602fc5b20ea0880ff44cd2bf902,post_text,embedded_link,
Bitcoin,1nhv7kz,0,https://i.redd.it/5rrui1kwodpf1.jpeg,post_url,direct_link,
Bitcoin,1ni0y3n,0,https://i.redd.it/iwst0i8zrepf1.jpeg,post_url,direct_link,
Bitcoin,1nhpqmi,0,https://i.redd.it/kx6gr8v6pcpf1.jpeg,post_url,direct_link,
Bitcoin,1niryoi,0,https://i.redd.it/751y31wz0lpf1.jpg?width=1284&format=pjpg&auto=webp&s=dffec2af78bedda4b2c0ca6c1ba17017b3afa643,gallery,reddit_gallery,751y31wz0lpf1
Bitcoin,1niryoi,1,https://i.redd.it/v25xw0wz0lpf1.jpg?width=1284&format=pjpg&auto=webp&s=c87053050c4023102dd72701c7974c6a6eb84a58,gallery,reddit_gallery,v25xw0wz0lpf1
Bitcoin,1nhub1g,0,https://i.redd.it/moxlcx01jdpf1.jpeg,post_url,direct_link,
Bitcoin,1nihoh7,0,https://i.redd.it/ppjhr7iy4jpf1.png?width=1016&format=png&auto=webp&s=fff21b810d4feb68f33741ede165e59e72460874,gallery,reddit_gallery,ppjhr7iy4jpf1
Bitcoin,1nihoh7,1,https://i.redd.it/ejb0b8iy4jpf1.png?width=1016&format=png&auto=webp&s=a875590b2a23f208763a189df40ef50364dad040,gallery,reddit_gallery,ejb0b8iy4jpf1
Bitcoin,1nibgr2,0,https://i.redd.it/lbcobwqthhpf1.png,post_url,direct_link,
Bitcoin,1nhmamh,0,https://i.redd.it/h5bq6yux1cpf1.png,post_url,direct_link,
Bitcoin,1nht4j6,0,https://i.redd.it/pz8bn058bdpf1.png,post_url,direct_link,
Bitcoin,1ni0o5q,0,https://i.redd.it/t73ozq72qepf1.png,post_url,direct_link,
Bitcoin,1nhm2uy,0,https://i.redd.it/7uc5qsne0cpf1.jpeg,post_url,direct_link,
Bitcoin,1nhuavm,0,https://i.redd.it/zmgbohdzidpf1.jpeg,post_url,direct_link,
Bitcoin,1nhsca5,0,https://i.redd.it/at5i8on36dpf1.jpeg,post_url,direct_link,
Bitcoin,1nhti6a,0,https://i.redd.it/vovp1gosddpf1.jpeg,post_url,direct_link,
Bitcoin,1nhxeb5,0,https://i.redd.it/uk2plwe73epf1.png,post_url,direct_link,
Bitcoin,1nhk9vh,0,https://i.redd.it/aup9yb5jmbpf1.png,post_url,direct_link,
Bitcoin,1nhf04b,0,https://i.redd.it/0aw0g0t92apf1.png,post_url,direct_link,
Bitcoin,1nhmk1u,0,https://i.redd.it/zd7fi8fo3cpf1.jpeg,post_url,direct_link,
Bitcoin,1nhhscu,0,https://i.redd.it/1pqoprzpyapf1.jpeg,post_url,direct_link,
