subreddit,post_id,image_index,image_url,image_source,image_type,media_id,comment_id
gifs,1giw0we,0,https://i.redd.it/5apc9mfquqyd1.gif,post_url,direct_link,,
gifs,1gdaf62,0,https://i.redd.it/1mcqc9i6raxd1.gif,post_url,direct_link,,
,1gdaf62,0,https://i.imgur.com/Aq6NihB.mp4),comment_text,embedded_link,,lu119ej
gifs,1npf4m9,0,https://i.redd.it/uer38oour4rf1.gif,post_url,direct_link,,
gifs,1np88ez,0,https://media.benjaminuggla.com/g/bu-s25-comp.gif,post_url,direct_link,,
gifs,1nohigk,0,https://i.redd.it/u3jfpkmm2xqf1.gif,post_url,direct_link,,
gifs,1no5rmr,0,https://i.redd.it/198zu01lstqf1.gif,post_url,direct_link,,
gifs,1nofv6l,0,https://i.redd.it/ofl94qcypwqf1.gif,post_url,direct_link,,
gifs,1nnvvc1,0,https://i.imgur.com/ql1oKjj.gif,post_url,direct_link,,
,1nnvvc1,0,https://i.redd.it/diuf31m72mo61.gif,comment_text,embedded_link,,nfnrsyi
,1nnvvc1,0,https://i.redd.it/diuf31m72mo61.gif,comment_text,embedded_link,,nfnrkuz
,1nnvvc1,0,https://i.redd.it/st7ssxufntqf1.gif,comment_text,embedded_link,,nfp9a80
,1nnvvc1,0,https://i.redd.it/lhhh22l20zqf1.gif,comment_text,embedded_link,,nftrupy
gifs,1nnxmbx,0,https://i.redd.it/qgw5k9u10sqf1.gif,post_url,direct_link,,
gifs,1nn48zj,0,https://c.tenor.com/rK0vIbJjb9MAAAAd/tenor.gif,post_url,direct_link,,
gifs,1noa1sr,0,https://i.redd.it/l5fhihsxyuqf1.gif,post_url,direct_link,,
gifs,1nnvsl9,0,https://i.redd.it/ia8wbfkmnrqf1.gif,post_url,direct_link,,
gifs,1nlhbbj,0,https://i.redd.it/y5b0nt7z57qf1.gif,post_url,direct_link,,
gifs,1nlfwxe,0,https://i.redd.it/pk0fjhstu6qf1.gif,post_url,direct_link,,
gifs,1nkbaii,0,https://i.redd.it/hki1c5g9yxpf1.gif,post_url,direct_link,,
gifs,1nk3y2y,0,https://i.redd.it/aypfl1dy9wpf1.gif,post_url,direct_link,,
gifs,1njpbrc,0,https://i.redd.it/nqda887jispf1.gif,post_url,direct_link,,
gifs,1nlq9vn,0,https://i.redd.it/qy1i42mce9qf1.gif,post_url,direct_link,,
gifs,1njsnnd,0,https://i.redd.it/t7zzy2977tpf1.gif,post_url,direct_link,,
gifs,1niwe7t,0,https://i.redd.it/gzf671vxvlpf1.gif,post_url,direct_link,,
,1niwe7t,0,https://i.redd.it/qcm3u3pvjnpf1.gif,comment_text,embedded_link,,neng16l
,1niwe7t,0,https://i.imgur.com/mhdoNe8.gif,comment_text,embedded_link,,nen5y5u
,1niwe7t,0,https://i.imgur.com/nPW4BC6.png,comment_text,embedded_link,,neozw0b
,1niwe7t,1,https://i.imgur.com/nPW4BC6.png),comment_text,embedded_link,,neozw0b
gifs,1nkzt0b,0,https://i.redd.it/87h06jd2l3qf1.gif,post_url,direct_link,,
gifs,1nkhmg9,0,https://i.redd.it/hq06krlf4zpf1.gif,post_url,direct_link,,
gifs,1nil858,0,https://i.redd.it/iqfzsxivsjpf1.gif,post_url,direct_link,,
gifs,1niegbx,0,https://i.redd.it/9xme2djveipf1.gif,post_url,direct_link,,
gifs,1nhe0nh,0,https://i.redd.it/rgkb7gker9pf1.gif,post_url,direct_link,,
gifs,1nh8xqc,0,https://i.imgur.com/5k6RWVc.gif,post_url,direct_link,,
,1nh8xqc,0,https://i.redd.it/lqygn7i8ripf1.gif,comment_text,embedded_link,,neig17p
gifs,1nen0mf,0,https://i.redd.it/04xiimyz6mof1.gif,post_url,direct_link,,
gifs,1ne2t85,0,https://i.redd.it/8rxoh7x9rhof1.gif,post_url,direct_link,,
gifs,1nddzmt,0,https://i.redd.it/e3qz0rwf8cof1.gif,post_url,direct_link,,
gifs,1ndorrn,0,https://i.redd.it/a7tymnft8eof1.gif,post_url,direct_link,,
gifs,1ne2p6h,0,https://i.redd.it/ro66llluphof1.gif,post_url,direct_link,,
gifs,1nddqxv,0,https://i.redd.it/dk9x7g9i6cof1.gif,post_url,direct_link,,
gifs,1nd9lpe,0,https://i.redd.it/xmksese94bof1.gif,post_url,direct_link,,
gifs,1nbn1py,0,https://i.redd.it/9ahfiv13vxnf1.gif,post_url,direct_link,,
,1nbn1py,0,https://i.redd.it/v8698olfi0of1.gif,comment_text,embedded_link,,nd5rsxy
gifs,1nc6sf9,0,https://i.redd.it/hsnuye8tr1of1.gif,post_url,direct_link,,
,1nc6sf9,0,https://i.redd.it/nkvz5tivc5of1.gif,comment_text,embedded_link,,nd9n5r7
gifs,1nc0pgh,0,https://i.redd.it/6kshhlgxf0of1.gif,post_url,direct_link,,
gifs,1nbqt9b,0,https://i.redd.it/c9o19o5slynf1.gif,post_url,direct_link,,
gifs,1nd7utw,0,https://i.redd.it/6dreh2jmjaof1.gif,post_url,direct_link,,
gifs,1nbbdxc,0,https://i.redd.it/14uaqrjelunf1.gif,post_url,direct_link,,
gifs,1nberov,0,https://i.redd.it/zn26x6xmgvnf1.gif,post_url,direct_link,,
gifs,1nabrrq,0,https://i.redd.it/9xow46uh7mnf1.gif,post_url,direct_link,,
gifs,1n9k0t6,0,https://i.redd.it/v3q6sr9nhfnf1.gif,post_url,direct_link,,
gifs,1n89pgt,0,https://i.redd.it/4onc0e7id5nf1.gif,post_url,direct_link,,
gifs,1n7oye7,0,https://i.redd.it/5fgwy65q70nf1.gif,post_url,direct_link,,
gifs,1n6rf2b,0,https://i.redd.it/5wwdlp96osmf1.gif,post_url,direct_link,,
gifs,1n70j6p,0,https://i.redd.it/rblp4237humf1.gif,post_url,direct_link,,
gifs,1n6s0tr,0,https://i.redd.it/5r6dyql1ssmf1.gif,post_url,direct_link,,
gifs,1n6bfcn,0,https://i.redd.it/6l19bg6dvomf1.gif,post_url,direct_link,,
gifs,1n7hfrt,0,https://i.redd.it/ql4figp5uymf1.gif,post_url,direct_link,,
gifs,1n5c2g0,0,https://i.redd.it/029vcp33kgmf1.gif,post_url,direct_link,,
gifs,1n4z34i,0,https://i.redd.it/v0kjtngosdmf1.gif,post_url,direct_link,,
gifs,1n429a1,0,https://i.redd.it/va7mg0d4x5mf1.gif,post_url,direct_link,,
gifs,1n42dbc,0,https://i.redd.it/4bnyyto0y5mf1.gif,post_url,direct_link,,
gifs,1n39d60,0,https://i.redd.it/e0rkaj0v0zlf1.gif,post_url,direct_link,,
gifs,1n362te,0,https://i.redd.it/6q1sqy8mcylf1.gif,post_url,direct_link,,
gifs,1n2qlu6,0,https://i.imgur.com/Mh7Fosc.gif,post_url,direct_link,,
gifs,1n36q4n,0,https://i.redd.it/7c1qxuzmhylf1.gif,post_url,direct_link,,
gifs,1n4m6h8,0,https://i.redd.it/k05kiqubfamf1.gif,post_url,direct_link,,
gifs,1n2sncy,0,https://i.redd.it/nsz59275pulf1.gif,post_url,direct_link,,
gifs,1n2tzbq,0,https://i.redd.it/0f8vng500vlf1.gif,post_url,direct_link,,
,1n2tzbq,0,https://i.redd.it/83r9xgy90vlf1.gif,comment_text,embedded_link,,nb8knf7
,1n2tzbq,0,https://i.redd.it/9kku5i0d0vlf1.gif,comment_text,embedded_link,,nb8kp8v
,1n2tzbq,0,https://i.redd.it/n2jzqkio0vlf1.gif,comment_text,embedded_link,,nb8l079
,1n2tzbq,0,https://i.redd.it/ocegrlgi2vlf1.gif,comment_text,embedded_link,,nb8mphs
,1n2tzbq,0,https://i.redd.it/omkrsskxbvlf1.gif,comment_text,embedded_link,,nb8vbyl
,1n2tzbq,0,https://i.redd.it/zx36gzx8cvlf1.gif,comment_text,embedded_link,,nb8vmpy
gifs,1n2huzt,0,https://i.redd.it/tb0ak37gkslf1.gif,post_url,direct_link,,
gifs,1n1ccjg,0,https://i.redd.it/7e8k735u6jlf1.gif,post_url,direct_link,,
gifs,1n145pr,0,https://i.redd.it/wnbkqkyluglf1.gif,post_url,direct_link,,
gifs,1mzzjal,0,https://i.redd.it/9e46jbxxr7lf1.gif,post_url,direct_link,,
gifs,1n07pt0,0,https://i.redd.it/6a5bqatwe9lf1.gif,post_url,direct_link,,
gifs,1myxyii,0,https://i.redd.it/uz8yp5gvfzkf1.gif,post_url,direct_link,,
gifs,1mzk4yq,0,https://i.redd.it/3nsnjzm2d4lf1.gif,post_url,direct_link,,
gifs,1my8hag,0,https://i.redd.it/d513yaq27tkf1.gif,post_url,direct_link,,
gifs,1mx8e3b,0,https://i.redd.it/wvxc5xj32lkf1.gif,post_url,direct_link,,
gifs,1mwxzi3,0,https://i.redd.it/gcwos5fyaikf1.gif,post_url,direct_link,,
gifs,1mw182o,0,https://i.redd.it/uvs5w1nlvakf1.gif,post_url,direct_link,,
,1mw182o,0,https://i.redd.it/oi99ffwobckf1.gif,comment_text,embedded_link,,n9v45jp
gifs,1mwvwcp,0,https://i.imgur.com/KEvwcKS.gifv,post_url,direct_link,,
gifs,1mxnta5,0,https://i.redd.it/dhj9cq7i3okf1.gif,post_url,direct_link,,
gifs,1mw1nda,0,https://i.redd.it/qbsq8niczakf1.gif,post_url,direct_link,,
gifs,1mxj18l,0,https://i.redd.it/4yutft4o2nkf1.gif,post_url,direct_link,,
gifs,1mwxi1a,0,https://i.redd.it/mxm0il916ikf1.gif,post_url,direct_link,,
gifs,1mv5mnx,0,https://i.redd.it/5klu60k6w3kf1.gif,post_url,direct_link,,
,1mv5mnx,0,https://i.redd.it/qnasy2ypm7kf1.gif,comment_text,embedded_link,,n9qxlu2
gifs,1mv2hi5,0,https://i.redd.it/xcsw1x1p33kf1.gif,post_url,direct_link,,
,1mv2hi5,0,https://i.redd.it/634fw7mup3kf1.gif,comment_text,embedded_link,,n9no9qq
gifs,1mvawh4,0,https://i.redd.it/t3pf6ugqh5kf1.gif,post_url,direct_link,,
gifs,1mvb6ej,0,https://i.redd.it/ft58g53kk5kf1.gif,post_url,direct_link,,
gifs,1mvfumc,0,https://i.redd.it/zu9w20pdm6kf1.gif,post_url,direct_link,,
gifs,1mupt8o,0,https://i.redd.it/032u7qoxl0kf1.gif,post_url,direct_link,,
gifs,1mw3mtv,0,https://i.imgur.com/o39jo9j.mp4,post_url,direct_link,,
,1mw3mtv,0,https://i.imgur.com/o39jo9j.gifv,comment_text,embedded_link,,n9uo1ib
,1mw3mtv,1,http://www.reddit.com/r/gifs/submit?url=https://i.imgur.com/o39jo9j.gifv&title=Overdid,comment_text,embedded_link,,n9uo1ib
gifs,1mv5rxl,0,https://i.redd.it/7wwubfylx3kf1.gif,post_url,direct_link,,
gifs,1mwh863,0,https://i.redd.it/d61790d3pekf1.gif,post_url,direct_link,,
gifs,1muezvx,0,https://i.redd.it/fwcvi8cxhyjf1.gif,post_url,direct_link,,
gifs,1muk08v,0,https://i.redd.it/m84avsjtkzjf1.gif,post_url,direct_link,,
gifs,1mw3n8r,0,https://i.imgur.com/o39jo9j.gifv,post_url,direct_link,,
gifs,1mvzcw0,0,https://i.redd.it/xj8wvgdmeakf1.gif,post_url,direct_link,,
gifs,1mu7sxe,0,https://i.redd.it/4xlr78rxdwjf1.gif,post_url,direct_link,,
gifs,1mtnc0y,0,https://i.redd.it/exkr3w04esjf1.gif,post_url,direct_link,,
gifs,1mtiqbs,0,https://i.redd.it/b0vvnyh2erjf1.gif,post_url,direct_link,,
gifs,1mtiiu7,0,https://i.redd.it/fqdqw4q7arjf1.gif,post_url,direct_link,,
gifs,1mtlvvm,0,https://i.redd.it/psqwn5g14sjf1.gif,post_url,direct_link,,
gifs,1mt2tsx,0,https://i.redd.it/xbctdyuebnjf1.gif,post_url,direct_link,,
,1mt2tsx,0,https://i.redd.it/8ht731itmtjf1.gif,comment_text,embedded_link,,n9e5a9c
,1mt2tsx,0,https://i.redd.it/gtijuaasinjf1.gif,comment_text,embedded_link,,n98z6jk
gifs,1msvee1,0,https://i.redd.it/7xm8ikzwvljf1.gif,post_url,direct_link,,
gifs,1mryzwh,0,https://i.redd.it/82d7nokbkejf1.gif,post_url,direct_link,,
gifs,1msf6t8,0,https://i.redd.it/pbnqgtisqhjf1.gif,post_url,direct_link,,
gifs,1mrwl7y,0,https://i.redd.it/abstjq7n4ejf1.gif,post_url,direct_link,,
gifs,1mro1j4,0,https://i.redd.it/t76scue92cjf1.gif,post_url,direct_link,,
,1mro1j4,0,https://i.redd.it/bkxxx6g0chjf1.gif,comment_text,embedded_link,,n93orrs
,1mro1j4,0,https://i.redd.it/pdfcilryydjf1.gif,comment_text,embedded_link,,n90b3sx
gifs,1msfi3v,0,https://i.redd.it/xbktj16nthjf1.gif,post_url,direct_link,,
gifs,1ms8da5,0,https://i.redd.it/08rq9cr59gjf1.gif,post_url,direct_link,,
gifs,1ms23t0,0,https://i.redd.it/h9hc2xp94fjf1.gif,post_url,direct_link,,
gifs,1mtcwc6,0,https://i.redd.it/nln7xg58npjf1.gif,post_url,direct_link,,
gifs,1mrrr04,0,https://i.redd.it/3c6dauit2djf1.gif,post_url,direct_link,,
gifs,1mszc8w,0,https://i.redd.it/hryof4r6nmjf1.gif,post_url,direct_link,,
gifs,1mqu39q,0,https://i.redd.it/0vhgjachw5jf1.gif,post_url,direct_link,,
gifs,1mqzlhc,0,https://i.redd.it/8eti3p8827jf1.gif,post_url,direct_link,,
gifs,1mr4t3j,0,https://i.redd.it/bobc9r0az7jf1.gif,post_url,direct_link,,
gifs,1mqdkd0,0,https://i.redd.it/4l726kibx1jf1.gif,post_url,direct_link,,
,1mqdkd0,0,https://i.redd.it/nip12opyd3jf1.gif,comment_text,embedded_link,,n8rgy44
gifs,1mqom1e,0,https://i.redd.it/eccslp9cd4jf1.gif,post_url,direct_link,,
,1mqom1e,0,https://i.redd.it/b4mzkcciz6jf1.gif,comment_text,embedded_link,,n8u4kka
gifs,1mpxird,0,https://i.redd.it/a9q6kkh9wyif1.gif,post_url,direct_link,,
gifs,1mq2jg1,0,https://i.redd.it/wn3vkssbyzif1.gif,post_url,direct_link,,
,1mq2jg1,0,https://i.redd.it/03f4yfif60jf1.gif,comment_text,embedded_link,,n8o027l
gifs,1mq19hj,0,https://media2.giphy.com/media/v1.Y2lkPTc5MGI3NjExMXF4bnlybWpkOHFxNmYwd3o2aGprcTBvbzAweGZidnJsbGRnbm1tcCZlcD12MV9pbnRlcm5hbF9naWZfYnlfaWQmY3Q9Zw/P8ef3Dkynk0xLx1h1T/giphy.gif,post_url,direct_link,,
gifs,1mqbnvf,0,https://i.redd.it/nzws4ezjj1jf1.gif,post_url,direct_link,,
gifs,1mpx8xy,0,https://i.redd.it/p7m7l4jqtyif1.gif,post_url,direct_link,,
gifs,1mq24q2,0,https://i.redd.it/urm0ge5jvzif1.gif,post_url,direct_link,,
gifs,1mp5jda,0,https://i.redd.it/b1zjfkg5osif1.gif,post_url,direct_link,,
gifs,1mrci57,0,https://i.redd.it/v5ctuzboe9jf1.gif,post_url,direct_link,,
gifs,1mp0wp6,0,https://i.redd.it/dvuob2wbmrif1.gif,post_url,direct_link,,
gifs,1mqqig9,0,https://i.redd.it/5ek8qwx7w4jf1.gif,post_url,direct_link,,
,1mqqig9,0,https://i.redd.it/p3jmsjwfw4jf1.gif,comment_text,embedded_link,,n8sjs74
,1mqqig9,0,https://i.redd.it/tt2ngcjgw4jf1.gif,comment_text,embedded_link,,n8sjsk4
gifs,1mp318e,0,https://i.redd.it/pqfv2chn5sif1.gif,post_url,direct_link,,
gifs,1mo66y1,0,https://i.redd.it/vhbs06q4rkif1.gif,post_url,direct_link,,
,1mo66y1,0,https://i.redd.it/xsxmm9h6skif1.gif,comment_text,embedded_link,,n89t11e
,1mo66y1,0,https://i.redd.it/wuekj630rlif1.gif,comment_text,embedded_link,,n8aqq8m
,1mo66y1,0,https://i.redd.it/oackvhg6imif1.gif,comment_text,embedded_link,,n8blmhr
gifs,1mo5br4,0,https://i.redd.it/iimowjauikif1.gif,post_url,direct_link,,
gifs,1mnmv1x,0,https://i.redd.it/4tmisi6x0gif1.gif,post_url,direct_link,,
,1mnmv1x,0,https://i.redd.it/c7r5enl6qgif1.gif,comment_text,embedded_link,,n86qnil
,1mnmv1x,0,https://i.imgur.com/UryoIBN.gif),comment_text,embedded_link,,n86r15h
gifs,1mo9q75,0,https://i.redd.it/xnc5bzqvilif1.gif,post_url,direct_link,,
gifs,1mo66mw,0,https://i.redd.it/awdwj021rkif1.gif,post_url,direct_link,,
,1mo66mw,0,https://i.redd.it/7fxury35tkif1.gif,comment_text,embedded_link,,n89trz3
gifs,1mo22y5,0,https://i.redd.it/8nfh90e9ijif1.gif,post_url,direct_link,,
,1mo22y5,0,https://i.redd.it/q4z03tugcvif1.gif,comment_text,embedded_link,,n8k1d9i
gifs,1mphy0r,0,https://i.redd.it/kaxnxfjbzuif1.gif,post_url,direct_link,,
gifs,1mp08ax,0,https://i.redd.it/gnuwxoy9frif1.gif,post_url,direct_link,,
gifs,1mn9i6z,0,https://i.redd.it/1it4h4lncdif1.gif,post_url,direct_link,,
gifs,1mne78u,0,https://i.redd.it/hdzv4zqjfeif1.gif,post_url,direct_link,,
gifs,1mpf064,0,https://i.redd.it/b6fp8kl6fuif1.gif,post_url,direct_link,,
gifs,1mnizei,0,https://i.redd.it/lhzevgq8bfif1.gif,post_url,direct_link,,
gifs,1moxvzh,0,https://i.redd.it/gu9ut0tboqif1.gif,post_url,direct_link,,
gifs,1mmlvqv,0,https://i.redd.it/lm6xzzs6q7if1.gif,post_url,direct_link,,
,1mmlvqv,0,https://i.redd.it/6bxp2g46x7if1.gif,comment_text,embedded_link,,n7ymy5v
,1mmlvqv,0,https://i.imgur.com/n8qmKpa.jpeg,comment_text,embedded_link,,n805pf6
gifs,1moe6o6,0,https://i.redd.it/fnbnl5urcmif1.gif,post_url,direct_link,,
gifs,1moc9qq,0,https://i.imgur.com/1VkpwcL.gifv,post_url,direct_link,,
gifs,1mncgpc,0,https://i.redd.it/gnirb9zk2eif1.gif,post_url,direct_link,,
,1mncgpc,0,https://i.redd.it/guvbzyond5jf1.gif,comment_text,embedded_link,,n8sto1q
gifs,1mo9xwt,0,https://i.redd.it/xw6xrnafklif1.gif,post_url,direct_link,,
gifs,1mo5isk,0,https://i.redd.it/oqqluxjpkkif1.gif,post_url,direct_link,,
gifs,1mlzicg,0,https://i.redd.it/ulpsxqjo02if1.gif,post_url,direct_link,,
,1mlzicg,0,https://i.imgur.com/fac96WU.png,comment_text,embedded_link,,n7vx3mg
gifs,1mmf6y4,0,https://i.redd.it/igwn4m5o66if1.gif,post_url,direct_link,,
gifs,1mmkfa3,0,https://i.imgur.com/3Xz9qwk.gifv,post_url,direct_link,,
gifs,1mmjtbb,0,https://i.redd.it/cezo0ngcb7if1.gif,post_url,direct_link,,
gifs,1mlmsks,0,https://i.redd.it/pexgpyot7zhf1.gif,post_url,direct_link,,
gifs,1mlruhu,0,https://i.redd.it/it551btmf0if1.gif,post_url,direct_link,,
gifs,1mm53jj,0,https://i.redd.it/mah2b4wia3if1.gif,post_url,direct_link,,
gifs,1mnf81k,0,https://i.redd.it/gkdllk7hmeif1.gif,post_url,direct_link,,
gifs,1mlqlwt,0,https://i.redd.it/i5telgqf60if1.gif,post_url,direct_link,,
gifs,1mlxu88,0,https://i.redd.it/ezojh5z6o1if1.gif,post_url,direct_link,,
gifs,1mm04tb,0,https://i.imgur.com/9YYI8Bp.gifv,post_url,direct_link,,
gifs,1ml5alc,0,https://i.redd.it/omn6qh18puhf1.gif,post_url,direct_link,,
gifs,1mkdg5c,0,https://i.redd.it/7redtsle6ohf1.gif,post_url,direct_link,,
,1mkdg5c,0,https://i.redd.it/onv494valqhf1.gif,comment_text,embedded_link,,n7jzjb7
,1mkdg5c,0,https://i.redd.it/dxpwsgmegphf1.gif,comment_text,embedded_link,,n7j4a6t
gifs,1mkudxi,0,https://i.redd.it/rwrli2btlshf1.gif,post_url,direct_link,,
gifs,1mksbck,0,https://i.redd.it/haqyigrf3shf1.gif,post_url,direct_link,,
gifs,1mlbihh,0,https://i.redd.it/fyx5j1m40whf1.gif,post_url,direct_link,,
gifs,1mkwdvc,0,https://i.redd.it/1l9lfmui0thf1.gif,post_url,direct_link,,
gifs,1mks2dl,0,https://i.redd.it/yr8dl8171shf1.gif,post_url,direct_link,,
gifs,1mjwvnj,0,https://i.redd.it/gdehj20mvkhf1.gif,post_url,direct_link,,
gifs,1mk1y9j,0,https://i.redd.it/nxx7hb4h0mhf1.gif,post_url,direct_link,,
gifs,1mki5r6,0,https://files.catbox.moe/88u03g.gif,post_url,direct_link,,
gifs,1mk1ctk,0,https://i.redd.it/rgrgo16dwlhf1.gif,post_url,direct_link,,
gifs,1mk8fnj,0,https://i.redd.it/jkga26g18nhf1.gif,post_url,direct_link,,
gifs,1mj1esh,0,https://i.redd.it/7nohvb5pqdhf1.gif,post_url,direct_link,,
gifs,1mjc6pn,0,https://i.redd.it/8j07hrf8xfhf1.gif,post_url,direct_link,,
gifs,1mij55t,0,https://i.redd.it/ycwv184z79hf1.gif,post_url,direct_link,,
,1mij55t,0,https://i.redd.it/qudyfq7cuahf1.gif,comment_text,embedded_link,,n75gcm8
,1mij55t,0,https://i.redd.it/6wgni72zgfhf1.gif,comment_text,embedded_link,,n79coga
gifs,1mj670s,0,https://i.redd.it/l0n9txi8tehf1.gif,post_url,direct_link,,
gifs,1mjexqv,0,https://i.redd.it/k1x1bcudaghf1.gif,post_url,direct_link,,
gifs,1mj1o3r,0,https://i.redd.it/qajkx455tdhf1.gif,post_url,direct_link,,
gifs,1miwedj,0,https://i.redd.it/fq39rok96chf1.gif,post_url,direct_link,,
gifs,1mi5enl,0,https://i.redd.it/140s7dvxf6hf1.gif,post_url,direct_link,,
gifs,1mi813h,0,https://i.redd.it/rvtls6ee47hf1.gif,post_url,direct_link,,
gifs,1mi5rp2,0,https://i.redd.it/ldcqbrgvj6hf1.gif,post_url,direct_link,,
gifs,1mia50h,0,https://i.redd.it/ps62qdl4k7hf1.gif,post_url,direct_link,,
gifs,1mi5vtp,0,https://i.redd.it/4ag5gco5l6hf1.gif,post_url,direct_link,,
gifs,1mhehxk,0,https://i.redd.it/b6weo4gxf0hf1.gif,post_url,direct_link,,
gifs,1mhaawx,0,https://i.redd.it/3v7u5331izgf1.gif,post_url,direct_link,,
gifs,1mhcx5m,0,https://i.redd.it/viiqwiwg40hf1.gif,post_url,direct_link,,
gifs,1mgkg4n,0,https://i.redd.it/dj5lokusctgf1.gif,post_url,direct_link,,
gifs,1mgg4hh,0,https://i.redd.it/20yns5xj9sgf1.gif,post_url,direct_link,,
gifs,1mghgms,0,https://i.redd.it/vaddommmnsgf1.gif,post_url,direct_link,,
gifs,1mi2s2j,0,https://i.redd.it/k67lds26m5hf1.gif,post_url,direct_link,,
gifs,1mga91b,0,https://i.redd.it/4y2zx507fqgf1.gif,post_url,direct_link,,
gifs,1mfyiv4,0,https://i.redd.it/s474etbymngf1.gif,post_url,direct_link,,
gifs,1mfnp2f,0,https://i.redd.it/az64hevh7lgf1.gif,post_url,direct_link,,
gifs,1mg3exc,0,https://i.redd.it/d88jf2f7pogf1.gif,post_url,direct_link,,
gifs,1mfrlqi,0,https://i.redd.it/pr4k5qe67mgf1.gif,post_url,direct_link,,
gifs,1mfzgzo,0,https://i.redd.it/grxlrjp7ungf1.gif,post_url,direct_link,,
gifs,1met38k,0,https://i.redd.it/9skp0llqzdgf1.gif,post_url,direct_link,,
gifs,1metfe6,0,https://i.redd.it/n6i38vpa3egf1.gif,post_url,direct_link,,
gifs,1mgfsv3,0,https://i.redd.it/v0fidutu5sgf1.gif,post_url,direct_link,,
gifs,1mgft7i,0,https://i.redd.it/3zmtn2jz5sgf1.gif,post_url,direct_link,,
gifs,1meui8n,0,https://i.redd.it/u203apwidegf1.gif,post_url,direct_link,,
gifs,1mexk3k,0,https://i.redd.it/6gbazyxj1fgf1.gif,post_url,direct_link,,
gifs,1me9t7i,0,https://i.redd.it/jjmaozw899gf1.gif,post_url,direct_link,,
,1me9t7i,0,https://i.redd.it/agho28793agf1.gif,comment_text,embedded_link,,n68o9bk
,1me9t7i,0,https://i.redd.it/axdq8c1w3agf1.gif,comment_text,embedded_link,,n68p43j
gifs,1me38gx,0,https://i.redd.it/drnc7ruo08gf1.gif,post_url,direct_link,,
gifs,1mfv06a,0,https://i.redd.it/579r8gx0wmgf1.gif,post_url,direct_link,,
gifs,1mdyj4x,0,https://i.redd.it/2ql9pi4vy6gf1.gif,post_url,direct_link,,
gifs,1mdit4o,0,https://i.redd.it/7keugtklv2gf1.gif,post_url,direct_link,,
,1mdit4o,0,https://i.imgur.com/RWhnU9o.jpeg),comment_text,embedded_link,,n65iyz6
gifs,1mdaumy,0,https://i.redd.it/qwt8z4dod1gf1.gif,post_url,direct_link,,
gifs,1mfdymt,0,https://i.redd.it/y9p9wapqcigf1.gif,post_url,direct_link,,
gifs,1mdphne,0,https://i.redd.it/xjr8g90ic4gf1.gif,post_url,direct_link,,
gifs,1mdekbq,0,https://i.redd.it/rzd5s3th22gf1.gif,post_url,direct_link,,
gifs,1md96js,0,https://i.redd.it/33klsg6f21gf1.gif,post_url,direct_link,,
gifs,1md7ib4,0,https://i.redd.it/lm5lhp3jq0gf1.gif,post_url,direct_link,,
gifs,1mck8m1,0,https://i.redd.it/xrbnr9ta2vff1.gif,post_url,direct_link,,
gifs,1mc6rxc,0,https://i.redd.it/lb2mxjsw6sff1.gif,post_url,direct_link,,
,1mc6rxc,0,https://cdn.fstoppers.com/media/2018/05/22/perspective_compression_gif.gif,comment_text,embedded_link,,n5uawfv
gifs,1mc5aun,0,https://i.redd.it/tee2mmseprff1.gif,post_url,direct_link,,
,1mc5aun,0,https://i.redd.it/hdgtz0ewyugf1.gif,comment_text,embedded_link,,n6qxme4
gifs,1mcdam7,0,https://i.redd.it/rxr4xyc6stff1.gif,post_url,direct_link,,
gifs,1mcgkkp,0,https://i.redd.it/op0c9mbceuff1.gif,post_url,direct_link,,
gifs,1mcq6vj,0,https://i.redd.it/6dyjdzdf7wff1.gif,post_url,direct_link,,
gifs,1mcaqv6,0,https://i.redd.it/e9bhdy4n9tff1.gif,post_url,direct_link,,
gifs,1mdran0,0,https://i.redd.it/plgw6hcds4gf1.gif,post_url,direct_link,,
gifs,1mbh4gf,0,https://i.redd.it/ydecylftgmff1.gif,post_url,direct_link,,
gifs,1mbhlda,0,https://i.redd.it/uxuxc88akmff1.gif,post_url,direct_link,,
gifs,1mbrp9l,0,https://i.redd.it/rlgus57seoff1.gif,post_url,direct_link,,
gifs,1mbmjnk,0,https://i.redd.it/jqtc62hxgnff1.gif,post_url,direct_link,,
gifs,1mbdbom,0,https://i.redd.it/fojmsq7ollff1.gif,post_url,direct_link,,
gifs,1mb9ugi,0,https://i.redd.it/fluk4onoikff1.gif,post_url,direct_link,,
gifs,1mbl5vz,0,https://i.redd.it/uge5k0308nff1.gif,post_url,direct_link,,
gifs,1mbkcyp,0,https://i.imgur.com/TboPG29.gifv,post_url,direct_link,,
gifs,1maj9se,0,https://i.redd.it/limunj8hceff1.gif,post_url,direct_link,,
,1maj9se,0,https://i.redd.it/lic6tzozelff1.gif,comment_text,embedded_link,,n5l2z05
gifs,1maniiz,0,https://i.redd.it/stvys84nefff1.gif,post_url,direct_link,,
gifs,1manuer,0,https://i.redd.it/jm9arks5hfff1.gif,post_url,direct_link,,
gifs,1mc2hn8,0,https://i.redd.it/0oyatbdsuqff1.gif,post_url,direct_link,,
gifs,1mbxf7m,0,https://i.redd.it/vr1i61brlpff1.gif,post_url,direct_link,,
gifs,1m9w91z,0,https://i.redd.it/wqetcfzdm8ff1.gif,post_url,direct_link,,
gifs,1maeiol,0,https://i.redd.it/u5pzq3vutcff1.gif,post_url,direct_link,,
gifs,1m9q7h8,0,https://i.redd.it/ht8f48vh67ff1.gif,post_url,direct_link,,
gifs,1m9sxcg,0,https://i.redd.it/u6451hsnw7ff1.gif,post_url,direct_link,,
gifs,1ma0kpq,0,https://media1.giphy.com/media/v1.Y2lkPTc5MGI3NjExejhjM25nNTZhZzVzYXBvaDVkNG1zMDYzeGYwYnNjM2NuNXBucmF2eCZlcD12MV9pbnRlcm5hbF9naWZfYnlfaWQmY3Q9Zw/LyosqwhWV3oBAQ3HhJ/giphy.gif,post_url,direct_link,,
gifs,1mbc62h,0,https://i.redd.it/wvsvgomm9lff1.gif,post_url,direct_link,,
gifs,1m9ug41,0,https://i.redd.it/e6z51w5198ff1.gif,post_url,direct_link,,
gifs,1m90lgh,0,https://i.redd.it/750sr31a51ff1.gif,post_url,direct_link,,
gifs,1m909f0,0,https://i.redd.it/b0npnbpe31ff1.gif,post_url,direct_link,,
gifs,1mallm5,0,https://i.redd.it/wwuntlpfzeff1.gif,post_url,direct_link,,
gifs,1m93tr9,0,https://i.redd.it/f51up13jr1ff1.gif,post_url,direct_link,,
gifs,1m8ajqc,0,https://i.redd.it/c0d4klmhwuef1.gif,post_url,direct_link,,
,1m8ajqc,0,https://i.redd.it/x9ynmblntvef1.gif,comment_text,embedded_link,,n4ysvfx
,1m8ajqc,0,https://i.imgur.com/dfMjS0R.jpeg),comment_text,embedded_link,,n4y0gg4
gifs,1m8x1eo,0,https://i.redd.it/391tbfgod0ff1.gif,post_url,direct_link,,
gifs,1m8vrt1,0,https://i.redd.it/dn62mp3810ff1.gif,post_url,direct_link,,
gifs,1madgd6,0,https://i.redd.it/15hdzopjicff1.gif,post_url,direct_link,,
gifs,1m890xs,0,https://i.redd.it/nqvtb40fmuef1.gif,post_url,direct_link,,
,1m890xs,0,https://i.redd.it/6cm68ceo6vef1.gif,comment_text,embedded_link,,n4y1j7j
gifs,1m8ebyx,0,https://i.redd.it/7d76rx8bmvef1.gif,post_url,direct_link,,
,1m8ebyx,0,https://i.redd.it/16e0u0w3xvef1.gif,comment_text,embedded_link,,n4yx0ia
gifs,1m81kfb,0,https://i.redd.it/ok5x4y4c2tef1.gif,post_url,direct_link,,
gifs,1m8ddsj,0,https://i.redd.it/rgu6f1xmfvef1.gif,post_url,direct_link,,
gifs,1m85wvt,0,https://i.redd.it/4pqidp2b1uef1.gif,post_url,direct_link,,
,1m85wvt,0,https://i.redd.it/fyz3bsivflff1.gif,comment_text,embedded_link,,n5l3jkb
gifs,1m84fcm,0,https://i.redd.it/stys0gjcqtef1.gif,post_url,direct_link,,
,1m84fcm,0,https://i.redd.it/fzkeskghduef1.gif,comment_text,embedded_link,,n4x1a90
gifs,1m9e0nw,0,https://i.redd.it/nom48dt8s3ff1.gif,post_url,direct_link,,
gifs,1m79mbk,0,https://i.redd.it/6so6umx7omef1.gif,post_url,direct_link,,
gifs,1m7fy5g,0,https://media3.giphy.com/media/v1.Y2lkPTc5MGI3NjExMXoyZ3QyZGExa2t5bTJ4bjk2aGl4MGtxaGJyYmN3YngzdzB6YTZkYSZlcD12MV9pbnRlcm5hbF9naWZfYnlfaWQmY3Q9Zw/uCGRMjQVnOPgPk3xVZ/giphy.gif,post_url,direct_link,,
gifs,1m7dtdz,0,https://i.redd.it/k21z0bv2hnef1.gif,post_url,direct_link,,
gifs,1m760o9,0,https://i.redd.it/vsjon89itlef1.gif,post_url,direct_link,,
gifs,1m7am08,0,https://i.redd.it/jcxu84sbvmef1.gif,post_url,direct_link,,
gifs,1m88d72,0,https://i.redd.it/qcw0ctquhuef1.gif,post_url,direct_link,,
gifs,1m6ltmv,0,https://i.redd.it/wbddjou1xgef1.gif,post_url,direct_link,,
gifs,1m6fovt,0,https://i.redd.it/6a0z0047sfef1.gif,post_url,direct_link,,
gifs,1m6az5c,0,https://i.redd.it/r2b381snpeef1.gif,post_url,direct_link,,
gifs,1m5cv3l,0,https://i.redd.it/u4dqf410o6ef1.gif,post_url,direct_link,,
gifs,1m5k1w1,0,https://i.redd.it/wf4j70n2k8ef1.gif,post_url,direct_link,,
gifs,1m5f5iy,0,https://i.redd.it/alx1gbjtd7ef1.gif,post_url,direct_link,,
gifs,1m5flxc,0,https://i.redd.it/w692xstli7ef1.gif,post_url,direct_link,,
gifs,1m5jujr,0,https://i.redd.it/daciwx2mi8ef1.gif,post_url,direct_link,,
gifs,1m54gvo,0,https://i.redd.it/yxywpgioe4ef1.gif,post_url,direct_link,,
gifs,1m4mbln,0,https://i.redd.it/ikpb85l5i0ef1.gif,post_url,direct_link,,
gifs,1m4udru,0,https://i.redd.it/vpjwn438b2ef1.gif,post_url,direct_link,,
gifs,1m4pz6b,0,https://i.redd.it/wp8csly5f1ef1.gif,post_url,direct_link,,
gifs,1m47tn9,0,https://i.redd.it/83hwk7mghwdf1.gif,post_url,direct_link,,
gifs,1m4lvsk,0,https://i.redd.it/jmjp6i6cd0ef1.gif,post_url,direct_link,,
gifs,1m3wygt,0,https://i.redd.it/zvy0od2r7udf1.gif,post_url,direct_link,,
gifs,1m42vng,0,https://i.redd.it/mp1ff9x2gvdf1.gif,post_url,direct_link,,
gifs,1m3t66q,0,https://i.redd.it/7wsv1ydf8tdf1.gif,post_url,direct_link,,
gifs,1m3bcu6,0,https://i.redd.it/vr7jmtbmnodf1.gif,post_url,direct_link,,
gifs,1m2z0re,0,https://i.redd.it/cnw67ahv3mdf1.gif,post_url,direct_link,,
,1m2z0re,0,https://i.redd.it/8pl8awrxdmdf1.gif,comment_text,embedded_link,,n3sshvz
gifs,1m33km4,0,https://i.redd.it/morqstt16ndf1.gif,post_url,direct_link,,
gifs,1m28l15,0,https://i.redd.it/rbzbp3npzfdf1.gif,post_url,direct_link,,
gifs,1m24ibm,0,https://i.redd.it/egn74egg1fdf1.gif,post_url,direct_link,,
gifs,1m26dp4,0,https://i.redd.it/wbpsu5woifdf1.gif,post_url,direct_link,,
gifs,1m1x1is,0,https://i.redd.it/mmt0acltutjc1.gif,post_url,direct_link,,
gifs,1m3eumi,0,https://i.redd.it/grqytnzvcpdf1.gif,post_url,direct_link,,
gifs,1m1do85,0,https://i.redd.it/8nsmx1g9v8df1.gif,post_url,direct_link,,
gifs,1m1a95c,0,https://i.redd.it/iothujh938df1.gif,post_url,direct_link,,
gifs,1m1les3,0,https://i.redd.it/pqm5v982badf1.gif,post_url,direct_link,,
,1m1les3,0,https://i.redd.it/th86te8scadf1.gif,comment_text,embedded_link,,n3hvv01
,1m1les3,0,https://i.redd.it/m4w7qbstcadf1.gif,comment_text,embedded_link,,n3hvwqu
,1m1les3,0,https://i.redd.it/qd2i61abtadf1.gif,comment_text,embedded_link,,n3ig1og
,1m1les3,0,https://i.redd.it/6uuhfssl4bdf1.gif,comment_text,embedded_link,,n3itf2l
,1m1les3,0,https://i.redd.it/u2ctligm0pdf1.gif,comment_text,embedded_link,,n3vqngj
gifs,1m18p6o,0,https://i.redd.it/yov5me19n7df1.gif,post_url,direct_link,,
gifs,1m0enyx,0,https://i.redd.it/hvtvlsr0r0df1.gif,post_url,direct_link,,
gifs,1m26fjo,0,https://i.redd.it/7mbunvg1jfdf1.gif,post_url,direct_link,,
gifs,1m0iv1y,0,https://i.redd.it/2ev3g0hcq1df1.gif,post_url,direct_link,,
gifs,1m1txzi,0,https://i.redd.it/q7l144f52cdf1.gif,post_url,direct_link,,
,1m1txzi,0,https://i.redd.it/ol9he7pg2cdf1.gif,comment_text,embedded_link,,n3jskd7
,1m1txzi,0,https://i.redd.it/c41hrsfb5cdf1.gif,comment_text,embedded_link,,n3jv8hv
gifs,1lzn4vp,0,https://i.redd.it/6vzoipnxiucf1.gif,post_url,direct_link,,
gifs,1lzy6er,0,https://i.redd.it/reazjc3xjwcf1.gif,post_url,direct_link,,
gifs,1lzoq85,0,https://i.redd.it/b7yaciywtucf1.gif,post_url,direct_link,,
gifs,1m199ok,0,https://i.redd.it/svalfinft7df1.gif,post_url,direct_link,,
gifs,1lzh54h,0,https://i.redd.it/78utwuqkxscf1.gif,post_url,direct_link,,
gifs,1lzj9uz,0,https://i.redd.it/pebh7l5rltcf1.gif,post_url,direct_link,,
gifs,1lz8xfn,0,https://i.redd.it/bv3lyxjqmqcf1.gif,post_url,direct_link,,
gifs,1lyptxo,0,https://i.redd.it/da0rtu0ffmcf1.gif,post_url,direct_link,,
gifs,1lz7hy4,0,https://i.redd.it/q4o4giz9aqcf1.gif,post_url,direct_link,,
gifs,1lz3lke,0,https://i.redd.it/mg9jkt2zfpcf1.gif,post_url,direct_link,,
gifs,1lytzq9,0,https://i.redd.it/7an3im9yhncf1.gif,post_url,direct_link,,
gifs,1lyra7l,0,https://i.redd.it/mgz7zeqpumcf1.gif,post_url,direct_link,,
gifs,1lz2b2e,0,https://i.redd.it/y6cjwpnm6pcf1.gif,post_url,direct_link,,
gifs,1lygumn,0,https://i.imgur.com/fg2Ni7R.gifv,post_url,direct_link,,
gifs,1lx7xdw,0,https://i.redd.it/0ewqqvhc69cf1.gif,post_url,direct_link,,
gifs,1lyp30e,0,https://i.redd.it/e4j6mmak6mcf1.gif,post_url,direct_link,,
gifs,1lxgtld,0,https://i.redd.it/0gxoxnnswacf1.gif,post_url,direct_link,,
gifs,1lwkfgy,0,https://i.redd.it/nnlqf5lic3cf1.gif,post_url,direct_link,,
,1lwkfgy,0,https://i.redd.it/zhqne35sf3cf1.gif,comment_text,embedded_link,,n2ewjbi
,1lwkfgy,0,https://i.redd.it/zg8ura6vv5cf1.gif,comment_text,embedded_link,,n2hgfmx
,1lwkfgy,0,https://i.redd.it/hm5e3gqi2fcf1.gif,comment_text,embedded_link,,n2pcnn5
,1lwkfgy,0,https://i.redd.it/a7dvjzuj2fcf1.gif,comment_text,embedded_link,,n2pcoaq
gifs,1lw9qpu,0,https://i.redd.it/e39n9qaj21cf1.gif,post_url,direct_link,,
gifs,1lwb1do,0,https://i.redd.it/z0wgr41bf1cf1.gif,post_url,direct_link,,
gifs,1lwbxt0,0,https://i.redd.it/0copwz47n1cf1.gif,post_url,direct_link,,
gifs,1lwe2ye,0,https://i.redd.it/oo1resxz32cf1.gif,post_url,direct_link,,
gifs,1lvliio,0,https://i.redd.it/nm6wf5es8vbf1.gif,post_url,direct_link,,
gifs,1lvfl6e,0,https://i.redd.it/0bdo1g5mvtbf1.gif,post_url,direct_link,,
gifs,1lvk1vk,0,https://i.redd.it/fqlmuukdyubf1.gif,post_url,direct_link,,
gifs,1lvnvm6,0,https://i.redd.it/lqbw4kx7pvbf1.gif,post_url,direct_link,,
gifs,1luldoo,0,https://i.redd.it/af544880rmbf1.gif,post_url,direct_link,,
gifs,1lupnuk,0,https://i.redd.it/z2vs6574snbf1.gif,post_url,direct_link,,
gifs,1luz4ry,0,https://i.redd.it/5z99n0rskpbf1.gif,post_url,direct_link,,
gifs,1lvso3e,0,https://i.redd.it/9gtqebjklwbf1.gif,post_url,direct_link,,
,1lvso3e,0,https://i.redd.it/78782rrtmwbf1.gif,comment_text,embedded_link,,n28k7yn
gifs,1ltqvho,0,https://i.redd.it/pfinijr1lfbf1.gif,post_url,direct_link,,
gifs,1ltb7cr,0,https://i.redd.it/a6131c77dbbf1.gif,post_url,direct_link,,
gifs,1lvftfk,0,https://i.redd.it/szfzxbl0ytbf1.gif,post_url,direct_link,,
gifs,1lt6fh0,0,https://i.redd.it/ye1ixa7sdabf1.gif,post_url,direct_link,,
,1lt6fh0,0,https://i.redd.it/hxio104i7hbf1.gif,comment_text,embedded_link,,n1tuf72
gifs,1lt286s,0,https://i.redd.it/swxqve03i9bf1.gif,post_url,direct_link,,
gifs,1lsyiir,0,https://i.redd.it/4nnajipgj8bf1.gif,post_url,direct_link,,
gifs,1luss7r,0,https://i.redd.it/30agi2qodobf1.gif,post_url,direct_link,,
,1luss7r,0,https://i.redd.it/fsyg4k6pjobf1.gif,comment_text,embedded_link,,n20iqff
gifs,1lsgzx0,0,https://i.redd.it/9kthftbqp3bf1.gif,post_url,direct_link,,
gifs,1lsmrqr,0,https://i.redd.it/cw6an0r215bf1.gif,post_url,direct_link,,
,1lsmrqr,0,https://i.redd.it/of2ujoclu6bf1.gif,comment_text,embedded_link,,n1l7gkt
gifs,1lsaihn,0,https://i.redd.it/fwyn4p0oa2bf1.gif,post_url,direct_link,,
gifs,1lrwcrc,0,https://i.redd.it/y9l2yix6zxaf1.gif,post_url,direct_link,,
gifs,1ls72z6,0,https://i.redd.it/2qrdvswec1bf1.gif,post_url,direct_link,,
,1ls72z6,0,https://i.imgur.com/MkDA9SD.png),comment_text,embedded_link,,n1gdx0r
gifs,1lrqtk4,0,https://i.redd.it/iz81s8n5pwaf1.gif,post_url,direct_link,,
gifs,1ltc1nw,0,https://media3.giphy.com/media/v1.Y2lkPTc5MGI3NjExamQ5Nm5jcDgweTN2cjNhYTBoNm0ycm44a2VsNzh3NGg3enNjcGxlYiZlcD12MV9pbnRlcm5hbF9naWZfYnlfaWQmY3Q9Zw/jELFu4p4pb0GBgcdY1/giphy.gif,post_url,direct_link,,
gifs,1lrwls6,0,https://i.redd.it/7hkg09lm1yaf1.gif,post_url,direct_link,,
gifs,1lrfnze,0,https://i.redd.it/4mfg6zcs6uaf1.gif,post_url,direct_link,,
gifs,1lrgs8l,0,https://i.redd.it/qvfrosfeiuaf1.gif,post_url,direct_link,,
gifs,1lqxq0z,0,https://i.redd.it/x110s71rhpaf1.gif,post_url,direct_link,,
gifs,1lqqz3l,0,https://i.redd.it/i6ig81sn5oaf1.gif,post_url,direct_link,,
,1lqqz3l,0,https://i.redd.it/1gqtl3gfroaf1.gif,comment_text,embedded_link,,n15he3m
gifs,1lrjdsw,0,https://i.redd.it/2olpe8fe5vaf1.gif,post_url,direct_link,,
gifs,1lqmmno,0,https://i.redd.it/ikkioqhd4naf1.gif,post_url,direct_link,,
gifs,1lqqmzp,0,https://i.redd.it/6r9h10dc3oaf1.gif,post_url,direct_link,,
gifs,1lrzxmq,0,https://i.redd.it/h1iu3lo50zaf1.gif,post_url,direct_link,,
gifs,1lpsscd,0,https://i.redd.it/f3n7n9v8zfaf1.gif,post_url,direct_link,,
gifs,1lpwlv5,0,https://i.redd.it/yry0qzf3wgaf1.gif,post_url,direct_link,,
gifs,1lpssee,0,https://i.redd.it/bq5zo0n9zfaf1.gif,post_url,direct_link,,
gifs,1loree3,0,https://i.redd.it/j21zfc7bl6af1.gif,post_url,direct_link,,
gifs,1lp2o05,0,https://i.redd.it/ftuaxnpys9af1.gif,post_url,direct_link,,
gifs,1loycgf,0,https://i.redd.it/ortnef2ir8af1.gif,post_url,direct_link,,
gifs,1lo4cvr,0,https://i.redd.it/mh6iujqcn1af1.gif,post_url,direct_link,,
gifs,1lo5pe3,0,https://i.redd.it/ypiweeo512af1.gif,post_url,direct_link,,
gifs,1lo8g3m,0,https://i.redd.it/snjq61wjn2af1.gif,post_url,direct_link,,
gifs,1lnq7gg,0,https://i.redd.it/o6eu9kbwpx9f1.gif,post_url,direct_link,,
gifs,1lo4d3o,0,https://i.redd.it/h4ko51cvn1af1.gif,post_url,direct_link,,
gifs,1lmvtoy,0,https://i.redd.it/umajurwz3q9f1.gif,post_url,direct_link,,
gifs,1lnfjbs,0,https://i.redd.it/3c1nbb3niv9f1.gif,post_url,direct_link,,
gifs,1lnbq7k,0,https://i.redd.it/t4w54isliu9f1.gif,post_url,direct_link,,
gifs,1lmjzh7,0,https://i.redd.it/ik48jfa4fn9f1.gif,post_url,direct_link,,
gifs,1lmmtmq,0,https://i.redd.it/fpcr305o6o9f1.gif,post_url,direct_link,,
,1lmmtmq,0,https://www.europeansprings.com/wp-content/uploads/2017/05/train1.jpg,comment_text,embedded_link,,n0a6fvb
gifs,1ln0prx,0,https://i.redd.it/flfloc9f8r9f1.gif,post_url,direct_link,,
gifs,1lo1puz,0,https://i.redd.it/3xf2do3us0af1.gif,post_url,direct_link,,
gifs,1lmnj23,0,https://i.redd.it/y3n0gcnnco9f1.gif,post_url,direct_link,,
gifs,1llqsld,0,https://i.redd.it/d6o717y89g9f1.gif,post_url,direct_link,,
,1llqsld,0,https://en.wikipedia.org/wiki/Dither#/media/File:Composite_image_demonstrating_dithering_effect.png,comment_text,embedded_link,,n07nmkv
,1llqsld,0,https://preview.redd.it/d6o717y89g9f1.gif?width=400&format=mp4&s=4d504368bf40aafdf561835efe4aa94b0ae416ff,comment_text,embedded_link,,n07pj8u
,1llqsld,1,https://preview.redd.it/d6o717y89g9f1.gif?width=400&format=mp4&s=4d504368bf40aafdf561835efe4aa94b0ae416ff),comment_text,embedded_link,,n07pj8u
gifs,1lm3rmx,0,https://i.redd.it/3exlkm741j9f1.gif,post_url,direct_link,,
gifs,1llqvng,0,https://i.redd.it/2yh2wzh7ag9f1.gif,post_url,direct_link,,
gifs,1llf69s,0,https://i.redd.it/fhzgjrfixc9f1.gif,post_url,direct_link,,
,1llf69s,0,https://i.redd.it/p6gnu1zy1f9f1.gif,comment_text,embedded_link,,n00u55d
,1llf69s,0,https://i.redd.it/q05jseabhh9f1.gif,comment_text,embedded_link,,n02pkbt
gifs,1llrwry,0,https://i.redd.it/2fwugcyjkg9f1.gif,post_url,direct_link,,
gifs,1lltdx2,0,https://i.redd.it/z5j251e6vg9f1.gif,post_url,direct_link,,
gifs,1ln7fii,0,https://i.redd.it/wqcisknd3t9f1.gif,post_url,direct_link,,
gifs,1ll1h81,0,https://i.redd.it/frg6kzf47a9f1.gif,post_url,direct_link,,
gifs,1llsltx,0,https://i.redd.it/iysg8ic2rg9f1.gif,post_url,direct_link,,
gifs,1lltcyr,0,https://i.redd.it/pu3byusgxg9f1.gif,post_url,direct_link,,
gifs,1llvpak,0,https://i.redd.it/v53vx2klfh9f1.gif,post_url,direct_link,,
gifs,1ln7xou,0,https://i.redd.it/wegqc9v59t9f1.gif,post_url,direct_link,,
gifs,1ln7icq,0,https://i.redd.it/xwnc2xyd4t9f1.gif,post_url,direct_link,,
gifs,1ll1jsy,0,https://i.redd.it/bhw6wjxl7a9f1.gif,post_url,direct_link,,
gifs,1ll3lv8,0,https://i.redd.it/5xcxrkf6ma9f1.gif,post_url,direct_link,,
gifs,1lkwygr,0,https://i.redd.it/vkg1l59v399f1.gif,post_url,direct_link,,
gifs,1lm0s2q,0,https://i.redd.it/7x4mvn4nfi9f1.gif,post_url,direct_link,,
gifs,1lk34x4,0,https://i.redd.it/c02aid6g629f1.gif,post_url,direct_link,,
,1lk34x4,0,https://i.imgur.com/u5QFvWt.png),comment_text,embedded_link,,mzrzu5l
gifs,1ljln1n,0,https://i.redd.it/9djoths5nx8f1.gif,post_url,direct_link,,
,1ljln1n,0,https://i.imgur.com/yTucTT7.png),comment_text,embedded_link,,mzno9uz
gifs,1lk2dst,0,https://i.redd.it/o6gpc7ayy19f1.gif,post_url,direct_link,,
gifs,1ljowpv,0,https://i.redd.it/nzv075umay8f1.gif,post_url,direct_link,,
gifs,1lk7fw5,0,https://i.redd.it/vpk4369p439f1.gif,post_url,direct_link,,
,1lk7fw5,0,https://i.redd.it/4shiupump79f1.gif,comment_text,embedded_link,,mzu5bg8
gifs,1ljamuj,0,https://i.redd.it/mc7w0pt9jv8f1.gif,post_url,direct_link,,
gifs,1lj7zre,0,https://i.redd.it/68xx69utvu8f1.gif,post_url,direct_link,,
gifs,1ljcc8o,0,https://i.redd.it/a99dt928wv8f1.gif,post_url,direct_link,,
gifs,1lisgof,0,https://i.redd.it/loz31fqqrq8f1.gif,post_url,direct_link,,
,1lisgof,0,https://i.redd.it/pwq23g8beln21.gif),comment_text,embedded_link,,mzgp1ao
gifs,1li9e5e,0,https://i.redd.it/k9i4v0j7em8f1.gif,post_url,direct_link,,
gifs,1lhzs6n,0,https://i.redd.it/fp0eboxmvj8f1.gif,post_url,direct_link,,
,1lhzs6n,0,https://i.redd.it/3fpc9j78ht8f1.gif,comment_text,embedded_link,,mzgukrx
,1lhzs6n,0,https://i.redd.it/fcjroh57p5bf1.gif,comment_text,embedded_link,,n1kc4rd
,1lhzs6n,0,https://i.redd.it/z84spw2ylk8f1.gif,comment_text,embedded_link,,mz8tlfq
,1lhzs6n,0,https://i.redd.it/slapiu738m8f1.gif,comment_text,embedded_link,,mza7d9m
,1lhzs6n,0,https://i.imgur.com/uZr9EMZ.gif),comment_text,embedded_link,,mz9itpt
,1lhzs6n,0,https://i.redd.it/lnvaeoel1n8f1.gif,comment_text,embedded_link,,mzaon7d
,1lhzs6n,0,https://i.redd.it/186044vyok8f1.gif,comment_text,embedded_link,,mz8wkph
,1lhzs6n,0,https://i.imgur.com/UJupDFn.gif),comment_text,embedded_link,,mz8rvkl
gifs,1lifd4s,0,https://i.redd.it/ifi0khaz7o8f1.gif,post_url,direct_link,,
gifs,1lil5g0,0,https://i.redd.it/vqvpcezxdp8f1.gif,post_url,direct_link,,
gifs,1lihhhk,0,https://i.redd.it/m3vdtbqyoo8f1.gif,post_url,direct_link,,
gifs,1lidgvr,0,https://i.redd.it/gi5hxdqzpn8f1.gif,post_url,direct_link,,
gifs,1lhrouk,0,https://i.redd.it/twxho43o6i8f1.gif,post_url,direct_link,,
,1lhrouk,0,https://i.redd.it/g12ygpgtej8f1.gif,comment_text,embedded_link,,mz7lz2j
gifs,1lha52f,0,https://i.redd.it/j0mh5zw9ad8f1.gif,post_url,direct_link,,
gifs,1lhn3vw,0,https://i.redd.it/2vmm4mld6h8f1.gif,post_url,direct_link,,
gifs,1lijc9x,0,https://i.redd.it/lqbgxj5z1p8f1.gif,post_url,direct_link,,
,1lijc9x,0,https://imgs.xkcd.com/comics/extrapolating.png,comment_text,embedded_link,,mzcgpgn
gifs,1lgc4x1,0,https://i.redd.it/s52ptmtvq48f1.gif,post_url,direct_link,,
gifs,1lg17a2,0,https://i.redd.it/xmanat4rd28f1.gif,post_url,direct_link,,
gifs,1lg84wk,0,https://i.redd.it/tef9fvmkx38f1.gif,post_url,direct_link,,
gifs,1lfzzsl,0,https://i.redd.it/yasmc7ye028f1.gif,post_url,direct_link,,
gifs,1lfbrrp,0,https://i.redd.it/1apc81116w7f1.gif,post_url,direct_link,,
gifs,1lh1ohz,0,https://i.redd.it/6k8u3g26db8f1.gif,post_url,direct_link,,
gifs,1lf6p6z,0,https://i.redd.it/cav296i6uu7f1.gif,post_url,direct_link,,
gifs,1lgvyzb,0,https://i.redd.it/fg8g15ec2a8f1.gif,post_url,direct_link,,
gifs,1lf7v1e,0,https://i.redd.it/xc6t4o3f7v7f1.gif,post_url,direct_link,,
gifs,1leidzp,0,https://i.redd.it/e03k18d93p7f1.gif,post_url,direct_link,,
gifs,1lee821,0,https://i.redd.it/jhnaw45s3o7f1.gif,post_url,direct_link,,
gifs,1ledtxm,0,https://i.redd.it/d7cfk1dnzn7f1.gif,post_url,direct_link,,
gifs,1ldvl1z,0,https://i.redd.it/nwpr4et8bj7f1.gif,post_url,direct_link,,
gifs,1ldofji,0,https://i.redd.it/qwhjp3wcyh7f1.gif,post_url,direct_link,,
gifs,1ldjy3l,0,https://i.redd.it/48r5zjd6wg7f1.gif,post_url,direct_link,,
gifs,1ldxqz8,0,https://i.redd.it/fpfic749qj7f1.gif,post_url,direct_link,,
gifs,1lcury9,0,https://i.redd.it/3fmw5233ya7f1.gif,post_url,direct_link,,
gifs,1lcph7m,0,https://i.redd.it/oslb09jhp97f1.gif,post_url,direct_link,,
gifs,1lcgwgp,0,https://i.redd.it/b5clwhp2277f1.gif,post_url,direct_link,,
gifs,1lc1je0,0,https://i.redd.it/zlj3c32wo37f1.gif,post_url,direct_link,,
gifs,1lbxij3,0,https://i.redd.it/6jwotykpm27f1.gif,post_url,direct_link,,
gifs,1lbehb2,0,https://i.redd.it/ab9l9qeljx6f1.gif,post_url,direct_link,,
gifs,1lb6beh,0,https://i.redd.it/siqjrjgumv6f1.gif,post_url,direct_link,,
gifs,1lbacls,0,https://i.redd.it/vav1ufwjnw6f1.gif,post_url,direct_link,,
gifs,1lavtel,0,https://i.redd.it/9yv0sq2dhs6f1.gif,post_url,direct_link,,
gifs,1lb5u0h,0,https://i.redd.it/l5moif0ghv6f1.gif,post_url,direct_link,,
,1lb5u0h,0,https://i.redd.it/uprf2zdbvw6f1.gif,comment_text,embedded_link,,mxr64cd
gifs,1lcc9x6,0,https://i.redd.it/k4hual13y57f1.gif,post_url,direct_link,,
gifs,1lag6t8,0,https://i.redd.it/qot4jp337p6f1.gif,post_url,direct_link,,
gifs,1lagrth,0,https://i.redd.it/79dehz5lbp6f1.gif,post_url,direct_link,,
gifs,1lacur4,0,https://i.redd.it/cjads20zco6f1.gif,post_url,direct_link,,
gifs,1l9o8jo,0,https://i.redd.it/sw31itegdi6f1.gif,post_url,direct_link,,
gifs,1l9jely,0,https://i.redd.it/0lrqxq928h6f1.gif,post_url,direct_link,,
gifs,1l928cy,0,https://i.redd.it/3t19vn8iqc6f1.gif,post_url,direct_link,,
gifs,1l8tuwt,0,https://i.redd.it/nf0s0a444b6f1.gif,post_url,direct_link,,
gifs,1l8phje,0,https://i.redd.it/egsnh6en2a6f1.gif,post_url,direct_link,,
gifs,1l8f4ok,0,https://i.redd.it/453wl61x076f1.gif,post_url,direct_link,,
gifs,1l853m0,0,https://i.redd.it/1k3vhgsfz46f1.gif,post_url,direct_link,,
gifs,1l7vheb,0,https://i.redd.it/6lv8dz1ow26f1.gif,post_url,direct_link,,
,1l7vheb,0,https://i.redd.it/d1h9bfmv136f1.gif,comment_text,embedded_link,,mwzvr4l
gifs,1l81nkv,0,https://i.redd.it/puvivv6hb46f1.gif,post_url,direct_link,,
gifs,1l96k9u,0,https://i.redd.it/5lst0hjfmd6f1.gif,post_url,direct_link,,
gifs,1l71n0h,0,https://i.redd.it/s604qo54tv5f1.gif,post_url,direct_link,,
gifs,1l770pt,0,https://i.redd.it/xnue1qvp1x5f1.gif,post_url,direct_link,,
,1l770pt,0,https://i.imgur.com/IoJjcKM.gifv),comment_text,embedded_link,,mwuapnf
,1l770pt,1,https://i.imgur.com/zFTXN1M.gifv),comment_text,embedded_link,,mwuapnf
,1l770pt,2,https://i.imgur.com/NIzAIia.gifv),comment_text,embedded_link,,mwuapnf
,1l770pt,3,https://i.imgur.com/GfhFRG9.gifv),comment_text,embedded_link,,mwuapnf
gifs,1l8mn89,0,https://i.redd.it/nmzha0w2596f1.gif,post_url,direct_link,,
gifs,1l6d9rh,0,https://i.redd.it/1ijl6d6opp5f1.gif,post_url,direct_link,,
gifs,1l69kq9,0,https://i.redd.it/srz51m52ro5f1.gif,post_url,direct_link,,
gifs,1l7qdyn,0,https://i.redd.it/b6pus84y716f1.gif,post_url,direct_link,,
gifs,1l7btfp,0,https://files.catbox.moe/xsao5n.gif,post_url,direct_link,,
gifs,1l5mb5u,0,https://i.redd.it/wfl78sxyni5f1.gif,post_url,direct_link,,
gifs,1l5t0ga,0,https://i.redd.it/j5aba65i3k5f1.gif,post_url,direct_link,,
gifs,1l5hw4x,0,https://i.redd.it/k15nok7vhh5f1.gif,post_url,direct_link,,
gifs,1l4u6la,0,https://i.redd.it/lrgmpim4kb5f1.gif,post_url,direct_link,,
gifs,1l4vgjc,0,https://i.redd.it/quisgp7ftb5f1.gif,post_url,direct_link,,
,1l4vgjc,0,https://i.redd.it/eamvi2x50e5f1.gif,comment_text,embedded_link,,mweet4g
gifs,1l4pdk4,0,https://i.redd.it/hbmidlwdea5f1.gif,post_url,direct_link,,
gifs,1l45psg,0,https://i.redd.it/zwn1y7whc55f1.gif,post_url,direct_link,,
gifs,1l406mj,0,https://i.redd.it/mh9mgkdf945f1.gif,post_url,direct_link,,
gifs,1l3w6i9,0,https://i.redd.it/n2odumn3a35f1.gif,post_url,direct_link,,
gifs,1l50pn1,0,https://i.redd.it/oqm9yhufvc5f1.gif,post_url,direct_link,,
gifs,1l32c4i,0,https://i.redd.it/0hk3fjre3w4f1.gif,post_url,direct_link,,
gifs,1l4kayi,0,https://i.redd.it/j3rwgwp3p85f1.gif,post_url,direct_link,,
gifs,1l37fm2,0,https://i.redd.it/lz5gzitxax4f1.gif,post_url,direct_link,,
gifs,1l2d9o5,0,https://i.imgur.com/dX0xEto.gifv,post_url,direct_link,,
gifs,1l2neoh,0,https://i.redd.it/q2kweccj1s4f1.gif,post_url,direct_link,,
gifs,1l2a4qe,0,https://i.redd.it/kv2xk7i1dp4f1.gif,post_url,direct_link,,
gifs,1l3rv9a,0,https://i.redd.it/8rzj8x5tu15f1.gif,post_url,direct_link,,
gifs,1l23ff3,0,https://i.redd.it/4a7krvxp8n4f1.gif,post_url,direct_link,,
gifs,1l28l1x,0,https://i.redd.it/lovcdd5sxo4f1.gif,post_url,direct_link,,
gifs,1l23guu,0,https://i.redd.it/5tr3d09a9n4f1.gif,post_url,direct_link,,
gifs,1l1exzh,0,https://i.redd.it/5g8nkbiavh4f1.gif,post_url,direct_link,,
gifs,1l1jm3t,0,https://i.redd.it/tijj9cfwyi4f1.gif,post_url,direct_link,,
gifs,1l1gi04,0,https://i.redd.it/r5xwfpx7ai4f1.gif,post_url,direct_link,,
,1l1gi04,0,https://i.redd.it/yndl3xzbai4f1.gif,comment_text,embedded_link,,mvkqzra
gifs,1l2x6ns,0,https://i.redd.it/3mjxp1loeu4f1.gif,post_url,direct_link,,
gifs,1l1eoo4,0,https://i.redd.it/qih715ygsh4f1.gif,post_url,direct_link,,
gifs,1l0pys6,0,https://i.redd.it/z1lonjzeqb4f1.gif,post_url,direct_link,,
gifs,1l0m9x8,0,https://i.redd.it/oshwact5sa4f1.gif,post_url,direct_link,,
gifs,1l2kjtk,0,https://i.redd.it/4zlhe2kvhr4f1.gif,post_url,direct_link,,
gifs,1kzz19h,0,https://i.redd.it/1jjwnjtss44f1.gif,post_url,direct_link,,
gifs,1kzxyky,0,https://i.redd.it/mvdhkcrfk44f1.gif,post_url,direct_link,,
gifs,1l1cst1,0,https://i.redd.it/brc2jtuf6h4f1.gif,post_url,direct_link,,
gifs,1l09xwt,0,https://i.imgur.com/TGQwe5n.gifv,post_url,direct_link,,
gifs,1l19xfq,0,https://i.redd.it/xw5c2rkq8g4f1.gif,post_url,direct_link,,
gifs,1kz5j34,0,https://i.redd.it/1p5gdo0bix3f1.gif,post_url,direct_link,,
gifs,1kz1607,0,https://i.redd.it/ju80zik4gw3f1.gif,post_url,direct_link,,
gifs,1kyhvim,0,https://i.redd.it/b1xlz5f8ir3f1.gif,post_url,direct_link,,
gifs,1kygaax,0,https://i.redd.it/0gazgmb27r3f1.gif,post_url,direct_link,,
gifs,1kyeag4,0,https://i.imgur.com/acl68wG.gifv,post_url,direct_link,,
gifs,1ky7o9e,0,https://i.imgur.com/nDy9VOt.gifv,post_url,direct_link,,
gifs,1kxngwj,0,https://i.redd.it/32nf51168k3f1.gif,post_url,direct_link,,
gifs,1kxdwpz,0,https://i.imgur.com/kvWIPpb.gifv,post_url,direct_link,,
gifs,1kxiab6,0,https://i.imgur.com/nhEkZcl.gifv,post_url,direct_link,,
gifs,1kx6kfg,0,https://i.redd.it/zon00yszuf3f1.gif,post_url,direct_link,,
,1kx6kfg,0,https://i.redd.it/to24os6c2m3f1.gif,comment_text,embedded_link,,musltoo
gifs,1kx0ub1,0,https://i.redd.it/iasz3xzuhe3f1.gif,post_url,direct_link,,
gifs,1kwovq3,0,https://i.imgur.com/IrfxNj7.gifv,post_url,direct_link,,
gifs,1kw61bh,0,https://i.redd.it/oaecevaz173f1.gif,post_url,direct_link,,
gifs,1kwk5g1,0,https://i.imgur.com/3b3qfeD.gifv,post_url,direct_link,,
gifs,1kvj5mr,0,https://i.imgur.com/ucF12Q1.gifv,post_url,direct_link,,
,1kvj5mr,0,https://i.redd.it/3rly4amyt43f1.gif,comment_text,embedded_link,,muccmy0
,1kvj5mr,0,https://i.imgur.com/kbxXaz1.mp4,comment_text,embedded_link,,mue10uc
gifs,1kvvfmg,0,https://i.imgur.com/ZrX5GBK.gifv,post_url,direct_link,,
gifs,1kvrcak,0,https://i.imgur.com/EMMZpv1.gifv,post_url,direct_link,,
gifs,1kverpm,0,https://i.redd.it/b8c5te63703f1.gif,post_url,direct_link,,
gifs,1kv3nsz,0,https://i.imgur.com/pfev4YA.gifv,post_url,direct_link,,
