subreddit,post_id,comment_id,image_index,image_url,image_source,image_type,media_id
,1non2fq,nftct65,0,https://i.imgur.com/A1iDz2Z.gif,comment_text,embedded_link,
,1nk1s8q,neuul88,0,https://i.imgur.com/Zl9smB8.png,comment_text,embedded_link,
,1nk1s8q,neuul88,1,https://i.imgur.com/Zl9smB8.png),comment_text,embedded_link,
,1nhjc55,neejs57,0,https://preview.redd.it/2024-model-3-rear-door-manual-release-v0-f15c5xlwab1e1.jpeg?auto=webp&s=52731cdbbd4372f19620c343d0d106778a828274),comment_text,embedded_link,
,1nfxnv6,ne0hfx6,0,https://i.imgur.com/0WJr24n.mp4,comment_text,embedded_link,
,1nfxnv6,ne0hfx6,1,https://i.imgur.com/0WJr24n.mp4),comment_text,embedded_link,
,1n3hpon,nbf2qzq,0,https://preview.redd.it/0eff5xw8dtce1.png?width=945&auto=webp&s=453b1c21f1cbabb8c76976f88744faedb18397b6),comment_text,embedded_link,
,1n37xfp,nbc3bia,0,https://i.imgur.com/ozKlD7k.mp4,comment_text,embedded_link,
,1n37xfp,nbc3bia,1,https://i.imgur.com/ozKlD7k.mp4),comment_text,embedded_link,
,1mzfaqx,nal1ltv,0,https://i.imgur.com/eHW4NyQ.gif,comment_text,embedded_link,
,1mx0i24,na2red2,0,https://preview.redd.it/mus8acd0rvbf1.png?width=1500&format=png&auto=webp&s=1e80ba51df8d30117a9875023f05384c407d1e88,comment_text,embedded_link,
