subreddit,post_id,post_title,post_score,post_url,post_content_url,post_text,timestamp,post_upvote_ratio,post_ups,post_total_awards_received,post_link_flair_text,post_author,post_num_comments,has_images,num_images,is_gallery,content_type
WesternU,12p2lmp,Anyone looking for a roomie at western????,2,https://reddit.com/r/WesternU/comments/12p2lmp/anyone_looking_for_a_roomie_at_western/,https://www.reddit.com/r/WesternU/comments/12p2lmp/anyone_looking_for_a_roomie_at_western/,"
I’m doing med sci or health sci as an undergrad",1681707055.0,1.0,2,0,,Specific-Check7872,2,False,0,False,text
WesternU,12fi6k7,better pre med route 🤔,2,https://reddit.com/r/WesternU/comments/12fi6k7/better_pre_med_route/,https://www.reddit.com/r/WesternU/comments/12fi6k7/better_pre_med_route/,"Rethinking my life choices atm

[View Poll](https://www.reddit.com/poll/12fi6k7)",1680950549.0,1.0,2,0,,Purple_Character6184,0,False,0,False,text
WesternU,12dvo59,western vs. usask mph?,3,https://reddit.com/r/WesternU/comments/12dvo59/western_vs_usask_mph/,https://www.reddit.com/r/WesternU/comments/12dvo59/western_vs_usask_mph/,i got accepted into both usask and western masters of public health. i’m not sure which one to choose. does anyone have any experience about either and which one would you recommend?,1680810481.0,1.0,3,0,,OwnButterscotch4039,1,False,0,False,text
WesternU,12bmcep,transfer to western,1,https://reddit.com/r/WesternU/comments/12bmcep/transfer_to_western/,https://www.reddit.com/r/WesternU/comments/12bmcep/transfer_to_western/,"Interested in transferring to western engineering from york engineering. Ive only finished first year.

Any help regarding the process would be nice.",1680621738.0,1.0,1,0,,Far-Ask-9746,0,False,0,False,text
WesternU,11mj5tr,Do Western admissions officers care if I took a pre requisite more than once?,1,https://reddit.com/r/WesternU/comments/11mj5tr/do_western_admissions_officers_care_if_i_took_a/,https://www.reddit.com/r/WesternU/comments/11mj5tr/do_western_admissions_officers_care_if_i_took_a/,"Hello,
I’m a mature student that didn’t do too well in high school, so now I am retaking courses at an adult school for better grades. Will this affect my chances when I go to apply in October (btw I’m applying for the collaborative nursing program with Fanshawe and Western)?",1678337659.0,1.0,1,0,,Melodic_Rabbit7187,0,False,0,False,text
WesternU,1107jdo,Is there an interview to get admission in Masters in Computer Science (Course Based) in western university,1,https://reddit.com/r/WesternU/comments/1107jdo/is_there_an_interview_to_get_admission_in_masters/,https://www.reddit.com/r/WesternU/comments/1107jdo/is_there_an_interview_to_get_admission_in_masters/,,1676177953.0,1.0,1,0,,AccordingAd9703,0,False,0,False,text
WesternU,10tzibv,Midterm season is here… Jesus take the wheel 🙏,2,https://reddit.com/r/WesternU/comments/10tzibv/midterm_season_is_here_jesus_take_the_wheel/,https://youtu.be/2c6GKm2Ou6U,,1675566937.0,1.0,2,0,,[deleted],0,False,0,False,text
WesternU,10qgndk,MPH,3,https://reddit.com/r/WesternU/comments/10qgndk/mph/,https://www.reddit.com/r/WesternU/comments/10qgndk/mph/,"Is there anyone who has applied for Sept 23 for MPH. Or anyone who is currently studying for MPH in western.

I've some doubts can I share?",1675214671.0,1.0,3,0,,Ddhwani95,0,False,0,False,text
WesternU,zybfgj,"What are your views of clothing? Survey (19-29, Canada) [Academic]",1,https://reddit.com/r/WesternU/comments/zybfgj/what_are_your_views_of_clothing_survey_1929/,https://www.reddit.com/r/WesternU/comments/zybfgj/what_are_your_views_of_clothing_survey_1929/,"Hi there! I am looking for volunteers to complete a one-time survey that explores how the COVID-19 pandemic has affected the use of fashion as a mood enhancer and its impact on mental health.

The survey is anonymous and will take approximately 15 to 20 minutes to complete. To participate, you must be between the ages of 18 and 29 and living in Canada. The study is linked here: [https://uleth.qualtrics.com/jfe/form/SV\_5sQTmPzEwUo5UJ8?Q\_CHL=social&Q\_SocialSource=reddit](https://uleth.qualtrics.com/jfe/form/SV_5sQTmPzEwUo5UJ8?Q_CHL=social&Q_SocialSource=reddit)

This study has been approved by a Research Ethics Board (Pro00125715) at the University of Alberta. Thank you for your time. I welcome you to share this study link with others who may be interested in participating.",1672336138.0,1.0,1,0,,studyonclothing,0,False,0,False,text
WesternU,ztfu7e,MCAT study group canada?,2,https://reddit.com/r/WesternU/comments/ztfu7e/mcat_study_group_canada/,https://www.reddit.com/r/WesternU/comments/ztfu7e/mcat_study_group_canada/,Anyone interested in starting an online study group with meet ups via zoom for studying motivation?,1671803238.0,1.0,2,0,,BeeProfessional4630,2,False,0,False,text
WesternU,zeig23,Volunteers needed for Canada-wide research study on Kegel exercises in women aged 18-40!,1,https://reddit.com/r/WesternU/comments/zeig23/volunteers_needed_for_canadawide_research_study/,https://www.reddit.com/r/WesternU/comments/zeig23/volunteers_needed_for_canadawide_research_study/,"Researchers at the University of Ottawa are seeking Canadian volunteers for an **online** study on Kegel exercises in women aged 18-40.

**Please visit this link for more information!:** https://uottawapsy.az1.qualtrics.com/jfe/form/SV\_6GdMWiu9wkkxUBo 

https://preview.redd.it/1in29fq6hc4a1.png?width=1728&format=png&auto=webp&s=badefd8f8ec4510e8d6b9d9b0bc8c12992de1cad",1670361630.0,1.0,1,0,,KegelStudy,0,True,1,False,text
WesternU,z9bll7,Review your University experience!,1,https://reddit.com/r/WesternU/comments/z9bll7/review_your_university_experience/,https://www.eduopinions.com/write-your-review/?ref=VaA,,1669862084.0,1.0,1,0,,[deleted],0,False,0,False,text
WesternU,w4wqx4,HNP Ontario Eco Career Panel,2,https://reddit.com/r/WesternU/comments/w4wqx4/hnp_ontario_eco_career_panel/,https://www.reddit.com/r/WesternU/comments/w4wqx4/hnp_ontario_eco_career_panel/,"Dear Eco-Enthusiast,

I hope you are doing well. My name is Jacklynn and I am a General Committee Member at The Human Nature Projects (""HNP"") Ontario. We are a federally registered, youth-led, environmental non-profit organization dedicated to working against the climate crisis. Our goal is to connect with the youth and work together to fight climate change. We aim to educate communities, provinces and nations of the consequences climate change brings us. Together we can provide solutions to prolong the effects of climate change.

I'm writing today to invite you to an Eco-Career Panel taking place virtually on July 24th from 5:00 PM - 6:30 PM. This panel will work to educate students on the various occupations and career pathways within the environmental industry. This event is an excellent opportunity to connect with some of our amazing guest speakers, including Lisa Chen, Chris Kallick, and Josh Dewitt. As well as learn more about each of their journeys and experiences in their careers. Take this opportunity to ask questions and interact with professionals in the environmental field working to combat climate change! 

In addition, by attending our webinar you can get **3 volunteer hours.** If you are interested, please sign-up through this link here! **\[**[**https://docs.google.com/forms/d/e/1FAIpQLScZdm4o1m6hj0GCaxWXZERGADNWmS6UbUNDERvFi9HUiUkqeA/viewform**](https://docs.google.com/forms/d/e/1FAIpQLScZdm4o1m6hj0GCaxWXZERGADNWmS6UbUNDERvFi9HUiUkqeA/viewform)**\]**. We hope to see you there on July 24th! Best regards, Jacklynn, General Committee Member.",1658450639.0,1.0,2,0,,HNP-Ontario,1,False,0,False,text
WesternU,vjqm5v,What is your worst student housing or roommate experience?,1,https://reddit.com/r/WesternU/comments/vjqm5v/what_is_your_worst_student_housing_or_roommate/,https://www.reddit.com/r/WesternU/comments/vjqm5v/what_is_your_worst_student_housing_or_roommate/,"Hi there! We are a group of McMaster
University students looking to build a tool to
make finding housing and/or roommates less
cumbersome for YOU!
Feel free to vent about your experience below
We are listening!!
We kindly ask that you complete our short
survey and assist us to learn more about the
process of finding housing and develop a new
solution to this exhausting problem. We
estimate that this will take between 5-10
minutes. We appreciate your time!

https://docs.google.com/forms/d/e/1FAIpQLSd7wKQuWHaAWquDPn7zo0C3rvBM_KXTp1OoVcnWm4csPgqz2g/viewform?usp=embed_facebook",1656083317.0,1.0,1,0,,housinghelp23,0,False,0,False,text
WesternU,vcehtn,WESTERN PATIO GC,1,https://reddit.com/r/WesternU/comments/vcehtn/western_patio_gc/,https://www.reddit.com/r/WesternU/comments/vcehtn/western_patio_gc/,Hey guys!! Can someone please send me the Western patio Gc code for the class of 2026,1655243280.0,1.0,1,0,,Ok_Debate2329,0,False,0,False,text
WesternU,v2rx35,Honest opinions about western and their nursing program,3,https://reddit.com/r/WesternU/comments/v2rx35/honest_opinions_about_western_and_their_nursing/,https://www.reddit.com/r/WesternU/comments/v2rx35/honest_opinions_about_western_and_their_nursing/,I just accepted my offer to the collaborative western-Fanshawe nursing program and I’m excited beyond belief but I’ve been hearing mix reviews. Most of the negative reviews I’ve been hearing are coming from the nursing students at the main western site. I would like to know just a few things. Is western really as much of a party school as everyone says it is? Does that make it hard to focus? Is Fanshawe a party school? How are the nursing programs for each schools? What year does Fanshawe clinical placements start?,1654118774.0,1.0,3,0,,Evening-Broccoli-182,4,False,0,False,text
WesternU,v257sa,Bachelors degree mostly online?,1,https://reddit.com/r/WesternU/comments/v257sa/bachelors_degree_mostly_online/,https://www.reddit.com/r/WesternU/comments/v257sa/bachelors_degree_mostly_online/,"I'm looking to potentially take a post grad degree for a bachelors of education, but I'd really rather not have to live right near campus, though i can drive for tests and such. For anybody who's taken a bachelors of education here, or for anyone who's taken classes here: how good are profs at putting lectures online even if it's just a recording of them giving the lectures? Is that a normal thing to do or is it uncommon?",1654046266.0,1.0,1,0,,Eggshall123,0,False,0,False,text
WesternU,v20ag0,Nursing compressed program,1,https://reddit.com/r/WesternU/comments/v20ag0/nursing_compressed_program/,https://www.reddit.com/r/WesternU/comments/v20ag0/nursing_compressed_program/,I just received an offer of admission for the compressed program. Is there’s a WhatsApp group or discord group for it?,1654031601.0,0.99,1,0,,TrainerLower2448,7,False,0,False,text
WesternU,uz867k,I am applying for the Western-Fanshawe collaborative Nursing course and I have some questions.,2,https://reddit.com/r/WesternU/comments/uz867k/i_am_applying_for_the_westernfanshawe/,https://www.reddit.com/r/WesternU/comments/uz867k/i_am_applying_for_the_westernfanshawe/,"Is it possible/allowed that I am able to live at the western residence whilst also attending Fanshawe for my first two years of Nursing? 
Like I know it may be inconvenient because of the distance from the campuses, but I’m just curious for now.",1653686540.0,1.0,2,0,,Erect-Frog,1,False,0,False,text
WesternU,urnrlp,"Kin, psych, health sci",1,https://reddit.com/r/WesternU/comments/urnrlp/kin_psych_health_sci/,https://www.reddit.com/r/WesternU/comments/urnrlp/kin_psych_health_sci/,"Hey. 

I got accepted into kinesiology, psychology and health sciences at western. I'm looking to get some insight on the programs including their difficulty levels and their possible pathways. Would you recommend these programs to someone thinking of going into the medical field? And also if you could just give some generic info on Western itself I'd really appreciate that - how are the profs? Community? Environment?",1652797898.0,1.0,1,0,,misspolo1,1,False,0,False,text
WesternU,undggq,When is westerns next round?,1,https://reddit.com/r/WesternU/comments/undggq/when_is_westerns_next_round/,https://www.reddit.com/r/WesternU/comments/undggq/when_is_westerns_next_round/,"Hey y’all! I’ve heard western has one more round and it is in may, since they send one round every month! And I am wondering when the next round is if anyone knows? Waiting to get into BMOS",1652285599.0,1.0,1,0,,[deleted],4,False,0,False,text
WesternU,ulvfn4,Safety Crisis at WesternU,2,https://reddit.com/r/WesternU/comments/ulvfn4/safety_crisis_at_westernu/,https://www.reddit.com/r/WesternU/comments/ulvfn4/safety_crisis_at_westernu/,"so recently I've decided to start trying to gather signatures to help support me in trying to increase safety at western. after doing research, I have found that close to 70% of female western students have been sexually assaulted. hearing such a strong number like this is absolutely heartbreaking and I want to put a stop to it! by signing my petition you are helping me to fight for; protective coverings for drinks at all westernu bars, increase in foot patrol during the day and night, as well as ensuring any parties through the school have sophs there to increase safety as well as mandating drink coverings at these events.  this is a super important issue to me and many other students, I want to help to make a difference and fight for the current and future students:) thanks!! [https://chng.it/mWBf4ffG](https://chng.it/mWBf4ffG)",1652114523.0,1.0,2,0,,sydstae,4,False,0,False,text
WesternU,uc7xza,Anyone Coming to MDA program class of 2023?,1,https://reddit.com/r/WesternU/comments/uc7xza/anyone_coming_to_mda_program_class_of_2023/,https://www.reddit.com/r/WesternU/comments/uc7xza/anyone_coming_to_mda_program_class_of_2023/,"I'm admitted, wanna know the employment rates, reply if you would like to share something!",1650962576.0,1.0,1,0,,Stanley_Chen,0,False,0,False,text
WesternU,sg51de,Transfer.,0,https://reddit.com/r/WesternU/comments/sg51de/transfer/,https://www.reddit.com/r/WesternU/comments/sg51de/transfer/,Hello guys I was wondering what kind of GPA do you need to transfer to western Econ program? I am a college student outside of Ontario and I have a 2.79 gpa currently.. I am really worried that I won’t be able to transfer to a 4 year university. But I am shooting my shot and asking to see if anyone can help.,1643532806.0,0.33,0,0,,[deleted],0,False,0,False,text
WesternU,nquwmr,Western University Ivey Program.,1,https://reddit.com/r/WesternU/comments/nquwmr/western_university_ivey_program/,https://www.reddit.com/r/WesternU/comments/nquwmr/western_university_ivey_program/,What would make my resume look amazing to ensure that I get into the western Ivey program. Other than my marks what should I make sure I am doing?,1622664179.0,1.0,1,0,,Sydneysssssss,0,False,0,False,text
WesternU,nnbm6w,"Which is better, Western University BMOS or Guelph university commerce?",1,https://reddit.com/r/WesternU/comments/nnbm6w/which_is_better_western_university_bmos_or_guelph/,https://www.reddit.com/r/WesternU/comments/nnbm6w/which_is_better_western_university_bmos_or_guelph/,which one is better,1622248409.0,1.0,1,0,,Sydneysssssss,0,False,0,False,text
WesternU,nn5an6,"Which is better, Western University BMOS or Guelph university commerce?",1,https://reddit.com/r/WesternU/comments/nn5an6/which_is_better_western_university_bmos_or_guelph/,https://www.reddit.com/r/WesternU/comments/nn5an6/which_is_better_western_university_bmos_or_guelph/,Which school is better?,1622229347.0,1.0,1,0,,Sydneysssssss,0,False,0,False,text
WesternU,nl6z21,Western Bmos (no AEO) or Laurier BBA?,3,https://reddit.com/r/WesternU/comments/nl6z21/western_bmos_no_aeo_or_laurier_bba/,https://www.reddit.com/r/WesternU/comments/nl6z21/western_bmos_no_aeo_or_laurier_bba/,,1621998585.0,1.0,3,0,,Dwhiite,0,False,0,False,text
WesternU,nis0db,Western BMOS or Guelph commerce co-op,1,https://reddit.com/r/WesternU/comments/nis0db/western_bmos_or_guelph_commerce_coop/,https://www.reddit.com/r/WesternU/comments/nis0db/western_bmos_or_guelph_commerce_coop/,What university is better?,1621717263.0,1.0,1,0,,Sydneysssssss,0,False,0,False,text
WesternU,ni4719,Is BMOS better than Guelph Commerce?,2,https://reddit.com/r/WesternU/comments/ni4719/is_bmos_better_than_guelph_commerce/,https://www.reddit.com/r/WesternU/comments/ni4719/is_bmos_better_than_guelph_commerce/,I have no idea which school to go to any advice?,1621634936.0,1.0,2,0,,Sydneysssssss,0,False,0,False,text
WesternU,ne35t3,Israel Strikes Hamas Gaza 2021 Israel Palestine Conflict,0,https://reddit.com/r/WesternU/comments/ne35t3/israel_strikes_hamas_gaza_2021_israel_palestine/,https://www.youtube.com/watch?v=iYIAwbK9Yjg,,1621214519.0,0.5,0,0,,PanicPlane9463,0,False,0,False,text
WesternU,mqfbbx,CAM admissions,1,https://reddit.com/r/WesternU/comments/mqfbbx/cam_admissions/,https://www.reddit.com/r/WesternU/comments/mqfbbx/cam_admissions/,I'll be applying for the CAM program next year and was wondering about admissions requirements other than grades. I've heard that you need an essay of some sort but that isn't listed on the website. Going by the Gr 12 classes I have taken this year so far my average should be in the high 80 - low 90 range so I believe grades should not be too big of an issue.,1618360220.0,0.99,1,0,,Cpt_Degenerate,0,False,0,False,text
WesternU,m31ajs,Commercial aviation management,1,https://reddit.com/r/WesternU/comments/m31ajs/commercial_aviation_management/,https://www.reddit.com/r/WesternU/comments/m31ajs/commercial_aviation_management/,Hi did anyone this year get admitted to the commercial aviation management program at Western university this year?,1615498242.0,1.0,1,0,,Puzzleheaded-Motor45,6,False,0,False,text
WesternU,gcyymw,Admissions,2,https://reddit.com/r/WesternU/comments/gcyymw/admissions/,https://www.reddit.com/r/WesternU/comments/gcyymw/admissions/,Can I get into western U science program with an 83% overall average ?,1588542535.0,0.76,2,0,,ashkodii,0,False,0,False,text
WesternU,7b2uzc,Chem 1301 Midterm Average...43%?,1,https://reddit.com/r/WesternU/comments/7b2uzc/chem_1301_midterm_average43/,https://www.reddit.com/submit?selftext=true,,1509942353.0,1.0,1,0,,westernmainz,0,False,0,False,text
WesternU,6yy3xp,card,1,https://reddit.com/r/WesternU/comments/6yy3xp/card/,https://www.reddit.com/r/WesternU/comments/6yy3xp/card/,"Hello everyone , We launched new Carding and Hacking forum www.cardvilla.net which is 100% Free to join and you can get free credit cards, paypal, SMTP, RDP, Webmail, Mailer, Porn account, Dumps, Hacking and Carding Tutorials, and we are also doing Western Union money tranfer and Electronics Shipment and much more you cant even imagine so join now for free and enjoy all free stuffs.
.
www.cardvilla.net",1504909941.0,1.0,1,0,,danieltravis1111,0,False,0,False,text
WesternU,6yy1un,card,1,https://reddit.com/r/WesternU/comments/6yy1un/card/,https://www.reddit.com/r/WesternU/comments/6yy1un/card/,"Hello everyone , We launched new Carding and Hacking forum www.cardvilla.net which is 100% Free to join and you can get free credit cards, paypal, SMTP, RDP, Webmail, Mailer, Porn account, Dumps, Hacking and Carding Tutorials, and we are also doing Western Union money tranfer and Electronics Shipment and much more you cant even imagine so join now for free and enjoy all free stuffs.
.
www.cardvilla.net",1504909310.0,1.0,1,0,,derrickbarkerr,0,False,0,False,text
WesternU,6yv1uj,card,1,https://reddit.com/r/WesternU/comments/6yv1uj/card/,https://www.reddit.com/r/WesternU/comments/6yv1uj/card/,"Hello everyone , We launched new Carding and Hacking forum www.cardvilla.net which is 100% Free to join and you can get free credit cards, paypal, SMTP, RDP, Webmail, Mailer, Porn account, Dumps, Hacking and Carding Tutorials, and we are also doing Western Union money tranfer and Electronics Shipment and much more you cant even imagine so join now for free and enjoy all free stuffs.
.
www.cardvilla.net",1504880375.0,1.0,1,0,,melissamars1234,0,False,0,False,text
WesternU,6eszmo,BMSC! Selecting modules!,1,https://reddit.com/r/WesternU/comments/6eszmo/bmsc_selecting_modules/,https://www.reddit.com/r/WesternU/comments/6eszmo/bmsc_selecting_modules/,"Hey! So I am going into 3rd year soon! I am between doing a double major in medical cell bio and phys or doing IMS. I wanted to know your thoughts on doing double majors and whether they are worth it. I want to go into med school (I am one of those), but I also want to have a back up plan which may allow me to have work options once I am done uni? Thoughts? Should I do the double major and try to get into an honours spec the year after or was IMS a good choice. Or tell me about your experience in other honours spec programs?",1496389611.0,1.0,1,0,,Daffyduckmed,0,False,0,False,text
WesternU,69mimv,Queens vs. Western,1,https://reddit.com/r/WesternU/comments/69mimv/queens_vs_western/,https://www.reddit.com/r/WesternU/comments/69mimv/queens_vs_western/,"I'm seriously considering all three schools for undergrad (a BA) and I'm leaning towards Queens. I've heard great things about the school and Kingston but I'm worried because I'm coming from a school/neighbourhood that sends a lot of kids to Queens. I know its a huge school but I'm worried about the people. I came from a pretty clique-y highschool where everyone went to parties but only certain groups were invited to ""cool""/""fun"" parties. My main concern with Queens is that since so many people from my neighbourhood go in big groups that it will be similar to my high school in the way that its clique-y and only certain people get to go to certain parties. I know Western is an even bigger school but if anyone can compare the party scene at each that would be great! ",1494093133.0,1.0,1,0,,futureunistudent18,0,False,0,False,text
WesternU,490e20,"6, 6A and 13 buses no longer stopping on campus",1,https://reddit.com/r/WesternU/comments/490e20/6_6a_and_13_buses_no_longer_stopping_on_campus/,http://www.westerngazette.ca/news/university-bridge-closed-to-buses-for-foreseeable-future/article_8ebf77bc-e268-11e5-a29e-b3b6aa38b355.html,,1457140836.0,1.0,1,0,,hamzaatgazette,0,False,0,False,text
WesternU,3po6b1,uwp,1,https://reddit.com/r/WesternU/comments/3po6b1/uwp/,https://www.reddit.com/r/WesternU/comments/3po6b1/uwp/,"for urban water partners, how was the days of AR (45 days) found? which numbers were used?",1445454625.0,1.0,1,0,,helpmeplz1995,1,False,0,False,text
WesternU,3pktr0,FREAK OUT: recruiting & careers,1,https://reddit.com/r/WesternU/comments/3pktr0/freak_out_recruiting_careers/,https://www.reddit.com/r/WesternU/comments/3pktr0/freak_out_recruiting_careers/,I don't have a clue what i want to do and it feels like recruitments just around the corner? I feel like I have no time to really think about any of this with midterms.....,1445392947.0,0.67,1,0,,hahahahahabbb,0,False,0,False,text
WesternU,3pksc8,"Social/academic anxiety, anyone?",1,https://reddit.com/r/WesternU/comments/3pksc8/socialacademic_anxiety_anyone/,https://www.reddit.com/r/WesternU/comments/3pksc8/socialacademic_anxiety_anyone/,Ivey is still overwhelming to me. Sturby said we'd figure it out at the end of September.. but its mid Oct & I don't feel like I have a handle on anything some days haha,1445392329.0,0.67,1,0,,hahahahahabbb,0,False,0,False,text
WesternU,3pkqw4,Tips for Contribution,1,https://reddit.com/r/WesternU/comments/3pkqw4/tips_for_contribution/,https://www.reddit.com/r/WesternU/comments/3pkqw4/tips_for_contribution/,"I get SO flustered when I get picked that I cant even hear myself contribute sometimes. So SPILL, how do you time your contributions? How do you get teachers attention? How do you structure/plan the content? Any tips/pieces of advice?

be funny - be serious - dont be rude ",1445391712.0,0.67,1,0,,hahahahahabbb,0,False,0,False,text
WesternU,3pkh95,LPO,1,https://reddit.com/r/WesternU/comments/3pkh95/lpo/,https://www.reddit.com/r/WesternU/comments/3pkh95/lpo/,"Here's a forum for all your LPO related questions, concerns and comments! Couple of rules to keep in mind when posting in this forum:

1) This is a safe-forum so absolutely no derogatory comments are allowed.

2) After a question has been posted, other peers will have a chance to reply the comment with their input. If you wish to get your question addressed by our Prof; please put in brackets (Prof) in your question. I will direct the question to him for the following class.

3) For concerns or comments for the profs, please also have ""(Prof)"" in your comment as well and I will address the comments or concerns to the prof if you wish to stay anonymous. Let's keep the comments constructive!

4) Please keep the comments STRICTLY LPO related as we want to keep this forum as streamlined as possible",1445387530.0,0.67,1,0,,hahabeep,0,False,0,False,text
WesternU,3pivoy,Dr. Persson AMA about FinFun,3,https://reddit.com/r/WesternU/comments/3pivoy/dr_persson_ama_about_finfun/,https://www.reddit.com/r/WesternU/comments/3pivoy/dr_persson_ama_about_finfun/,Straight from room 2129 to your home! [Your humble accountant.](http://www.ivey.uwo.ca/cmsmedia/1243157/martin-persson.jpg),1445365450.0,0.72,3,0,,DrPersson,52,False,0,False,text
WesternU,3pkdr4,DWA,1,https://reddit.com/r/WesternU/comments/3pkdr4/dwa/,https://www.reddit.com/r/WesternU/comments/3pkdr4/dwa/,"Here's a forum for all your DWA related questions, concerns and comments! Couple of rules to keep in mind when posting in this forum:

1) This is a safe-forum so absolutely no derogatory comments are allowed.

2) After a question has been posted, other peers will have a chance to reply the comment with their input. If you wish to get your question addressed by our Prof; please put in brackets (Prof) in your question. I will direct the question to him for the following class.

3) For concerns or comments for the profs, please also have ""(Prof)"" in your comment as well and I will address the comments or concerns to the prof if you wish to stay anonymous. Let's keep the comments constructive!

4) Please keep the comments STRICTLY DWA related as we want to keep this forum as streamlined as possible",1445386012.0,0.67,1,0,,hahabeep,0,False,0,False,text
WesternU,3pj741,Marketing,1,https://reddit.com/r/WesternU/comments/3pj741/marketing/,https://www.reddit.com/r/WesternU/comments/3pj741/marketing/,"Here's a forum for all your Marketing related questions, concerns and comments! Couple of rules to keep in mind when posting in this forum:

1) This is a safe-forum so absolutely no derogatory comments are allowed.

2) After a question has been posted, other peers will have a chance to reply the comment with their input. If you wish to get your question addressed by our Prof; please put in brackets (Prof) in your question. I will direct the question to him for the following class.

3) For concerns or comments for the profs, please also have ""(Prof)"" in your comment as well and I will address the comments or concerns to the prof if you wish to stay anonymous. Let's keep the comments constructive!

4) Please keep the comments STRICTLY Marketing related as we want to keep this forum as streamlined as possible",1445369537.0,0.67,1,0,,hahabeep,0,False,0,False,text
WesternU,3pj52z,Finance,1,https://reddit.com/r/WesternU/comments/3pj52z/finance/,https://www.reddit.com/r/WesternU/comments/3pj52z/finance/,"Here's a forum for all your Finance related questions, concerns and comments! Couple of rules to keep in mind when posting in this forum:

1) This is a safe-forum so absolutely no derogatory comments are allowed.

2) After a question has been posted, other peers will have a chance to reply the comment with their input. If you wish to get your question addressed by our Prof; please put in brackets (Prof) in your question. I will direct the question to him for the following class.

3) For concerns or comments for the profs, please also have ""(Prof)"" in your comment as well and I will address the comments or concerns to the prof if you wish to stay anonymous. Let's keep the comments constructive!

4) Please keep the comments STRICTLY finance related as we want to keep this forum as streamlined as possible.",1445368820.0,0.67,1,0,,hahabeep,0,False,0,False,text
WesternU,oxup1,Western's New Identity,0,https://reddit.com/r/WesternU/comments/oxup1/westerns_new_identity/,http://communications.uwo.ca/brandnew/,,1327601172.0,0.5,0,0,,danny_,0,False,0,False,text
