subreddit,post_id,comment_id,image_index,image_url,caption
AnimalsBeingBros,1ng4ubl,nea3pup,0,https://preview.redd.it/pjlvqnyuo8pf1.jpeg?width=400&format=pjpg&auto=webp&s=da1f24d1efed6f9296d4f50826a2cfb8cffff256,"i, for one, welcome our new moderator overlords | image tagged in memes,i,for one, welcome our new moderator overlords | made"
AnimalsBeingBros,1nn53nt,,0,https://i.redd.it/gpbyf843nkqf1.jpeg,two cheetahs resting in the grass
AnimalsBeingBros,1nmwstn,,0,https://i.redd.it/oikja4yoqjqf1.jpg?width=2046&format=pjpg&auto=webp&s=44b8ae2dd5575fd0ea475a53b249d4949eb82989,a group of cows grazing in a field
AnimalsBeingBros,1nmwstn,,1,https://i.redd.it/azmk1tyoqjqf1.jpg?width=1962&format=pjpg&auto=webp&s=5c4685643761d2e4b2b89a3dac790a49ba7b669e,two cows are standing in a field
AnimalsBeingBros,1nmwstn,,2,https://i.redd.it/5miu35yoqjqf1.jpg?width=1899&format=pjpg&auto=webp&s=44ea9df1e0e7fbd86b8e3d51404e0e9b0357404e,two cows standing in a field with a tree in the background
AnimalsBeingBros,1nmwstn,,3,https://i.redd.it/0cqp14yoqjqf1.jpg?width=2030&format=pjpg&auto=webp&s=85bb95f7cebfc3f71326888b194d3e95e2487baf,two cows are standing next to each other
AnimalsBeingBros,1nmwstn,,4,https://i.redd.it/jkzn89yoqjqf1.jpg?width=2100&format=pjpg&auto=webp&s=803a7a9b56fb5281d6b4212fcd1afdf1dcb7d0ad,two cows standing in a field with a tree in the background
AnimalsBeingBros,1nmwstn,,5,https://i.redd.it/hx6jf8yoqjqf1.jpg?width=2051&format=pjpg&auto=webp&s=6cb8fbd7d887cbdf571b27a9c56f1dd1be95768f,two cows are standing in a field
AnimalsBeingBros,1nmwstn,,6,https://i.redd.it/vihba5zoqjqf1.jpg?width=1934&format=pjpg&auto=webp&s=16d2be3f58887a75e3b10eedfddc361b3656bfdd,two cows are standing in a field
AnimalsBeingBros,1njrwt1,,0,https://i.redd.it/06vne6mg1tpf1.jpeg,three dogs and a cat are looking at a box
AnimalsBeingBros,1ne78vv,,0,https://i.redd.it/2zketjcf2jof1.gif,a cow with a black nose
AnimalsBeingBros,1ndaq3t,,0,https://i.redd.it/qtjoz4dfgbof1.jpg?width=3000&format=pjpg&auto=webp&s=72cdde8cf194ee41c48ded29dfc20fb63925c3a8,a cat sitting on top of a pole with a bunch of hats
AnimalsBeingBros,1ndaq3t,,1,https://i.redd.it/b7pprw1fgbof1.jpg?width=3000&format=pjpg&auto=webp&s=63588bdca96e7afab7e631ee08487ca42a8d6e86,a group of hats are sitting on a wooden pole
AnimalsBeingBros,1ndaq3t,ndjvg7i,0,https://preview.redd.it/e9z7g74ylfof1.jpeg?width=3048&format=pjpg&auto=webp&s=0a682d9cd8fe861314dd67adfdf9a0cf0b2e488a,a close up of a bird with a red beak
AnimalsBeingBros,1ndaq3t,ndl1134,0,https://preview.redd.it/u66pbr9gxgof1.png?width=1080&format=png&auto=webp&s=5270582c9a32196b7f973e7a920474f7e81aa9b4,a white elephant with a pink face
AnimalsBeingBros,1nc53tb,,0,https://i.redd.it/5fim72vpd1of1.jpeg,a dog sitting on a rug in a kitchen
AnimalsBeingBros,1n8af1x,,0,https://i.redd.it/jni7y71xi5nf1.gif,a child laying on a yellow and white chair
AnimalsBeingBros,1n8af1x,ncqxvsh,0,https://preview.redd.it/jc95im7zeknf1.jpeg?width=800&format=pjpg&auto=webp&s=729b8234a7f23f921792bc2775e0195d67b7d55e,a man kneeling down next to a pig in a field
AnimalsBeingBros,1n6hrfj,,0,https://i.redd.it/ep4uwqi5tqmf1.gif,two cows are standing in a pen together
AnimalsBeingBros,1n515wz,,0,https://i.redd.it/1grf3lcl7emf1.jpg?width=2102&format=pjpg&auto=webp&s=2fb731bb5c48d3acf4e150a44852ca7e4a32939e,a cow and two calves are sitting in a field
AnimalsBeingBros,1n515wz,,1,https://i.redd.it/nytk6mcl7emf1.jpg?width=2068&format=pjpg&auto=webp&s=2579487d35c46233ca00385a7b224293eb0b8dfa,two cows laying in a field
AnimalsBeingBros,1n515wz,,2,https://i.redd.it/clpibkcl7emf1.jpg?width=1998&format=pjpg&auto=webp&s=fd56f38e7e882f81c2e512d3227417eabd659737,two cows laying down in a field
AnimalsBeingBros,1n515wz,,3,https://i.redd.it/6bkb3lcl7emf1.jpg?width=2023&format=pjpg&auto=webp&s=d89f32b225d2f21092f209ecd2861ed2002a1283,a cow and calf are standing in a field
AnimalsBeingBros,1n515wz,,4,https://i.redd.it/9iugmndl7emf1.jpg?width=2081&format=pjpg&auto=webp&s=f352392841cc9f635519cc183188053802f2f8de,two cows laying in a field
AnimalsBeingBros,1n515wz,,5,https://i.redd.it/jvbmblcl7emf1.jpg?width=2088&format=pjpg&auto=webp&s=3a0437e23c850d0511f2249c872c88781622feff,two cows standing in a field with a fence in the background
AnimalsBeingBros,1n3zg9q,,0,https://i.redd.it/62z8y4tv85mf1.jpg?width=2100&format=pjpg&auto=webp&s=1e52b8e90d39da6eb39992a4e9614018e3d75ed1,a field with cows grazing in it
AnimalsBeingBros,1n3zg9q,,1,https://i.redd.it/11k43euv85mf1.jpg?width=1995&format=pjpg&auto=webp&s=365457556a849b18527c22defe2e76da7645d5fd,two cows standing in a field
AnimalsBeingBros,1n3zg9q,,2,https://i.redd.it/vhy8v4tv85mf1.jpg?width=2049&format=pjpg&auto=webp&s=dbcd747442171f159a74f0cb0f053099ccc530c6,two cows grazing in a field
AnimalsBeingBros,1n2jegj,nb6chus,0,https://preview.redd.it/32oq11nixslf1.jpeg?width=12000&format=pjpg&auto=webp&s=2b6f7b2c7624f20ff3537ddf01143c66ec9bd1c9,a golden retriever standing in the water
AnimalsBeingBros,1n2jegj,nb7erj9,0,https://preview.redd.it/tv6zcc1eutlf1.jpeg?width=2197&format=pjpg&auto=webp&s=b55013d16062e3bd3a10ce668df7ecd8eea52087,a golden retriever running on a trail
AnimalsBeingBros,1n2jegj,nbx4tpj,0,https://preview.redd.it/hoc9vzrtummf1.jpeg?width=3024&format=pjpg&auto=webp&s=8413dd9ab74ac040fe5b40fd10a0bdc038667a24,a dog laying on a couch
AnimalsBeingBros,1n1g0jk,,0,https://i.redd.it/uguadxpn5klf1.gif,two dogs sleeping in a dog bed on the floor
AnimalsBeingBros,1n0ilou,,0,https://i.redd.it/g00z4l76hclf1.jpg?width=2112&format=pjpg&auto=webp&s=29ec7d1b7c8aaa20f41919d88afc7cf01a70d178,a herd of cows grazing in a field
AnimalsBeingBros,1n0ilou,,1,https://i.redd.it/xtsf6l76hclf1.jpg?width=2004&format=pjpg&auto=webp&s=6cd6a9a9a95dfbd447bb269b17fd7a42349ae441,a herd of cows grazing in a field
AnimalsBeingBros,1n0ilou,,2,https://i.redd.it/a8lf4n76hclf1.jpg?width=2010&format=pjpg&auto=webp&s=5f0ebba5b12c906162ab8cfc948b7746add8e2e7,a group of cows laying in a field
AnimalsBeingBros,1n0ilou,,3,https://i.redd.it/qy91an86hclf1.jpg?width=2043&format=pjpg&auto=webp&s=87cc7dcd34afc844bf8a4420e4b4e8ca650b3b1c,a cow and calf are laying in the grass
AnimalsBeingBros,1n0ilou,,4,https://i.redd.it/o8111o86hclf1.jpg?width=2074&format=pjpg&auto=webp&s=769ca7912282504597dc8f27e79968f47a45da95,two cows laying in a field
AnimalsBeingBros,1n0ilou,,5,https://i.redd.it/7w6all76hclf1.jpg?width=2074&format=pjpg&auto=webp&s=604b48112c776921409388421f17eaa76b0d4f34,a herd of cows grazing in a field
AnimalsBeingBros,1mzq8hw,,0,https://i.redd.it/fk8rtfzn16lf1.gif,a goat and a calf in a pen
AnimalsBeingBros,1mx4n3s,,0,https://i.redd.it/puc0kts2akkf1.gif,a chicken walking on a wooden deck with a cat
AnimalsBeingBros,1mui513,,0,https://i.redd.it/7kptx88z7zjf1.gif,two lounge chairs in a yard with a tree
AnimalsBeingBros,1mu282u,,0,https://i.redd.it/d0cxwepz4vjf1.jpeg,a dog sitting on top of another dog in a kitchen
AnimalsBeingBros,1mqwf40,,0,https://i.redd.it/k316uxt3g6jf1.gif,a group of dogs running around in a yard
AnimalsBeingBros,1mqwf40,n8uyuw1,0,https://preview.redd.it/qfgdbphpp7jf1.jpeg?width=922&format=pjpg&auto=webp&s=be554f5422dd2f7681cb202218168a669058f30b,a sheep jumping in the air in a yard
AnimalsBeingBros,1mqwf40,n8voxvf,0,https://preview.redd.it/ucsbshj4c8jf1.jpeg?width=1804&format=pjpg&auto=webp&s=78609e400845299bc2216c1f33f0e4ee6f2a5217,a man on a dirt bike
AnimalsBeingBros,1mqwf40,n8xyorh,0,https://preview.redd.it/o2apvycukajf1.jpeg?width=960&format=pjpg&auto=webp&s=8566c5a95bc016f2684552e08c50c3af7ac0e40d,goats jumping over hay bales with the words radical
AnimalsBeingBros,1mqwf40,n8v66n7,0,https://preview.redd.it/8ue08josv7jf1.jpeg?width=400&format=pjpg&auto=webp&s=e4c5c146397722e1c5856888b15854c08292b4db,the little girl is holding a unicorn and the other two are standing next to it
AnimalsBeingBros,1mlobdx,,0,https://i.redd.it/n9955156nzhf1.gif,a cow with a tag on its ear
AnimalsBeingBros,1mijxpd,n74108d,0,https://preview.redd.it/sy0bg7bwf9hf1.jpeg?width=2160&format=pjpg&auto=webp&s=25536b81d6c60421ff081f462855c37d4e7a5b2b,two cows are kissing each other in a field
AnimalsBeingBros,1mfnnqw,,0,https://i.redd.it/8a2b7cn37lgf1.jpg?width=2082&format=pjpg&auto=webp&s=95013ff8a87feb5d00d40f9c62859fb527a465bf,a cow laying down in a field with a person's feet
AnimalsBeingBros,1mfnnqw,,1,https://i.redd.it/x6lhf8m37lgf1.jpg?width=2160&format=pjpg&auto=webp&s=a6fe3e9fbeb40d8fef5e3b140d54d4951b4d6949,a cow laying on a person's lap in a field
AnimalsBeingBros,1mfnnqw,,2,https://i.redd.it/euwch8m37lgf1.jpg?width=1202&format=pjpg&auto=webp&s=8d9d93d69a510cbbb55f36e17cf2ec74eebcb35a,a cow with a person's face on its head
AnimalsBeingBros,1mfnnqw,,3,https://i.redd.it/mgugs6m37lgf1.jpg?width=1203&format=pjpg&auto=webp&s=928daa2e5bea6f7611efa84365a5f84f50515410,a cow is laying on a person's lap
AnimalsBeingBros,1mfnnqw,n6mkbql,0,https://i.imgur.com/NBmMZz2.jpeg,i'm here for the boop party | made w/ imgflip meme maker
AnimalsBeingBros,1mdetv3,,0,https://i.redd.it/qmca64sa42gf1.jpg?width=1838&format=pjpg&auto=webp&s=2c9b2b1746cccc6409e4abc4ad8ee8f1b687d1f4,two cows drinking from a water trough
AnimalsBeingBros,1mdetv3,,1,https://i.redd.it/37hunvsa42gf1.jpg?width=1207&format=pjpg&auto=webp&s=3d4b57d1f0cd3ebb2476485a9304202b74aa3da4,two cows are standing in a field
AnimalsBeingBros,1mdetv3,,2,https://i.redd.it/qw35u0ra42gf1.jpg?width=1865&format=pjpg&auto=webp&s=e5a29e8f44f3628cd714703f421b36bdfc25d76b,a herd of cows running through a field
AnimalsBeingBros,1mdetv3,,3,https://i.redd.it/zi1zf1ra42gf1.jpg?width=1198&format=pjpg&auto=webp&s=3e1ba2306012f0ef53f2a83dbd8316e3acca282d,two cows laying in the grass on a sunny day
AnimalsBeingBros,1mdetv3,,4,https://i.redd.it/tr7zmzqa42gf1.jpg?width=2011&format=pjpg&auto=webp&s=93a15a44bcc52c283be3e44876842047bdfe43d8,two cows grazing in a field
AnimalsBeingBros,1mdetv3,,5,https://i.redd.it/r67agzqa42gf1.jpg?width=1746&format=pjpg&auto=webp&s=dfd00f1a96683a931e87677b0bd1fba97e5d5769,two cows grazing in a field
AnimalsBeingBros,1mdetv3,,6,https://i.redd.it/5f4zh3ra42gf1.jpg?width=1984&format=pjpg&auto=webp&s=e1f0e2714b1e2ee4248f8805f024a32bfe71ffd3,two cows standing in a field with a fence in the background
AnimalsBeingBros,1mdetv3,n6257ya,0,https://preview.redd.it/d7sbnhzy33gf1.jpeg?width=1552&format=pjpg&auto=webp&s=43491aa99c6a3ba6b5ae13a298a346ffb2544d8e,two cows standing in a field
AnimalsBeingBros,1mcbmlw,,0,https://i.redd.it/4bsbaolwdtff1.jpeg,a white bird is flying over a car on the road
AnimalsBeingBros,1mcbmlw,n5wwr05,0,https://i.redd.it/jhakondkzam11.jpg,a white bird flying over a car on the road
AnimalsBeingBros,1madskl,n5f0h1t,0,https://preview.redd.it/1b70f5sxkeff1.jpeg?width=1179&format=pjpg&auto=webp&s=dc2f931bb5a4d096babf9198769db7e477209ed7,a dog wearing a birthday hat and holding a birthday card
AnimalsBeingBros,1madskl,n5oxcp4,0,https://preview.redd.it/rsp46ywxyoff1.jpeg?width=493&format=pjpg&auto=webp&s=f12b8f1131476bd658eaa5baf2f53d923a3c93f8,a small brown and white puppy sitting on a blanket
AnimalsBeingBros,1m9t1d7,n5c5h9b,0,https://preview.redd.it/lb7zfaq5maff1.jpeg?width=3060&format=pjpg&auto=webp&s=76ae4fd5f0d07b75f3947e50c6bafa63524d3b6c,a rat is sitting on a towel next to a pair of binoculars
AnimalsBeingBros,1m9ql5b,,0,https://i.redd.it/vfink7p097ff1.png,two lions are sitting in the grass near trees
AnimalsBeingBros,1m8avgo,,0,https://i.redd.it/0hv3alaiyuef1.png?width=960&format=png&auto=webp&s=bbbb370ab832ec1263dba16b3eec76f0f74604fa,two lions laying down in the grass near a tree
AnimalsBeingBros,1m8avgo,,1,https://i.redd.it/ymv0jfd3yuef1.png?width=1080&format=png&auto=webp&s=539b6f88787c3dc1519beee9d4a95a9174656b58,lions in the wild
AnimalsBeingBros,1m6g73h,,0,https://i.redd.it/ftf6j2crvfef1.jpg?width=2032&format=pjpg&auto=webp&s=759b1090da368328e5f84db84a0d832d6593df07,a cow laying in the grass
AnimalsBeingBros,1m6g73h,,1,https://i.redd.it/td1ek2crvfef1.jpg?width=2070&format=pjpg&auto=webp&s=02657995edc6752d89b3e892d4fce978d531cc66,a couple of cows standing in a field
AnimalsBeingBros,1m6g73h,,2,https://i.redd.it/fm8o92crvfef1.jpg?width=1961&format=pjpg&auto=webp&s=18e4a80e90d7d304efbae4d93e26b43f6658d937,a group of cows laying in a field
AnimalsBeingBros,1m6g73h,,3,https://i.redd.it/iib1iwhrvfef1.jpg?width=1363&format=pjpg&auto=webp&s=2573132782fbb7fc4337e3f8830cc11f1e457053,two cows laying down in a field
AnimalsBeingBros,1m6g73h,,4,https://i.redd.it/81pq83crvfef1.jpg?width=1936&format=pjpg&auto=webp&s=20b4a2bd3cf30a70970891047c8d7f7fb6191062,two cows grazing in a field
AnimalsBeingBros,1m6g73h,,5,https://i.redd.it/pykib3crvfef1.jpg?width=1980&format=pjpg&auto=webp&s=216cdd5874e1a0f7194e33801018c452aa48bdef,a group of cows standing in a field
AnimalsBeingBros,1m6g73h,,6,https://i.redd.it/w3zz92crvfef1.jpg?width=1739&format=pjpg&auto=webp&s=2633dcd60b2033300235074e653f429a798a60b9,two cows grazing in a field
AnimalsBeingBros,1m6g73h,,7,https://i.redd.it/5syyl4crvfef1.jpg?width=1851&format=pjpg&auto=webp&s=ab0bf0151c5313f9c3008c765b77d7eeb9a1e4d1,two cows standing in a field
AnimalsBeingBros,1m6g73h,n4jcqy1,0,https://preview.redd.it/fjwb3knvxfef1.jpeg?width=1906&format=pjpg&auto=webp&s=d50f8a902d1d1fd33c6565f489219c35cdbea4b5,two cows laying in the grass
AnimalsBeingBros,1m4q1hl,n4f25vw,0,https://preview.redd.it/i3boof1wsaef1.jpeg?width=555&format=pjpg&auto=webp&s=5ae78b4b93badce8899af0e1990f46d6d7f9ff6a,a drawing of a cat with many colored pencils
AnimalsBeingBros,1m0h5hi,,0,https://i.redd.it/36dal91id1df1.gif,a dog is playing with a toy on a tile floor
AnimalsBeingBros,1lzkxn0,,0,https://i.redd.it/zbnwo77i1ucf1.jpg?width=2039&format=pjpg&auto=webp&s=7ac8c9fa89c4d66b11e581292e8873caab8cbdd6,a cow is standing in the grass
AnimalsBeingBros,1lzkxn0,,1,https://i.redd.it/chpbr47i1ucf1.jpg?width=1999&format=pjpg&auto=webp&s=1969f78330b6502292cfc1f24084cb4880f1aba9,a cow and calf are standing in a field
AnimalsBeingBros,1lzkxn0,,2,https://i.redd.it/ut12x47i1ucf1.jpg?width=1938&format=pjpg&auto=webp&s=096a00c5404765da33a248a6a003a5d6ba04bb31,a group of cows in a field
AnimalsBeingBros,1lzkxn0,,3,https://i.redd.it/posc9a8i1ucf1.jpg?width=1978&format=pjpg&auto=webp&s=17e5611b09bd9759fcbe2c43354b7309a627a6dc,a cow and a calf are standing in a field
AnimalsBeingBros,1lzkxn0,n32m6u5,0,https://preview.redd.it/9zptuxoxcucf1.jpeg?width=1986&format=pjpg&auto=webp&s=8a9275e7b1cdedc81cbb4a08f250beaae43ddfc3,a group of cows in a field
AnimalsBeingBros,1lyi7mx,,0,https://i.redd.it/41v9thqe2kcf1.png,two lions are kissing in the grass
AnimalsBeingBros,1lxvpd8,n30hcly,0,https://preview.redd.it/bqg4e6koarcf1.jpeg?width=1079&format=pjpg&auto=webp&s=5f2ff105e0f97e27ce46d913ae5341ca4a6c2ff2,a man in a brown coat is making a face
AnimalsBeingBros,1ly4ial,,0,https://i.redd.it/oq7g4pyyygcf1.jpg?width=1825&format=pjpg&auto=webp&s=91e95feea4c0b9fa1138f9e5b83f8c04bbf076a4,two cows grazing in a field with trees in the background
AnimalsBeingBros,1ly4ial,,1,https://i.redd.it/2osp4sxyygcf1.jpg?width=2003&format=pjpg&auto=webp&s=fc46e8f47f3321e5ebf179212dc603f454d18388,two cows eating grass from a trough
AnimalsBeingBros,1ly4ial,,2,https://i.redd.it/olzh90zyygcf1.jpg?width=1812&format=pjpg&auto=webp&s=3384b2ff88df9b6a3700dacc16ff0b259449defd,a cow laying down in a field with another cow
AnimalsBeingBros,1ly4ial,,3,https://i.redd.it/sa75qvxyygcf1.jpg?width=2015&format=pjpg&auto=webp&s=c6eff2599878f4b4abccd32bb133326f6d4301f8,two cows with tags on their ears laying in the grass
AnimalsBeingBros,1ly4ial,,4,https://i.redd.it/y6xu9txyygcf1.jpg?width=2066&format=pjpg&auto=webp&s=3b5ef4c04042f79fc5ce58819d84df444fe11b76,a herd of cows standing in a field
AnimalsBeingBros,1ly4ial,,5,https://i.redd.it/4p4wjsxyygcf1.jpg?width=2048&format=pjpg&auto=webp&s=607de055a41db5b700e854027e214f37e92b82f4,two cows are walking in a field
AnimalsBeingBros,1ly4ial,,6,https://i.redd.it/3sak5txyygcf1.jpg?width=1777&format=pjpg&auto=webp&s=18758f3debf6051c70c1003e77a75c0239f67920,two cows grazing in a field
AnimalsBeingBros,1ly4ial,,7,https://i.redd.it/iyuohuxyygcf1.jpg?width=1896&format=pjpg&auto=webp&s=71f8d729125b19640d542ed00c38acf955aead1f,a cow laying down
AnimalsBeingBros,1ly4ial,,8,https://i.redd.it/dxos3uxyygcf1.jpg?width=2053&format=pjpg&auto=webp&s=7c6de06763091b6dd4f23aecc091c5333d95859f,two cows laying in a pile of hay
AnimalsBeingBros,1ly4ial,,9,https://i.redd.it/it5lysxyygcf1.jpg?width=2092&format=pjpg&auto=webp&s=607ede4a6d92755b89a21306865ec09ba858b09c,two cows are being fed by a person
AnimalsBeingBros,1ly4ial,,10,https://i.redd.it/79s35sxyygcf1.jpg?width=2006&format=pjpg&auto=webp&s=66252c083607698905aceab5e02e2d07fbe52ec1,two cows grazing in a field
AnimalsBeingBros,1ly4ial,,11,https://i.redd.it/beo27uxyygcf1.jpg?width=1993&format=pjpg&auto=webp&s=72bf7562002cba68e86ead71a655d3fa45368ef9,two cows standing in the grass next to a stone wall
AnimalsBeingBros,1ly4ial,,12,https://i.redd.it/wh2d2txyygcf1.jpg?width=2011&format=pjpg&auto=webp&s=10e6b5175e2ffbefa1910010f399836d4581d480,two cows grazing in a field
AnimalsBeingBros,1ly4ial,,13,https://i.redd.it/ye4opsxyygcf1.jpg?width=1202&format=pjpg&auto=webp&s=6a122193467d44acd70d786903ce9f121bd9dfff,a group of cows standing around a small dog
AnimalsBeingBros,1ly4ial,,14,https://i.redd.it/167lrrxyygcf1.jpg?width=2077&format=pjpg&auto=webp&s=492460d758d47455e9e44016439af5ac0818fd0c,two cows grazing in a field with trees in the background
AnimalsBeingBros,1ly4ial,n2r78xu,0,https://preview.redd.it/lhdlws9f5hcf1.jpeg?width=640&format=pjpg&auto=webp&s=151f80536f5a64aad2c7cf0ee58a83621f069bb3,two cows are standing in a field with a wooden box
AnimalsBeingBros,1ly4ial,n2rf7ms,0,https://preview.redd.it/yheb7emjchcf1.jpeg?width=1203&format=pjpg&auto=webp&s=21e983dca25ac519e70ea3cc48a0d445645f955b,a person petting a baby cow in a barn
AnimalsBeingBros,1lvqybf,n2ak3kl,0,https://preview.redd.it/8uaado8jiybf1.png?width=512&format=png&auto=webp&s=9aaa32de778cb6be796512c7f20c891ffe7b99fa,a young boy sitting in the driver's seat of a car
AnimalsBeingBros,1lrtc8e,,0,https://i.redd.it/27kwx1hh9xaf1.jpeg,a cat laying on a bed
AnimalsBeingBros,1lo53z3,n0lo8a3,0,https://preview.redd.it/r7ozyrhoc3af1.jpeg?width=300&format=pjpg&auto=webp&s=c72deaff062e154ed3d428f4a2da511952866695,the bear and the panda are standing on top of each other
AnimalsBeingBros,1ln4frf,n0ebodk,0,https://preview.redd.it/devinud11v9f1.png?width=1080&format=png&auto=webp&s=bd3c9b916eb5fb223846a150d1565e09d6bde0ba,a horse is sticking its tongue out at the camera
AnimalsBeingBros,1lm0t2l,,0,https://i.redd.it/5vfl4z3vfi9f1.jpeg,a cat and dog laying on a bed
AnimalsBeingBros,1ll2a52,mzwbcia,0,https://preview.redd.it/m3sdgk9yga9f1.png?width=569&format=png&auto=webp&s=64eff78d4f730472537e570bc81d5208a1e4c7f4,a large ostrich with a flock of baby birds
AnimalsBeingBros,1ll2a52,mzyvegw,0,https://preview.redd.it/9diiupfmoc9f1.png?width=312&format=png&auto=webp&s=1dedf38107a9ffff46b45b26879a06f12c195eb0,a baby bird peeking out of an egg
AnimalsBeingBros,1lkyqin,,0,https://i.redd.it/r7vquyr1l99f1.jpg?width=1579&format=pjpg&auto=webp&s=2288dffe39eab67022b3c91493370154dd662cf9,three cows laying down in the grass near a stone wall
AnimalsBeingBros,1lkyqin,,1,https://i.redd.it/w2kafyr1l99f1.jpg?width=1870&format=pjpg&auto=webp&s=45a9cc86605243b4366f8c61d96b318b15f9bfa6,a cow laying down next to a cow
AnimalsBeingBros,1lkyqin,,2,https://i.redd.it/mpphjyr1l99f1.jpg?width=1618&format=pjpg&auto=webp&s=e0abc6e1ac86782ec7f898087ffa3ebeb87eabab,two baby cows sticking their tongues out in a barn
AnimalsBeingBros,1lkyqin,,3,https://i.redd.it/2ou7tyr1l99f1.jpg?width=1582&format=pjpg&auto=webp&s=b4af9eed0377f66d4ba85461e8ceac0fd8a5b961,a group of cows standing in a field
AnimalsBeingBros,1lkyqin,,4,https://i.redd.it/ydf1uyr1l99f1.jpg?width=1800&format=pjpg&auto=webp&s=b864d5088755a4817e68e5ed3d811b9b23fb388d,two cows are looking at the camera in a barn
AnimalsBeingBros,1lkyqin,mzwf1th,0,https://preview.redd.it/ehma7m68ka9f1.jpeg?width=1202&format=pjpg&auto=webp&s=50b5ff73ce12ea891ef994764d8b13e35137aad6,a person petting a cow in the grass
AnimalsBeingBros,1ljvvo8,mzob9zx,0,https://preview.redd.it/tb0aj5cdz19f1.jpeg?width=4284&format=pjpg&auto=webp&s=f9f9cf7508eb87749dacdb805cd373ad284248f2,two dogs laying on a couch with a remote control
AnimalsBeingBros,1lhf6qh,mz3qjkh,0,https://preview.redd.it/8jxnoujmre8f1.jpeg?width=3024&format=pjpg&auto=webp&s=ad1ec85abee800afaa5d381a58b441de40c8aa15,a cat sleeping in a red and pink blanket
AnimalsBeingBros,1lhf6qh,mzfm2k6,0,https://preview.redd.it/14yj78fuyr8f1.jpeg?width=3000&format=pjpg&auto=webp&s=2e97bc9802802a0b7f423dc1f838705c55349272,a black cat sleeping on a person's lap
AnimalsBeingBros,1lhf6qh,mz4yrcb,0,https://preview.redd.it/ro9wr55ltg8f1.jpeg?width=3024&format=pjpg&auto=webp&s=666099f01131504478d20087f5cbd22e77ec0e6d,a black cat wearing a scarf on a bed
AnimalsBeingBros,1lhf6qh,mz4nu3i,0,https://preview.redd.it/i63xrcwtbg8f1.png?width=1080&format=png&auto=webp&s=0f3eef080909f2213d2d2942790f570a5bfdc2f1,a cat is sleeping on a bed
AnimalsBeingBros,1lfakcy,,0,https://i.redd.it/j9dsvc7ewv7f1.gif,a bird is standing on top of a trash can
AnimalsBeingBros,1l8rpnp,mxathge,0,https://preview.redd.it/7j5xk3yy7e6f1.jpeg?width=1290&format=pjpg&auto=webp&s=fc3bcea8fdbd2c4873d26327d7634487d1fce67f,a row of dots on a white background
AnimalsBeingBros,1l5k0fu,mwhhm3t,0,https://preview.redd.it/dzs5t3ma7j5f1.jpeg?width=2723&format=pjpg&auto=webp&s=07621dbff81699b20e00e8d7b8a44835a77ada6f,a large dog laying in the grass
AnimalsBeingBros,1l5k0fu,mwijbqq,0,https://preview.redd.it/s22i1dxvaj5f1.jpeg?width=2016&format=pjpg&auto=webp&s=08d2ed641c6a846e7de76481cf9de590c2ea7b14,a dog laying on the floor with a stuffed panda bear
AnimalsBeingBros,1l4m0ln,mwdp5od,0,https://preview.redd.it/olsv1fs1bd5f1.jpeg?width=417&format=pjpg&auto=webp&s=bc039bd62e8fa766266176ee9ccf2fa0bb4a3414,an elephant with a green body and a pink heart
AnimalsBeingBros,1l4m0ln,mwd0tew,0,https://preview.redd.it/mwjrrrp3pc5f1.jpeg?width=756&format=pjpg&auto=webp&s=24887b0fba384697a273ea29f53b40422f1c9d8a,lord ganesha painting
AnimalsBeingBros,1l3wrpa,mw8gae2,0,https://preview.redd.it/bi0b4qdpc75f1.jpeg?width=4032&format=pjpg&auto=webp&s=1212924a89b44ac9ba727771e01c2abfd313a046,a dog is standing in a cage in a room
AnimalsBeingBros,1kz343v,,0,https://i.redd.it/5m4j4oe1zw3f1.gif,a cow standing in a field with a fence behind it
AnimalsBeingBros,1kywinw,mv1aukz,0,https://i.imgur.com/7ibY8El.png,a baby is playing with toys on the floor while a cat looks on
AnimalsBeingBros,1kyzj8s,mv1ipyg,0,https://preview.redd.it/2btx0uuz8w3f1.jpeg?width=1080&format=pjpg&auto=webp&s=d98de0c54892b8f6ed17939ba862a723d14a1757,a cartoon character riding a horse with a child on it
AnimalsBeingBros,1kyzj8s,mw3xnwc,0,https://preview.redd.it/qnr577eu135f1.jpeg?width=744&format=pjpg&auto=webp&s=4bc6bbb69997601585a49695ba41f1942f7f6996,a donkey with a big smile on its face
AnimalsBeingBros,1kx9f9f,,0,https://i.redd.it/4owpddxmng3f1.jpeg,a dog sitting in the back seat of a car
AnimalsBeingBros,1kx9f9f,muowkqe,0,https://media1.tenor.com/m/9FmqTtTkohwAAAAd/wilderness-explorer.gif,a cartoon character with a flag in his hand
AnimalsBeingBros,1kwqg4x,,0,https://i.redd.it/898fuigygc3f1.png?width=1008&format=png&auto=webp&s=95c10aed7f579cb214488c4cd2845f7b9df4544d,two dogs are sitting in the grass
AnimalsBeingBros,1kwqg4x,,1,https://i.redd.it/ls62wm9ygc3f1.png?width=1008&format=png&auto=webp&s=e8309956d07a797caa222fa55dc6daefe18c51bd,two dogs playing with a stick in the grass
AnimalsBeingBros,1kwqg4x,,2,https://i.redd.it/1zqp7bdygc3f1.png?width=1008&format=png&auto=webp&s=b7183b29f9984fd52af4cdd39a8db502f1c8aafe,two dogs playing with a leash
AnimalsBeingBros,1kwqg4x,,3,https://i.redd.it/328suzeygc3f1.png?width=1008&format=png&auto=webp&s=c22aa3b6220302e34c0893e2b1776204add6df84,a close up of a dog with blue eyes
AnimalsBeingBros,1kwqg4x,,4,https://i.redd.it/v1fth4bygc3f1.png?width=1008&format=png&auto=webp&s=77b5d2d220422c4fe9be4c73b37a60bf3f79fda0,two dogs are standing in a grassy field
AnimalsBeingBros,1kwqg4x,,5,https://i.redd.it/s3ym7fiygc3f1.png?width=1008&format=png&auto=webp&s=3a9c4962ace84b01aa6bbb81da2a020e6ce2e45f,two dogs are sitting on a person's lap
AnimalsBeingBros,1kwqg4x,,6,https://i.redd.it/dgugjg6ygc3f1.png?width=1008&format=png&auto=webp&s=a07ee743c5a5ccc701b2d27e6c85a31480f9e38a,two dogs playing in the grass with a leash
AnimalsBeingBros,1kvsurg,,0,https://i.redd.it/dpc9x61mb43f1.gif,a small pond with a small boat and a few chairs
AnimalsBeingBros,1kt9jdc,,0,https://i.redd.it/3rexxlkg8g2f1.jpeg,a man with a bird on his head and a bird on his head
AnimalsBeingBros,1kt9jdc,mts32l0,0,https://preview.redd.it/q1v8u6n2jg2f1.jpeg?width=364&format=pjpg&auto=webp&s=b62e975ae950afd46777ca4e168d8ab7ff7cb545,a cartoon character sitting in a chair with a bird on his head
AnimalsBeingBros,1kqlpdj,mt802ku,0,https://preview.redd.it/4d7uyjkt7u1f1.jpeg?width=480&format=pjpg&auto=webp&s=7f7be9a93c247b8821b4817130982cac721640bb,a group of people in clown costumes and balloons
AnimalsBeingBros,1kq9cbb,mt8bgkh,0,https://preview.redd.it/ud224d8kku1f1.png?width=282&format=png&auto=webp&s=9954d1481cbb47a9957615fc22036cf18feedb90,a dog is chewing on a stick in the grass
AnimalsBeingBros,1kq9cbb,mt5l802,0,https://preview.redd.it/okboyk04xr1f1.png?width=1080&format=png&auto=webp&s=d5f0e0ce507d199644e64ab0992fe0ad7a35d573,a dog is running through a field with hay
AnimalsBeingBros,1kq9cbb,mt5cxnr,0,https://preview.redd.it/ia0zstr0qr1f1.png?width=1001&format=png&auto=webp&s=b889afb70d1d8dced225d65ecc0cf953687e90b3,a dog is standing next to an old woman
AnimalsBeingBros,1kq9cbb,mt4mg2x,0,https://preview.redd.it/tjwmdhad2r1f1.jpeg?width=246&format=pjpg&auto=webp&s=82506bfbc629455e49965ec52a3cd21e7a165fff,a dog is carrying a stick in its mouth
AnimalsBeingBros,1kq3v8u,,0,https://i.redd.it/y7edz6d5bo1f1.jpeg,a man with a beard and a black bird on his hand
AnimalsBeingBros,1ko3347,,0,https://i.redd.it/g54b0nmayy0f1.jpeg,a squirrel is eating a bottle of milk
AnimalsBeingBros,1kmsxub,msf6n47,0,https://preview.redd.it/8pfki9uu1x0f1.png?width=1156&format=png&auto=webp&s=a870bf2c9727f6af14221b6cd4658586d643a66e,a red bird feeding its young
AnimalsBeingBros,1kk1qca,mrrj7xe,0,https://preview.redd.it/xpoe6sj8b60f1.jpeg?width=860&format=pjpg&auto=webp&s=e2f0f6d005bfc5c93f8a10c221152b33b3f17349,the same image of a man with a black face and a cartoon face
AnimalsBeingBros,1kizwqh,,0,https://i.redd.it/35p11o469vze1.jpg?width=3024&format=pjpg&auto=webp&s=50c8c39e84f02bd3414d149d15de54868adc2371,two dogs laying on the floor
AnimalsBeingBros,1kizwqh,,1,https://i.redd.it/6lgvoi769vze1.jpg?width=3024&format=pjpg&auto=webp&s=3ba7587defe099b35ba5d1d83793e3489611b4a7,a dog and cat are laying on the floor
AnimalsBeingBros,1kizwqh,,2,https://i.redd.it/keicd6769vze1.jpg?width=3024&format=pjpg&auto=webp&s=a5c9bf645404403ba4b93d88df31dcaaf9571823,a dog and a cat are laying on the floor
AnimalsBeingBros,1kizwqh,,3,https://i.redd.it/r4gxxn469vze1.jpg?width=3024&format=pjpg&auto=webp&s=6c64094064624f6a3c7f505adaaf2800779d5f6f,a dog and cat playing on the floor
AnimalsBeingBros,1kizwqh,mrjlp94,0,https://preview.redd.it/4n5zrs894wze1.jpeg?width=3024&format=pjpg&auto=webp&s=13b0b3f6d6bbee0a3335829f8753020c227d1dca,a cat and a dog playing on a rug
AnimalsBeingBros,1khhty2,mr7uu9w,0,https://preview.redd.it/639ksa8y4jze1.jpeg?width=678&format=pjpg&auto=webp&s=3813d9378556f3545d1f950e37a9129b4d3bc465,the title for the video for the song 'bitch i just fucking opened redit '
AnimalsBeingBros,1khhty2,mr8478r,0,https://preview.redd.it/lslekybnjjze1.jpeg?width=750&format=pjpg&auto=webp&s=13508aaa5c485b5750d41d93a80d8c0e5326a942,a spider - man sitting in a chair with his hands on his face
AnimalsBeingBros,1kh5jmk,mr4jm67,0,https://preview.redd.it/micuzma53fze1.jpeg?width=1170&format=pjpg&auto=webp&s=15709e6a031c5e77e8956b4c0b9e2873be3f214e,a man laying in bed with his phone
AnimalsBeingBros,1kh5jmk,mr6m8uw,0,https://preview.redd.it/i2j36a9m4hze1.jpeg?width=1284&format=pjpg&auto=webp&s=5cb2afda7ada6d6f6ff5ea2aea47922facc9d1bb,a man is smiling while holding a cell phone
AnimalsBeingBros,1kh5jmk,mr5yab8,0,https://preview.redd.it/n4j2uqvdfgze1.jpeg?width=2160&format=pjpg&auto=webp&s=0789a1bdc73b71a04cb8dca415a7f6146197bcb4,the discovery of america
AnimalsBeingBros,1kh5jmk,mr5zxi3,0,https://preview.redd.it/aw1x4k43hgze1.png?width=1080&format=png&auto=webp&s=3907fbf05cabf7e404d5d26d4272b9573503bdcd,a man and woman sitting at a table with a blindfold on
AnimalsBeingBros,1kfnvv7,,0,https://i.redd.it/rle1yh4x91ze1.jpeg,a man with a beard and a bird on his head
AnimalsBeingBros,1kbahjw,mpvnsxg,0,https://preview.redd.it/12fo5p46h0ye1.jpeg?width=2268&format=pjpg&auto=webp&s=30e1d6f15f7c89a8e4d19d72200cae00a6738799,a cat is laying on a bed
AnimalsBeingBros,1kaulfu,,0,https://i.redd.it/5ysb5c2cdtxe1.jpg?width=1200&format=pjpg&auto=webp&s=6a434881e77096451eea2d55976477c721ef2642,a sheep laying on the ground with a cat on top
AnimalsBeingBros,1kaulfu,,1,https://i.redd.it/fs1xig3cdtxe1.jpg?width=1112&format=pjpg&auto=webp&s=e708664321ee3f8e9af61257a90b1d7100b73dbd,a sheep laying down next to a fence
AnimalsBeingBros,1kaulfu,,2,https://i.redd.it/07eaid3cdtxe1.jpg?width=1115&format=pjpg&auto=webp&s=bbd3c1418ae2f8c5ff1e757cd3b17e523ffa5782,a cat laying on top of a sheep
AnimalsBeingBros,1kaezl7,mpv2lxh,0,https://preview.redd.it/edjq9w7zyzxe1.jpeg?width=3024&format=pjpg&auto=webp&s=5d84ab71d3f8b79a8666287f08629508e974e905,a close up of a dog with a long nose
AnimalsBeingBros,1k87iq9,mp7fxp2,0,https://preview.redd.it/e1z5lhcpr8xe1.jpeg?width=2218&format=pjpg&auto=webp&s=c7776a4ef9a5cb51a3ec91f559592def53ecbd29,a woman standing next to a horse
AnimalsBeingBros,1k87iq9,mp7hic1,0,https://preview.redd.it/8kojwbk3t8xe1.png?width=1080&format=png&auto=webp&s=1571e4fd2cb1652d4a60451ab5726df2f1416b52,a person riding a horse in a field
AnimalsBeingBros,1k72xu5,movaqw6,0,https://preview.redd.it/ol0rsylzxuwe1.png?width=300&format=png&auto=webp&s=97a5700e12211d4d0f8e23d796ebaef233f0575f,a small ferret looking at the camera
AnimalsBeingBros,1k6fvle,,0,https://i.redd.it/t29rff3yoowe1.jpeg,a goat and a peacock in a field
AnimalsBeingBros,1k551e5,mof646q,0,https://preview.redd.it/8uhmhbpdsdwe1.png?width=450&format=png&auto=webp&s=44bbd253667d561928377ac82136eed5a51caf1e,"australian shepherd puppy, australian shepherd puppy, australian shepherd puppy, australian shepherd puppy, australian shepherd puppy"
AnimalsBeingBros,1k551e5,moiai48,0,https://preview.redd.it/95gsut74mgwe1.png?width=1080&format=png&auto=webp&s=7badd291f7c980b8388990a48421623e62aee0dc,a dog sleeping under a table
AnimalsBeingBros,1k3j2wb,,0,https://i.redd.it/abhiw5kmoyve1.jpeg,a dog and cat laying on a couch
AnimalsBeingBros,1k2avrc,,0,https://i.redd.it/3regs1lcrmve1.jpeg,a cat sleeping on a dog's back
AnimalsBeingBros,1k2avrc,mnsos1o,0,https://preview.redd.it/18p7ofdxtmve1.jpeg?width=2316&format=pjpg&auto=webp&s=dbdf5ab9776f58d6eba3e4f538fabfea1e64e175,a dog and cat cuddling together on a bed
AnimalsBeingBros,1k2avrc,mnxs5sv,0,https://preview.redd.it/cewb7i3s5tve1.jpeg?width=3024&format=pjpg&auto=webp&s=2ff5019696eddea59078e3dcb848fc0d815a1924,a dog and cat on a couch
AnimalsBeingBros,1k2avrc,mnxy26z,0,https://preview.redd.it/jtx786gpatve1.jpeg?width=2316&format=pjpg&auto=webp&s=781b3f1682d42d2c95abf566cdf53a54821ee7d7,a dog and cat sleeping together on a couch
AnimalsBeingBros,1k0wgsr,mnum13g,0,https://preview.redd.it/5tj2silcqove1.png?width=1024&format=png&auto=webp&s=d1c9a0747c35e1dc401ff154672bc4770e1bdf8c,two dogs are shown with their paws on the ground
AnimalsBeingBros,1k0389f,,0,https://i.redd.it/htmxsfehn0ve1.jpeg,two cats cuddling on a bed
AnimalsBeingBros,1jv54v2,,0,https://i.redd.it/mn43ngyd4tte1.jpeg,a buffalo drinking water from a pond
AnimalsBeingBros,1jpuucf,ml5t5lt,0,https://preview.redd.it/7bfmm4vzgkse1.jpeg?width=520&format=pjpg&auto=webp&s=d770ee591c832a3bd144a7138c80935f68b3bf5b,clash of clans hack
AnimalsBeingBros,1jpckus,,0,https://i.redd.it/ps7d1434qbse1.jpg?width=1080&format=pjpg&auto=webp&s=e68d0e2c76340e0ad97a7f98873c4b2b613d3a33,a large brown cow laying down in the grass
AnimalsBeingBros,1jpckus,,1,https://i.redd.it/uan90fg4qbse1.jpg?width=1080&format=pjpg&auto=webp&s=ddcaa94b1d96c8ef73d907404e597a560bc2f6cc,frogs on a horse's back
AnimalsBeingBros,1jnqmu8,mkly5zd,0,https://preview.redd.it/6f97ba1h7xre1.png?width=283&format=png&auto=webp&s=5edea236adeac3d3b5b42b4f1f1aeb95504263c7,a dog standing on a chair to reach a window
AnimalsBeingBros,1jm65gr,mkaj8us,0,https://preview.redd.it/alm9ru37djre1.jpeg?width=600&format=pjpg&auto=webp&s=b9a9a46a942275cfd41c0c222a6c2564d7dc538e,two fish swimming in the ocean with the words it's like he's trying to speak for me i know it
AnimalsBeingBros,1jm65gr,mk9e1zg,0,https://preview.redd.it/302y1voy6ire1.jpeg?width=798&format=pjpg&auto=webp&s=10099356cb9a1baa0a3906c2519c0f67da080077,"two men laying on the ground with the words, so i said to myself, so i said to everyone, so i said to everyone, so i"
AnimalsBeingBros,1jlhwud,,0,https://i.redd.it/vxh8kfionbre1.jpg?width=2268&format=pjpg&auto=webp&s=d126a8667abaf7dd363e1143b63e0f0861d82052,a couch with two dogs sleeping on it
AnimalsBeingBros,1jlhwud,,1,https://i.redd.it/kctnt2xnnbre1.jpg?width=2268&format=pjpg&auto=webp&s=cd55c5cba3b850f87aa4296bcaeb56f188b54000,a cat and dog laying on a couch
AnimalsBeingBros,1jlhwud,,2,https://i.redd.it/f09km68nnbre1.jpg?width=2268&format=pjpg&auto=webp&s=80773068f1f30d498941b8314f07f19ff3303a80,two cats are sleeping on a couch
AnimalsBeingBros,1jlhwud,,3,https://i.redd.it/4ec5r5smnbre1.jpg?width=2268&format=pjpg&auto=webp&s=35c055954824a63403b8f79b85288880b364b4b1,a cat and dog laying on a couch
AnimalsBeingBros,1jlhwud,mk4tul7,0,https://preview.redd.it/tblhwhmfycre1.jpeg?width=2316&format=pjpg&auto=webp&s=1b91da4deffd13372cee372ca38595d8937a3815,two orange cats laying on a bed
AnimalsBeingBros,1jhlssa,mj8si7n,0,https://preview.redd.it/hg5yxrzngcqe1.jpeg?width=1440&format=pjpg&auto=webp&s=8a1f0e864c262de82c820624c1129a36239650f7,a cartoon character with a white face and blue eyes
AnimalsBeingBros,1jh4qk0,,0,https://i.redd.it/ofk2u4s9n7qe1.jpeg,a man with a beard and a beard holding two birds
AnimalsBeingBros,1jfxiyj,,0,https://i.redd.it/qa72n3jpdwpe1.jpg?width=768&format=pjpg&auto=webp&s=af1563197223447bbf26163458b2655900de2cdf,a dog stands in front of a sign that reads muzez değişi university
AnimalsBeingBros,1jfxiyj,,1,https://i.redd.it/27fif4jpdwpe1.jpg?width=1536&format=pjpg&auto=webp&s=bfc654fd64cbbf49f266d99d7ad011cfe0280c1d,a dog standing on a street with people in the background
AnimalsBeingBros,1jfxiyj,,2,https://i.redd.it/fm6534jpdwpe1.jpg?width=1169&format=pjpg&auto=webp&s=eb7a12c50c2598e7cdb45bd1297fbae5dd1d70b1,a dog is sitting on a bench in front of a crowd
AnimalsBeingBros,1jfxiyj,,3,https://i.redd.it/1lnk03jpdwpe1.jpg?width=1080&format=pjpg&auto=webp&s=259eeabc11d25313f7667105f464f76754586718,a dog sitting on the steps of a crowd of people
AnimalsBeingBros,1jfxiyj,miut5sq,0,https://preview.redd.it/yq40qiemjwpe1.jpeg?width=540&format=pjpg&auto=webp&s=58257d81ce407da38cb8f4cea192fd68b5b41a7b,a dog holding a sign that says the revolution has begun
AnimalsBeingBros,1jfxiyj,miv4gpb,0,https://preview.redd.it/ulzgc0idtwpe1.jpeg?width=720&format=pjpg&auto=webp&s=f649f4e92b5aebeb082b01343e1fe7146b654664,a group of people with a dog and a sign
AnimalsBeingBros,1jfxiyj,mivb49n,0,https://preview.redd.it/djyuu9t9zwpe1.jpeg?width=258&format=pjpg&auto=webp&s=11b928c0b93d0003ce12845c6a7a891cd0d2646a,a dog stands in front of riot police officers
AnimalsBeingBros,1jfxiyj,mivab91,0,https://preview.redd.it/43d9hg3mywpe1.png?width=991&format=png&auto=webp&s=bcfcdb43a9f03c2e3ae3ddf62b852919b4d59606,a dog standing in front of a line of police officers
AnimalsBeingBros,1jcum1z,,0,https://i.redd.it/0z5udkwn04pe1.jpeg,a black cat and a white dog are kissing each other
AnimalsBeingBros,1jcum1z,mi6qxjf,0,https://preview.redd.it/0925cxlah5pe1.png?width=295&format=png&auto=webp&s=7af54b4a1f7b5740e884a818e5b5da6922058115,a black cat with big eyes
AnimalsBeingBros,1j8ol3x,mh6w3d2,0,https://preview.redd.it/5yyegyegz1oe1.jpeg?width=1284&format=pjpg&auto=webp&s=307ab48444447919e8b941526952dbcc1951510d,two dogs running on a leash in a park
AnimalsBeingBros,1j6vtwx,,0,https://i.redd.it/zkyf2aikbkne1.jpg?width=1610&format=pjpg&auto=webp&s=a2147f8cd970287b568efaa8372994132e582a88,a squirrel and lizard on a tree
AnimalsBeingBros,1j6vtwx,,1,https://i.redd.it/8ngfeikmbkne1.jpg?width=2448&format=pjpg&auto=webp&s=598e737cf33c0214b5d8622cd44a09860575e37a,a squirrel is peeking out of a tree hole
AnimalsBeingBros,1j6vtwx,,2,https://i.redd.it/r9uuv80lbkne1.jpg?width=1834&format=pjpg&auto=webp&s=10d17d91273b0298099be74f3ea400b6eb0bc6fa,a squirrel and a lizard on a tree
AnimalsBeingBros,1j6vtwx,,3,https://i.redd.it/fp5qi6cmbkne1.jpg?width=2448&format=pjpg&auto=webp&s=cea57463495a98d66ca2703f81dcd04d8213e273,a small animal is in a hole in a tree
AnimalsBeingBros,1j6vtwx,,4,https://i.redd.it/njoufu8lbkne1.jpg?width=1834&format=pjpg&auto=webp&s=d685c67333862146540bd722f04703c4700ebd32,a squirrel is eating a plastic bottle
AnimalsBeingBros,1j6vtwx,,5,https://i.redd.it/f8wbpoflbkne1.jpg?width=2616&format=pjpg&auto=webp&s=f29c71bc7f83511567d0a3cd41f64017f2232adc,a small lizard sitting in a hollow tree
AnimalsBeingBros,1j6vtwx,,6,https://i.redd.it/jhxb9yrkbkne1.jpg?width=3264&format=pjpg&auto=webp&s=c49a74b17833679cabe781af8e57c0f29619e25a,a lizard is eating from a tree
AnimalsBeingBros,1j6vtwx,,7,https://i.redd.it/d07e710mbkne1.jpg?width=3264&format=pjpg&auto=webp&s=8948a6ad352822eac80a283de9794ae1dc4c93af,a monkey is sitting in a tree
AnimalsBeingBros,1j6vtwx,,8,https://i.redd.it/dbhwhuplbkne1.jpg?width=1834&format=pjpg&auto=webp&s=d501f0ca1c86fb8d7dd6be8a34be62f055f2cc8f,a squirrel climbing up a tree
AnimalsBeingBros,1j6vtwx,mgs27gr,0,https://preview.redd.it/jcq5pw54fkne1.png?width=1125&format=png&auto=webp&s=d6e5390896a37152064acfdd3b477f418e8e6fee,a squirrel sitting on a branch with a leaf in its mouth
AnimalsBeingBros,1j6hp7g,,0,https://i.redd.it/771oek812hne1.jpg?width=1007&format=pjpg&auto=webp&s=e834d1d5fb6389fdab92d4c1a804b3a92e5802a3,a woman is hugging a dog on a couch
AnimalsBeingBros,1j6hp7g,,1,https://i.redd.it/7zz8yv412hne1.jpg?width=862&format=pjpg&auto=webp&s=e48d376107342fbcf418b2cce77310052019bbb7,a woman hugging a dog on a couch
AnimalsBeingBros,1j2r0e4,mfuuli4,0,https://preview.redd.it/3ooh26tqsjme1.jpeg?width=3072&format=pjpg&auto=webp&s=9a40312c78442fcae56e20bf9e61339ef682ae93,a husky dog sitting on top of a couch
AnimalsBeingBros,1j2r0e4,mfw5fbe,0,https://preview.redd.it/vcex8z602lme1.png?width=1701&format=png&auto=webp&s=4cdf87e28a9648f9ed05abb5db913d9d07d540ad,a dog sitting on a couch
AnimalsBeingBros,1j2r0e4,mfuhdr9,0,https://preview.redd.it/dsnjsenghjme1.jpeg?width=398&format=pjpg&auto=webp&s=9bb7ca34ebda520a9aa949537b0a2f95f0e3e2a4,"the simpsons simpsons, person, person, person, person, person, person, person, person, person, person, person, person,"
AnimalsBeingBros,1izrvm9,mf5zydd,0,https://preview.redd.it/7z1vtm8lvrle1.png?width=1200&format=png&auto=webp&s=7a5a57b1fc4ab6ff8f6b94b9c81d6a26881848c4,two pictures of a horse and a cat
AnimalsBeingBros,1inswd6,,0,https://i.redd.it/xxv5sqh54qie1.jpeg,two cheetah sitting in the snow
AnimalsBeingBros,1imghe0,,0,https://i.redd.it/cxax9s1w6die1.gif,a group of cows in a barn with hay
AnimalsBeingBros,1imngd1,,0,https://i.redd.it/stkh09t73fie1.jpeg,a large lizard sitting on a rock in an enclosure
AnimalsBeingBros,1ijk68u,,0,https://i.redd.it/ru9vxo8ilmhe1.jpg?width=4032&format=pjpg&auto=webp&s=642f105daadd03ac00ad5a51174f0b55c2fdc191,a dog and a cat sleeping on a couch
AnimalsBeingBros,1ijk68u,,1,https://i.redd.it/06bkpr8ilmhe1.jpg?width=3024&format=pjpg&auto=webp&s=78a93dc4b1c4bdb8534f50a236c830333cbc51c3,a cat and dog laying together
AnimalsBeingBros,1ijk68u,,2,https://i.redd.it/1uyizq8ilmhe1.jpg?width=3024&format=pjpg&auto=webp&s=5eecf8b4b75d21311a1572daab214f4c6b1397df,a golden retriever and a cat sleeping together
AnimalsBeingBros,1ijk68u,,3,https://i.redd.it/z0wx6q8ilmhe1.jpg?width=4032&format=pjpg&auto=webp&s=49510fbcf049a1e58a4f516a5228542c14d192d6,a dog laying on a couch
AnimalsBeingBros,1ijk68u,,4,https://i.redd.it/9mfyjr8ilmhe1.jpg?width=3024&format=pjpg&auto=webp&s=70f229e998bb99ea4c4bfb58a2defdd90554f2c2,a dog and cat sleeping on a bed
AnimalsBeingBros,1ijk68u,,5,https://i.redd.it/qsh8o49ilmhe1.jpg?width=3024&format=pjpg&auto=webp&s=82405ce1b4e7f0e445cc8214181ff2bbbc239af7,a dog and cat laying on a couch
AnimalsBeingBros,1ijk68u,,6,https://i.redd.it/indlbq8ilmhe1.jpg?width=4032&format=pjpg&auto=webp&s=75a59caa64fc715dc06f5e380d014b87f23c52dc,a golden retriever and a cat sleeping on a chair
AnimalsBeingBros,1ijk68u,,7,https://i.redd.it/dkxo4q8ilmhe1.jpg?width=3024&format=pjpg&auto=webp&s=1bcb572c3b13ff124b72fcb2e29e8c0bcc27ab10,a dog laying on a couch with a cat on top of it
AnimalsBeingBros,1ijk68u,,8,https://i.redd.it/g9h0i49ilmhe1.jpg?width=4032&format=pjpg&auto=webp&s=452206f0a9911ed9186a0dbcadacb2777c6a28ae,a dog and a cat sleeping together on a couch
AnimalsBeingBros,1ijk68u,,9,https://i.redd.it/pe475p8ilmhe1.jpg?width=3024&format=pjpg&auto=webp&s=db7703dd421acd38c0b2716d0ef3c98c91b18b83,a dog laying on the floor next to a cat
AnimalsBeingBros,1ijk68u,,10,https://i.redd.it/hc15kp8ilmhe1.jpg?width=3024&format=pjpg&auto=webp&s=d8bde8bd9545abbcd2a82252df9bfc59c153b75a,a dog and a cat sleeping on the floor
AnimalsBeingBros,1ijk68u,,11,https://i.redd.it/rfmw059ilmhe1.jpg?width=3024&format=pjpg&auto=webp&s=b5959aa97d1dfa5de3a36365969839d86845c257,a dog and cat sleeping on a couch
AnimalsBeingBros,1ijk68u,,12,https://i.redd.it/g2yf2q8ilmhe1.jpg?width=4032&format=pjpg&auto=webp&s=878a61a0cb331757460ee7d71e617cc8bd24a82b,a dog laying on a bed with a cat and a person
AnimalsBeingBros,1ijk68u,,13,https://i.redd.it/xud23r8ilmhe1.jpg?width=1125&format=pjpg&auto=webp&s=7efe0258cd015f89f3c938074ad317a3c3354b6a,a dog and cat laying on a couch
AnimalsBeingBros,1ijk68u,,14,https://i.redd.it/jp2ch59ilmhe1.jpg?width=1125&format=pjpg&auto=webp&s=5288b272b746e1e17961ddb61526c76b1b310980,a dog and cat laying on the floor
AnimalsBeingBros,1ijk68u,,15,https://i.redd.it/2p8dyo8ilmhe1.jpg?width=3024&format=pjpg&auto=webp&s=c0b2971f038e0bf861d77effadd679d3310dc704,a dog laying on a couch with a cat
AnimalsBeingBros,1ijk68u,,16,https://i.redd.it/a9aghr8ilmhe1.jpg?width=3024&format=pjpg&auto=webp&s=41f8511c3185969f6775b1795228378deaa311bc,a dog and cat laying on a couch
AnimalsBeingBros,1ijk68u,,17,https://i.redd.it/5c98859ilmhe1.jpg?width=3024&format=pjpg&auto=webp&s=87aa65e06def4d524997813a2999c78201e13411,a dog and a cat laying on the grass
AnimalsBeingBros,1ijk68u,,18,https://i.redd.it/cn3mpr8ilmhe1.jpg?width=1125&format=pjpg&auto=webp&s=83a9b3ff68596f295861e0b4ec6d98fb23634322,a dog and cat laying on the floor
AnimalsBeingBros,1ijk68u,,19,https://i.redd.it/rstblq8ilmhe1.jpg?width=3024&format=pjpg&auto=webp&s=85481c480b64e718cacc02c8a8f58e8d2351d8e5,a dog laying on top of a cat
AnimalsBeingBros,1ijk68u,mbf5ohy,0,https://preview.redd.it/hmebza1u2nhe1.jpeg?width=4032&format=pjpg&auto=webp&s=9a4f0a07425c5f99eced61c46bc73a9328a1bc53,a dog laying on a bed with a cat and a person
AnimalsBeingBros,1ijk68u,mbeta3h,0,https://preview.redd.it/xh26bebwpmhe1.png?width=535&format=png&auto=webp&s=4eb3f2d8ce0a66f8283ec0ebf9a4199e52288cc7,a dog and cat laying on the floor
AnimalsBeingBros,1ij55g8,mbepawg,0,https://preview.redd.it/1ecpbrntlmhe1.jpeg?width=3024&format=pjpg&auto=webp&s=408955cf386e61e68cc91508cd8ceca1367a8e05,a dog sleeping on a couch with a blanket
AnimalsBeingBros,1iin0q1,,0,https://i.redd.it/lou6m3y2eehe1.png,a little girl sleeping next to a cat
AnimalsBeingBros,1iin0q1,mb834jh,0,https://preview.redd.it/vjrag19jjfhe1.jpeg?width=3024&format=pjpg&auto=webp&s=7263f4b161cec59adee96a3b1046d1a5c59a5659,two cats on a bed
AnimalsBeingBros,1ig4sk4,manisrk,0,https://preview.redd.it/kejuud38ltge1.png?width=900&format=png&auto=webp&s=d0fb401cb1c9920bb85e7e5946ec61adf559dbd6,a capybara and a cat are standing together
AnimalsBeingBros,1idmyeb,ma38fp9,0,https://preview.redd.it/0q2nz6xkf7ge1.jpeg?width=1080&format=pjpg&auto=webp&s=c606f7e53baede37a8e6e8c0747927f17b93be52,two dogs sleeping on a bed together
AnimalsBeingBros,1idmyeb,ma8372x,0,https://preview.redd.it/3m989iur2dge1.jpeg?width=2448&format=pjpg&auto=webp&s=cb8f4811f30dac5ddd8746964a807f5f34a42c4f,a dog on the beach
AnimalsBeingBros,1idmyeb,ma8600p,0,https://preview.redd.it/kife49v95dge1.jpeg?width=1080&format=pjpg&auto=webp&s=6e90ea9c89f0198cdb178165b99349a5df95e519,two dogs are laying on top of each other
AnimalsBeingBros,1idmyeb,ma87fa4,0,https://preview.redd.it/ig010i4d6dge1.jpeg?width=3024&format=pjpg&auto=webp&s=26aa72c4253aca667363216fa3180056d566fa19,a black and white dog sitting on top of a couch
AnimalsBeingBros,1idmyeb,ma8adpv,0,https://preview.redd.it/cz8rn6qv8dge1.jpeg?width=1080&format=pjpg&auto=webp&s=823a7b1ce9595af85a9016bc9dd927b88a69fc6f,a black and white dog with a white collar
AnimalsBeingBros,1idmyeb,ma9dm7v,0,https://preview.redd.it/9trdmbdi3ege1.jpeg?width=3024&format=pjpg&auto=webp&s=073620d13e404637e5d24a81a48c4850c4da2d0a,a black and white dog sitting on a tile floor
AnimalsBeingBros,1i859z2,m8ug26w,0,https://preview.redd.it/ao4wfrywvuee1.jpeg?width=252&format=pjpg&auto=webp&s=1b0dc8190472faef366eb4470037e065476cd5c7,a man walking through a living room with a bag
AnimalsBeingBros,1i859z2,m8wd3p9,0,https://preview.redd.it/gaip2ozipxee1.jpeg?width=640&format=pjpg&auto=webp&s=d23e9e5f7603ee7dba8cf7a6c27ceccb020a98ce,the simpsons - he's a bird
AnimalsBeingBros,1i58sng,m88skn7,0,https://preview.redd.it/347q1jzv58ee1.jpeg?width=738&format=pjpg&auto=webp&s=db257ceca18753e26f521bcc35b417478c669814,"a horse standing in the grass with the caption when you're built for feed, not speed"
AnimalsBeingBros,1i0y6yb,m72h5wg,0,https://preview.redd.it/ff8amtyw5xce1.png?width=380&format=png&auto=webp&s=296b80267ca8c49260c47f356d6d12b7020bf4c5,a person with pink gloves is reaching for something in the grass
AnimalsBeingBros,1hzm13q,m781la3,0,https://preview.redd.it/zi2v5rmv53de1.jpeg?width=1848&format=pjpg&auto=webp&s=64f46fbd3d41a913a658b883061cab73a04c17e8,a dog laying in a dog bed in a room
AnimalsBeingBros,1ht7zqg,m5cj5jz,0,https://preview.redd.it/gokx7vfa7zae1.jpeg?width=634&format=pjpg&auto=webp&s=5873ed70408c48c4c7402e67c52c6441a52e46be,a squirrel riding on top of a miniature horse
AnimalsBeingBros,1ht7zqg,m5d14hy,0,https://preview.redd.it/rair6lo6tzae1.jpeg?width=2137&format=pjpg&auto=webp&s=8c22a95ebfce713627713c0018cdee2f4752e103,a black dog sitting in a field of yellow flowers
AnimalsBeingBros,1ht7zqg,m5fymgb,0,https://preview.redd.it/vwd64nl4n2be1.jpeg?width=1936&format=pjpg&auto=webp&s=54ba19ba2c11f495bd8bc6f4bc6b86b6ec5c0991,a black dog is on a pillow with a white background
AnimalsBeingBros,1hpu6za,m4kbwm4,0,https://preview.redd.it/fm21n4xh81ae1.png?width=377&format=png&auto=webp&s=57250b501edb074607863acc7c27549bfb8d3e54,a cat is looking up at the camera
AnimalsBeingBros,1hidol8,,0,https://i.redd.it/krmf46dv4y7e1.jpeg,two cats are sitting on top of each other
AnimalsBeingBros,1hidol8,m39iai6,0,https://preview.redd.it/ifrbhufkfd8e1.jpeg?width=1008&format=pjpg&auto=webp&s=006860e01d9961da8f0fd464e0a4263effef5bbd,two cats are hugging
AnimalsBeingBros,1hg58hb,m2hj3ti,0,https://preview.redd.it/ts2q50exne7e1.jpeg?width=528&format=pjpg&auto=webp&s=389676e0e0351bb8b0a6591547c1f5b28e65f068,a man in a robe with the words that's why i'm here
AnimalsBeingBros,1hg58hb,m2hanm6,0,https://preview.redd.it/0elzh3yyae7e1.jpeg?width=2992&format=pjpg&auto=webp&s=21bb8c934ea053ec6e4cc087b94d8ed206d08265,a cat laying on top of a dog on a rug
AnimalsBeingBros,1hg58hb,m2jvzyc,0,https://preview.redd.it/fnxju4y81h7e1.png?width=1080&format=pjpg&auto=webp&s=789b2a08ea87c93168d5bff6d4fbedfdb7f0c609,a dog with a long curly hair
AnimalsBeingBros,1hajxr8,m1bz0sv,0,https://preview.redd.it/phhm1yr2gz5e1.png?width=640&format=pjpg&auto=webp&s=28971eff7e2cfb095f5a33d0907d8f5d9b234ab4,the simpsons family is sitting at a table with the words what's a donut?
AnimalsBeingBros,1h9mglp,m143p4x,0,https://preview.redd.it/juj87w3dqp5e1.jpeg?width=1170&format=pjpg&auto=webp&s=9712854fb9a7d3c8f0de9676aa695bc6f0083837,a zebra is jumping over a lion in the grass
AnimalsBeingBros,1h9mglp,m13zxdr,0,https://preview.redd.it/wr6natx8mp5e1.jpeg?width=815&format=pjpg&auto=webp&s=c0faebe8f8c586e9eb8beb06493523f05f8e3a11,a zebra is running towards a lion in the grass
AnimalsBeingBros,1h80kkt,m0qqm0j,0,https://preview.redd.it/9x7yes4gq95e1.jpeg?width=800&format=pjpg&auto=webp&s=76413568f6d7f872682264e64d742b5616f56b45,a horse with its mouth open and teeth showing
AnimalsBeingBros,1h41tgd,lzvxpfx,0,https://preview.redd.it/4mzw3bj1h94e1.jpeg?width=483&format=pjpg&auto=webp&s=4542e5118d13dd079bbd5767d6cf69d26f835fcb,a dog is looking up at the camera
AnimalsBeingBros,1h36v1y,lzsj7is,0,https://i.imgur.com/6QGPupx.jpeg,a small dog laying on a person's lap
AnimalsBeingBros,1h36v1y,lzp1flk,0,https://preview.redd.it/41r8a3ghm04e1.jpeg?width=3024&format=pjpg&auto=webp&s=db19db89dd28df85cd2fe8734b1d821e2991b0e7,a dog laying on a pillow
AnimalsBeingBros,1h36v1y,lzowtk3,0,https://preview.redd.it/zgf2njz1d04e1.jpeg?width=1080&format=pjpg&auto=webp&s=97fdde2c8a7594cf9065c4a6097ee64b8f14d427,a man is sitting on a couch with a dog on his lap
AnimalsBeingBros,1h36v1y,lzslrrk,0,https://i.imgur.com/xD3jmKQ.jpeg,a person laying on a bed with a dog
AnimalsBeingBros,1h36v1y,lzslrrk,1,https://i.imgur.com/wmQDnEA.jpeg,a small dog laying on a person's lap
AnimalsBeingBros,1gtextt,,0,https://i.redd.it/jt4l2zra4h1e1.jpeg,a dog and cat laying on a couch
AnimalsBeingBros,1gqn02b,,0,https://i.redd.it/jd5sbaz9dq0e1.jpeg,a dog is touching a donkey's head
AnimalsBeingBros,1gpat8q,,0,https://i.redd.it/5kahhuraxd0e1.jpeg,a horse wearing a blue blanket in a stable
AnimalsBeingBros,1gkh38a,lvnjno0,0,https://preview.redd.it/lmvl32a6s7zd1.jpeg?width=2316&format=pjpg&auto=webp&s=2adfb3d954f807892c14868c7d461d4da0f1e7e2,a gray and white cat laying on a person's lap
AnimalsBeingBros,1gkh38a,lwamwkb,0,https://preview.redd.it/hkzaycbxgxzd1.jpeg?width=3024&format=pjpg&auto=webp&s=a076f8cdc7e230767483574e362b4eee2d55cd06,a gray and white cat with blue eyes
AnimalsBeingBros,1gkh38a,lvok74d,0,https://preview.redd.it/9339vb9u59zd1.jpeg?width=220&format=pjpg&auto=webp&s=bece580f3155e95a5a9d56f077e7b1d4b6c15402,pokemon the anime is listed or ranked 2 on the list the best pokemon anime of all time
AnimalsBeingBros,1gkh38a,lvld3i8,0,https://preview.redd.it/3n194u3bj5zd1.jpeg?width=1072&format=pjpg&auto=webp&s=079dce01722d63df9bddeaf5ab69f6d3a4820580,four pictures of a black cat jumping on a fence
AnimalsBeingBros,1gkh38a,lvlytt5,0,https://preview.redd.it/gkk176nd36zd1.jpeg?width=4000&format=pjpg&auto=webp&s=ea13f01148532f9176361963025ed9465b8f6984,a black cat laying on its back on a bed
AnimalsBeingBros,1gkh38a,lvvz78p,0,https://preview.redd.it/6nqutekt6hzd1.jpeg?width=3072&format=pjpg&auto=webp&s=df6a4b8caf6daa090f8d316c78189f224513c42a,a black cat laying on a bed
AnimalsBeingBros,1gkh38a,lvmzkts,0,https://preview.redd.it/d0diah8w57zd1.jpeg?width=3024&format=pjpg&auto=webp&s=c210dfef641be5caaf81d292356d84795d335d9e,a cat laying on a bed with a pillow
AnimalsBeingBros,1gkh38a,lvmaxvi,0,https://preview.redd.it/hie6y85hf6zd1.png?width=960&format=png&auto=webp&s=fd5d42ff0b926e777bba76ae0f07e14d944099b0,a black cat sitting on a couch with a purse
AnimalsBeingBros,1gkh38a,lvmnqaf,0,https://preview.redd.it/c79b3x59t6zd1.jpeg?width=3000&format=pjpg&auto=webp&s=46ea0d0e74a65fe462be3ef97a35ecf1a50fb634,a black cat laying on a tile floor
AnimalsBeingBros,1gkh38a,lvojnfn,0,https://preview.redd.it/yproh1tu49zd1.jpeg?width=2160&format=pjpg&auto=webp&s=89cc0a70bca60404554728cdcefb267097b5e483,a cat sitting on a shelf
AnimalsBeingBros,1gkh38a,lvlczoi,0,https://preview.redd.it/lrysr6r7j5zd1.jpeg?width=951&format=pjpg&auto=webp&s=084d10f4433c8c3e06d46693883ed7e904914b32,a dog and a cat eating from a bowl
AnimalsBeingBros,1g189vc,lrh12vo,0,https://preview.redd.it/q9bc75kqz6ud1.png?width=1440&format=pjpg&auto=webp&s=2fcb1b93b464cb7d3093ba5bb0e671c1515672af,a cat in a helmet with the words good hunting
AnimalsBeingBros,1ftdkb8,,0,https://i.redd.it/wpaa6mk632sd1.jpeg,a man with a beard and a bird on his head
AnimalsBeingBros,1fsy8t0,ltlycky,0,https://preview.redd.it/ovvz3y1lwswd1.jpeg?width=2842&format=pjpg&auto=webp&s=b5408c74652a207624b1e2d5dc8efd78889ac358,two dogs standing in front of a door
AnimalsBeingBros,1fseww1,,0,https://i.redd.it/7disgqfldtrd1.jpeg,a dog and cat laying on a couch
AnimalsBeingBros,1fpg5kz,loxz8ai,0,https://preview.redd.it/dpe7cge5q1rd1.jpeg?width=868&format=pjpg&auto=webp&s=ded08b322dadfe622be046c06f1c92e0baaa7538,a cartoon bear and panda are standing on top of each other
AnimalsBeingBros,1fp4jnq,loz97qq,0,https://preview.redd.it/i5v25gdpd3rd1.jpeg?width=2193&format=pjpg&auto=webp&s=0ee8329315194d41790a08ec2efe99b812dbf6f1,a white dog sitting on a dirt road
AnimalsBeingBros,1flp94e,,0,https://i.redd.it/1g7j59mkq1qd1.jpeg,a woman is holding a dog and a man is holding a dog
AnimalsBeingBros,1flp94e,lo94224,0,https://preview.redd.it/11jtdq25q7qd1.jpeg?width=914&format=pjpg&auto=webp&s=27747f1373b5877eca780e9e3a04178f486d521c,feels is back | made w/ imgflip meme maker
AnimalsBeingBros,1flp94e,lo6nsbx,0,https://preview.redd.it/efh7c0kru4qd1.jpeg?width=3024&format=pjpg&auto=webp&s=c74145042ddb2225be593deae10ee343fd4aeafc,a dog and two cats on the porch of a house
AnimalsBeingBros,1ff0qcf,lmryhxk,0,https://preview.redd.it/4hrqa7xg9eod1.png?width=1080&format=png&auto=webp&s=0d3bf07d972ddde4f7804305db5cb6f7aa7799da,dog law attorney
AnimalsBeingBros,1ff0qcf,lmrv41u,0,https://preview.redd.it/a7olrhf36eod1.jpeg?width=1114&format=pjpg&auto=webp&s=f668d8b07dcb0f6e0f6f137aeac89b5039144044,pet emergency alert
AnimalsBeingBros,1f7f8ov,,0,https://i.redd.it/vjby2wa74gmd1.jpeg,two deer kissing in the grass
AnimalsBeingBros,1f6e79z,ll39we4,0,https://preview.redd.it/ee8d0r36abmd1.jpeg?width=1800&format=pjpg&auto=webp&s=03cdc0513a1bedcbb3bf6c2e966cb1229be18614,a goat dressed in a suit and tie sitting at a desk with a laptop
AnimalsBeingBros,1f538k4,lkvmx3c,0,https://preview.redd.it/wecgobjfx1md1.jpeg?width=302&format=pjpg&auto=webp&s=15bc0b404fea8792949e0f8580b65c2392809e73,what did he do to make them nigga that mad?
AnimalsBeingBros,1f4e6t9,,0,https://i.redd.it/3nxxsvj79old1.jpeg,a deer with a bird on its head
AnimalsBeingBros,1f38ipn,lkcof4q,0,https://preview.redd.it/4704jrtb7fld1.jpeg?width=960&format=pjpg&auto=webp&s=b25c09ca6a32039110c67d270f73a7a514dff9e9,a cow looking out the window at the camera
AnimalsBeingBros,1f2gtet,lk8q9xa,0,https://preview.redd.it/eak0h3xpz9ld1.jpeg?width=500&format=pjpg&auto=webp&s=fbefd177cb48c2bae5d02bbfe5aa90056611d8f0,a man with long hair and a long beard is standing in front of an ostrich
AnimalsBeingBros,1f2gtet,md9nxps,0,https://preview.redd.it/jkaslqdz5qje1.jpeg?width=478&format=pjpg&auto=webp&s=79011dcaa5023bc9eb9a259dec4d99d0bfec4f2b,a drawing of a person with a arrow pointing to the left
AnimalsBeingBros,1f1c0pl,ljynd45,0,https://preview.redd.it/61g9iqhejxkd1.jpeg?width=828&format=pjpg&auto=webp&s=0ae172b8663ada8f507f58b01dbff20cf26c1388,a cat is sitting on a hammock in a cage
AnimalsBeingBros,1eqoemx,lhtli16,0,https://preview.redd.it/klrh7xwbabid1.png?width=342&format=png&auto=webp&s=c7f4eb6cca1de450d7802979f7c8d7397b995c0b,two dogs are playing with each other in the yard
AnimalsBeingBros,1eqoemx,lhyg4w1,0,https://preview.redd.it/m1697iscdhid1.jpeg?width=1033&format=pjpg&auto=webp&s=dd58100a8f16afdc39725565215cf1e7c85a817a,two dogs playing with each other on a fence
AnimalsBeingBros,1eoymc0,ll3wpya,0,https://preview.redd.it/p3rush859cmd1.jpeg?width=1179&format=pjpg&auto=webp&s=d03f5390ee9e32aa12867bd92cda2e05dcc002fd,peak fiction - episode 1
AnimalsBeingBros,1elhfme,lgrmupw,0,https://preview.redd.it/gq35ocyzn1hd1.jpeg?width=1280&format=pjpg&auto=webp&s=e7dc6eba7b6c2c454e3213808f40faf6f8bd3f9c,a shirtless man is yelling at another man
AnimalsBeingBros,1e9erh3,lef1j08,0,https://preview.redd.it/o6nldque24ed1.png?width=500&format=png&auto=webp&s=9c38b213649f973bd3cf0a8c14848f787c51696e,a man is standing next to a dinosaur with the words eat me
AnimalsBeingBros,1e8f0hw,lejt74v,0,https://preview.redd.it/w8b4pddb5aed1.jpeg?width=1668&format=pjpg&auto=webp&s=31fc5d27b7a358b6623f871538e004027c8f5baf,two cats are playing together on a couch
AnimalsBeingBros,1e4pkxx,ldi56i1,0,https://preview.redd.it/y5e2zfsxuxcd1.png?width=2000&format=png&auto=webp&s=9c9d97f1a62415694d24f8041216eca5e2193629,a woman is standing next to a horse
AnimalsBeingBros,1e0rbrw,lcq3zt1,0,https://preview.redd.it/yv07d8lsy1e01.jpg?auto=webp&s=11e9822099ec56e1340891cd61048b31cce01744,"deer selling deer sometimes his bark is his best friend but because he's bilingual, he's selling deer"
AnimalsBeingBros,1dybwy0,lcdo29g,0,https://preview.redd.it/1cfdk1f31jbd1.jpeg?width=344&format=pjpg&auto=webp&s=538d10c9c43c5e13c3453257ed4178beb7b372ac,a tattoo that says 'right?' on the side of a person's head
AnimalsBeingBros,1dxgjyw,lc2c9sg,0,https://preview.redd.it/qmh3vzhkp4bd1.jpeg?width=1934&format=pjpg&auto=webp&s=cc344b0ab134243c83139db6a0090345000a47d4,a drawing of a dog laying in a bed with a caption that says told you would be ok
AnimalsBeingBros,1dl77i2,l9naf6l,0,"https://i.imgur.com/Po0aa4V.png),",a bear's paw with a measuring tape on it
AnimalsBeingBros,1di5cwb,l934s7a,0,https://preview.redd.it/kd8x5ad1297d1.jpeg?width=3071&format=pjpg&auto=webp&s=65a0de9e56c7c4b3204a9eb0759b4b80fadc131f,a cat with a red tag on its collar
AnimalsBeingBros,1di5cwb,l93iqri,0,https://preview.redd.it/svi78g35r87d1.png?width=720&format=pjpg&auto=webp&s=85cffa0bbababfd9a5fcd3bb874a98ac78498feb,the app is showing the text of the message
AnimalsBeingBros,1deyvds,l8fmf0n,0,https://preview.redd.it/pik1ymznrc6d1.jpeg?width=1934&format=pjpg&auto=webp&s=d15854b7ee10153e443f2f48d5a22763e34b5e43,a girl sitting on the floor with a horse head on
AnimalsBeingBros,1da96xf,,0,https://i.redd.it/sbt3606z555d1.jpeg,a man with a beard and a bird on his shoulder
AnimalsBeingBros,1czpl2t,l5lqqak,0,https://preview.redd.it/95a0qva5fk2d1.jpeg?width=837&format=pjpg&auto=webp&s=9796bb52f89ae02290e91f67222f51aa2527d05f,a star wars character with a mask on and a text that says this will make a fine addition to my collection
AnimalsBeingBros,1czpl2t,l5javkz,0,https://preview.redd.it/77rdg3nw9g2d1.jpeg?width=281&format=pjpg&auto=webp&s=11c2cd1b8194603bd21912e80316e7cc3720b8e3,a man holding a cat in his arms
AnimalsBeingBros,1czpl2t,l5iba66,0,https://preview.redd.it/st5hdpsl5f2d1.jpeg?width=322&format=pjpg&auto=webp&s=ebcf30dc4c9f91ba9821239e789d5a1f6b262cf3,the cartoon character is holding a cat
AnimalsBeingBros,1czpl2t,l5javbe,0,https://preview.redd.it/08kscy2w9g2d1.jpeg?width=703&format=pjpg&auto=webp&s=fe92fb27f7adc655f2f4f3b35605a4c261d00fe2,"the simpsons family, with a woman in blue uniform"
AnimalsBeingBros,1cq96bi,,0,https://i.redd.it/zrzsnmml900d1.jpeg,a black bird standing on a wooden fence
AnimalsBeingBros,1cl4gpl,,0,https://i.imgur.com/JeYImVR.jpeg,a horse wearing a headband that covers its eyes
AnimalsBeingBros,1ckt32r,l2t12w6,0,https://preview.redd.it/id4nxo14wryc1.jpeg?width=457&format=pjpg&auto=webp&s=a9dbcb3a18bb94816d8f860f2c4ea853b81bbcaf,captain america meme with captain america pointing at something
AnimalsBeingBros,1ckt32r,l2p0cyo,0,https://preview.redd.it/3l8y4gqigmyc1.jpeg?width=1080&format=pjpg&auto=webp&s=afffc850dd55f1d8d06909184de678f3a55dc5e9,two people are talking about their dog on twitter
AnimalsBeingBros,1ckt32r,l2psia8,0,https://i.imgur.com/3db8wHn.gif,a man in a suit is looking at the camera
AnimalsBeingBros,1ccrz8i,l18lf0j,0,https://preview.redd.it/8dtxge4fcowc1.jpeg?width=1200&format=pjpg&auto=webp&s=915d9379ddfd51aa9aa404cb9208b4690d48f89f,a dog and a fox in the grass
AnimalsBeingBros,1ccrz8i,l18dr3t,0,https://i.imgur.com/ZvGIyZP.jpeg,a fox standing in the grass next to a trash can
AnimalsBeingBros,1cc42mi,,0,https://i.redd.it/04pbtj23pgwc1.jpeg,a cat sitting on a sheep in a barn
AnimalsBeingBros,1cc42mi,l139xzw,0,https://preview.redd.it/ntcwhm1zahwc1.jpeg?width=1214&format=pjpg&auto=webp&s=3c443ed8a72a6d3f66d5cc5ab6b33751a2a7148f,a cat laying on a sheep
AnimalsBeingBros,1bri3md,kxcfbl0,0,https://preview.redd.it/43y0re1tzkrc1.jpeg?width=800&format=pjpg&auto=webp&s=b079ddd25ad61f2813c1edf1c166cebbef1417cd,the ability to speak does not make you intelligent
AnimalsBeingBros,1bneo2u,kwj0w53,0,https://preview.redd.it/3kvss1zr2jqc1.jpeg?width=640&format=pjpg&auto=webp&s=e8089cf2c6c471f969ff77fbb85b8247731385f9,the simpsons simpsons simpsons simpsons simpsons simpsons simpsons simpsons simpsons simpsons simpsons simpsons simpsons simpsons sim
AnimalsBeingBros,1bneo2u,kwuix86,0,https://preview.redd.it/89awlgthlxqc1.jpeg?width=511&format=pjpg&auto=webp&s=c08f29fbea47882322eca95c78bcefef3351f54f,you want to the truth that ain't gonna hurt or the one who's gonna break your heart? cartoon text line
AnimalsBeingBros,1bmj68f,,0,https://i.redd.it/ysdz9i5jv9qc1.jpeg,two polar bears hugging each other in the snow
AnimalsBeingBros,1bjeqkm,kvs5wiw,0,https://preview.redd.it/fubhf3ywmjpc1.jpeg?width=976&format=pjpg&auto=webp&s=d9094996bfa26f711ea29b3e9843f39254cd80ad,a crow with a knife
AnimalsBeingBros,1bjeqkm,kvsm7dv,0,https://preview.redd.it/38x9h7173kpc1.jpeg?width=1024&format=pjpg&auto=webp&s=f38eac1c0490f79f6a7ad83c7897a66d3a7f07c9,a squirrel sitting on a wooden deck with its mouth open
AnimalsBeingBros,1bewgw0,kux4s8e,0,https://preview.redd.it/i8dfo60p5eoc1.jpeg?width=5321&format=pjpg&auto=webp&s=cd3cb25dc5be9ba0c7b2ec746eae6803fba066cb,two dogs laying on the floor
AnimalsBeingBros,1bewgw0,kuxw1h9,0,https://preview.redd.it/ntem9cdj2foc1.jpeg?width=3024&format=pjpg&auto=webp&s=b85c688f3a02d0cc056d53c46edba538bd337f96,a dog laying on a tile floor in a bathroom
AnimalsBeingBros,1bewgw0,kuzmiau,0,https://preview.redd.it/l5oyfo3d4ioc1.jpeg?width=861&format=pjpg&auto=webp&s=607d6d0ff2f336c47e81239bafe590bec9a7b5cd,100% good dog - screenshot
AnimalsBeingBros,1b7ngg9,ktkq8v4,0,https://preview.redd.it/lim3u99xsnmc1.jpeg?width=474&format=pjpg&auto=webp&s=6e148b14fd5f3a5ccf577b788c452e006668cb39,a woman holding a large stuffed animal outside of a building
AnimalsBeingBros,1b7ngg9,ktlzgwz,0,https://i.imgur.com/OtO0Thv.jpg,a tiger's mouth
AnimalsBeingBros,1b7ngg9,ktnuj1w,0,https://preview.redd.it/cx0drzpaxrmc1.jpeg?width=274&format=pjpg&auto=webp&s=30cebedd17b3a37e29011d5b163edcd4793d5cd1,a dragon is sitting in the grass with a rabbit
AnimalsBeingBros,1b7ngg9,ktmv03o,0,https://preview.redd.it/5oyxecj2zqmc1.png?width=1124&format=pjpg&auto=webp&s=2bb9ba432f9416cb80d3e376f45e8d3272b57db7,a woman sleeping in a bed with a cat
AnimalsBeingBros,1b7ngg9,ktpunl9,0,https://preview.redd.it/i53lhg6n4umc1.jpeg?width=1816&format=pjpg&auto=webp&s=e9fd513717579bd71fdf91a7d9fd3c8481ba5ed8,a cat sleeping in a bed
AnimalsBeingBros,1b7ngg9,ktlru7o,0,https://i.imgur.com/dkobyuX.jpg,a person's feet next to a cheetah's paws
AnimalsBeingBros,1b7ngg9,ktlru7o,1,https://i.imgur.com/YepkJXv.jpg,a group of cheetahs walking on a dirt road
AnimalsBeingBros,1b7ngg9,ktlru7o,2,https://i.imgur.com/kZoOMll.jpg,three cheetahs walking along a dirt road
AnimalsBeingBros,1b7ngg9,ktlru7o,3,https://i.imgur.com/YepkJXv.jpg,a group of cheetahs walking on a dirt road
AnimalsBeingBros,1b7ngg9,ktm6xbn,0,https://i.imgur.com/lQQfOql.jpg,a baby ostrich walking next to a beer bottle
AnimalsBeingBros,1b7ngg9,ktm6xbn,1,https://i.imgur.com/4j7dne5.jpg,a baby ostrich in the grass
AnimalsBeingBros,1b7ngg9,ktm6xbn,2,https://i.imgur.com/1GYVIuG.jpg,a bottle of beer next to an emu
AnimalsBeingBros,1b7ngg9,ktm6xbn,3,https://i.imgur.com/TMa0IZ7.jpg,a small bird walking on a brick walkway
AnimalsBeingBros,1b7ngg9,ktm6xbn,4,https://i.imgur.com/pQoOD65.jpg,a bird is perched on a palm tree
AnimalsBeingBros,1b7ngg9,ktm6xbn,5,https://i.imgur.com/4sVUQjc.jpg,ostrich walking on a brick path in a yard
AnimalsBeingBros,1b7ngg9,ktm6xbn,6,https://i.imgur.com/6oSH9lt.jpg,a group of giraffes standing in the grass
AnimalsBeingBros,1b7ngg9,ktm6xbn,7,https://i.imgur.com/LFLXCjo.jpg,three antelope standing in a field with trees
AnimalsBeingBros,1b7ngg9,ktm6xbn,8,https://i.imgur.com/mYJnBgk.png,a small animal is standing on top of a rock
AnimalsBeingBros,1b7ngg9,ktm6xbn,9,https://i.imgur.com/6IkoCdt.jpg,a group of giraffes walking through a field
AnimalsBeingBros,1b7ngg9,ktm6xbn,10,https://i.imgur.com/xKr9StB.jpg,a person's hand reaching out to touch a zebra
AnimalsBeingBros,1b7ngg9,ktm6xbn,11,https://i.imgur.com/KQBEnTD.jpg,a herd of elephants walk along a river
AnimalsBeingBros,1b7ngg9,ktm6xbn,12,https://i.imgur.com/TmsKBd5.jpg,four cheetahs eating grass in the grass
AnimalsBeingBros,1b7ngg9,ktm6xbn,13,https://i.imgur.com/hX39zlQ.jpg,deer in the sagebrush
AnimalsBeingBros,1b7ngg9,ktm6xbn,14,https://i.imgur.com/VOBvAuj.jpg,deer in the wild
AnimalsBeingBros,1b7ngg9,ktm6xbn,15,https://i.imgur.com/1GLismX.jpg,a view of a field with trees and a sky
AnimalsBeingBros,1b7ngg9,ktm6xbn,16,https://i.imgur.com/ibgpFJa.png,a deer is standing in the brush with some trees
AnimalsBeingBros,1b7ngg9,ktm6xbn,17,https://i.imgur.com/LhaxyDk.jpg,a leopard laying in the grass
AnimalsBeingBros,1b7ngg9,ktm6xbn,18,https://i.imgur.com/UCmzcK5.png,a kangaroo crossing the road in the desert
AnimalsBeingBros,1b7ngg9,ktm6xbn,19,https://i.imgur.com/Mu4Xnh3.jpg,a snake is on the ground in the grass
AnimalsBeingBros,1b7ngg9,ktm6xbn,20,https://i.imgur.com/zw1NkUG.jpg,a large lion walking through a field
AnimalsBeingBros,1b7ngg9,ktm6xbn,21,https://i.imgur.com/7EOtOaJ.jpg,a large elephant walking through a field
AnimalsBeingBros,1b7ngg9,ktm6xbn,22,https://i.imgur.com/Tfb8ZX3.jpg,a leopard laying on the ground
AnimalsBeingBros,1b7ngg9,ktm6xbn,23,https://i.imgur.com/Cf8XnUN.png,two cheetahs walking down a dirt road
AnimalsBeingBros,1b7ngg9,ktm6xbn,24,https://i.imgur.com/kWc8yJD.jpg,a caracal cat is sitting in the grass
AnimalsBeingBros,1b7ngg9,ktm6xbn,25,https://i.imgur.com/aa9Qc4S.jpg,a person holding a dog's paw
AnimalsBeingBros,1b7ngg9,ktm6xbn,26,https://i.imgur.com/pr2HBaJ.jpg,a cheetah walking through tall grass in the wild
AnimalsBeingBros,1b7ngg9,ktm6xbn,27,https://i.imgur.com/0ipEwpn.jpg,a giraffe standing in the middle of a field
AnimalsBeingBros,1b7ngg9,ktm6xbn,28,https://i.imgur.com/WIOTYcO.jpg,a close up of a deer with a red spot on its back
AnimalsBeingBros,1b7ngg9,ktm6xbn,29,https://i.imgur.com/CdyHLlL.jpg,a dog laying on the ground in the dirt
AnimalsBeingBros,1b7ngg9,ktm6xbn,30,https://i.imgur.com/wfUTmcG.png,a large black monkey walking in the grass
AnimalsBeingBros,1b7ngg9,ktm6xbn,31,https://i.imgur.com/WnCJnWk.jpg,a rhino walking through the brush in the wild
AnimalsBeingBros,1b7ngg9,ktm6xbn,32,https://i.imgur.com/5pE5CNa.png,a person is petting a bird on the ground
AnimalsBeingBros,1b7ngg9,ktm6xbn,33,https://i.imgur.com/U5N8UEa.jpg,a baby monkey is being held by a person
AnimalsBeingBros,1b7ngg9,ktm6xbn,34,https://i.imgur.com/9XCPs.jpg,a field with tall grass and a few trees
AnimalsBeingBros,1b7ngg9,ktm6xbn,35,https://i.imgur.com/sUOw6.jpg,a leopard is sitting on a tree branch
AnimalsBeingBros,1b7ngg9,ktm6xbn,36,https://i.imgur.com/ABnMs.jpg,a lion is standing in the grass
AnimalsBeingBros,1b7ngg9,ktm6xbn,37,https://i.imgur.com/6T2EY.jpg,a cheetah in the wild
AnimalsBeingBros,1b7ngg9,ktm6xbn,38,https://i.imgur.com/j5fln.jpg,a large animal jumping over a road
AnimalsBeingBros,1b7ngg9,ktm6xbn,39,https://i.imgur.com/71hel.jpg,a deer standing in tall grass
AnimalsBeingBros,1b7ngg9,ktm6xbn,40,https://i.imgur.com/qdNEOUp.jpg,a display case filled with meat and other foods
AnimalsBeingBros,1b7ngg9,ktm6xbn,41,https://i.imgur.com/S9E1d.jpg,a large elephant walking down the road
AnimalsBeingBros,1b7ngg9,ktm7vtc,0,https://i.imgur.com/S9E1d.jpg,a large elephant walking down the road
AnimalsBeingBros,1b7ngg9,ktm7vtc,1,https://i.imgur.com/6T2EY.jpg,a cheetah in the wild
AnimalsBeingBros,1b7ngg9,ktltp18,0,https://i.imgur.com/YepkJXv.jpg,a group of cheetahs walking on a dirt road
AnimalsBeingBros,1b7ngg9,ktlyy5m,0,https://i.imgur.com/lfwqYAV.jpg,a cat looking up at something
AnimalsBeingBros,1b7ngg9,ktlwd62,0,https://i.imgur.com/HXyGGL1.jpg,a leopard is walking through the grass
AnimalsBeingBros,1b7ngg9,ktlwd62,1,https://i.imgur.com/Tfb8ZX3.jpg,a leopard laying on the ground
AnimalsBeingBros,1b7ngg9,ktlvt0w,0,https://i.imgur.com/6T2EY.jpg,a cheetah in the wild
AnimalsBeingBros,1b7ngg9,ktkedz5,0,https://preview.redd.it/s0pg1xtg9nmc1.jpeg?width=3024&format=pjpg&auto=webp&s=b0349d3ea3bf0b2d3fb58f1ed8dd9346b0758ace,a cat laying on a blanket on a bed
AnimalsBeingBros,1b7ngg9,ktmeixr,0,https://preview.redd.it/un6dtw8niqmc1.jpeg?width=1575&format=pjpg&auto=webp&s=85191379f4430e5ace1d8eb06b60406923d4b8e8,a cat laying on a bed with a person's hand over it
AnimalsBeingBros,1b16q1n,,0,https://i.redd.it/j17y9tt663lc1.jpeg,a dog and a kitten are looking at each other
AnimalsBeingBros,1atgrn3,,0,https://i.redd.it/vczx9m97m8jc1.jpeg,two dogs standing next to each other in the grass
AnimalsBeingBros,1atgrn3,kqxvpnf,0,https://preview.redd.it/846qs0rni9jc1.jpeg?width=3024&format=pjpg&auto=webp&s=a49ea1787c76a6609e3059ea643834b22f80ebf7,a small gray dog with a pink bow on its head
AnimalsBeingBros,1acrz2e,,0,https://i.redd.it/s6hdlav9e3fc1.jpeg,a dog and cat cuddle together on the floor
AnimalsBeingBros,19bokcn,,0,https://i.redd.it/3gcdtlzweodc1.jpeg,two dogs playing on a bed with a mattress
AnimalsBeingBros,198sl21,kia5o8x,0,https://i.imgur.com/x0hgNYh.jpg,cat how it feels sharing the bed with my cat
AnimalsBeingBros,184426b,,0,https://i.redd.it/np8xufn9um2c1.jpg,a cat is sitting on a chair in front of a house
AnimalsBeingBros,17wstvr,,0,https://i.redd.it/xzam0djfyq0c1.jpg,a deer is eating from a tree stump
AnimalsBeingBros,17ulx8h,k95av5d,0,https://i.imgur.com/msvP7fn.gif),a man with a tattoo on his arm stands in front of a crowd
AnimalsBeingBros,17mifxf,,0,https://i.redd.it/fo5iop9331yb1.jpg,two dogs sleeping on a couch together
AnimalsBeingBros,170tzs9,,0,https://i.redd.it/xxhdjgiqcgsb1.jpg,two pictures of a dog and a cheetah
AnimalsBeingBros,16nssce,,0,https://i.redd.it/w1ag4k7mfgpb1.jpg,two cats are standing in front of a window
AnimalsBeingBros,169svjo,,0,https://i.redd.it/dwqjuf8uw8mb1.jpg,a cat sitting on a window sill looking out the window
AnimalsBeingBros,162iu5p,,0,https://i.redd.it/4rzaq6qfllkb1.jpg,two cats sleeping on top of each other on a bed
AnimalsBeingBros,162iu5p,jxya3b8,0,https://i.imgur.com/Z9agIpM.jpg),a cat laying on a bed with another cat
AnimalsBeingBros,15t9098,,0,https://i.redd.it/sc2ly0crrkib1.png,two dogs playing with each other on a rug
AnimalsBeingBros,15ajbzp,,0,https://i.redd.it/v289a0xwtdeb1.jpg,a couple of horses grazing in a field
