subreddit,post_id,image_index,image_url,caption
Art,1npf85u,0,https://i.redd.it/qwyyi17js4rf1.gif,the windmill is shown in a painting with a red sky
Art,1npcre4,0,https://i.redd.it/oj4kb0tib4rf1.jpeg,an oil painting of an alien smoking a cigarette
Art,1np81go,0,https://i.redd.it/s3wsqaw553rf1.jpeg,a painting of a dragon flying over a waterfall
Art,1npakq2,0,https://i.redd.it/1h0fe74hu3rf1.jpeg,a painting of a plant on top of books
Art,1nphsiv,0,https://i.redd.it/2ssmup9m95rf1.jpeg,an image of a robot with a green cloak
Art,1npfx2a,0,https://i.redd.it/myebgog8x4rf1.jpeg,a painting of a woman in a bathtub
Art,1np9l68,0,https://i.redd.it/4ar0zwxgl3rf1.jpeg,a woman in a red dress sitting on a red rose
Art,1noywel,0,https://i.redd.it/brq3vqkei0rf1.jpeg,a painting of the falls in autumn
Art,1npc12w,0,https://i.redd.it/s31u73v364rf1.jpeg,a drawing of a man with a mohawk and a sign that says punk
Art,1npj9e5,0,https://i.redd.it/kq7goxrmj5rf1.jpeg,a painting of hay bales in a field
Art,1np38k7,0,https://i.redd.it/ueqlf6mul1rf1.jpeg,a painting of a girl in a blue shirt
Art,1nplvmz,0,https://i.redd.it/scavwtrq06rf1.jpeg,a painting of a mountain range with a lake in the background
Art,1nomkuw,0,https://i.redd.it/whm66qdi1yqf1.jpeg,a cartoon drawing of two witches sitting on a checkered floor
Art,1npa8wm,0,https://i.redd.it/l4njmbrnr3rf1.jpeg,a painting of a woman in a blue top
Art,1nplhhb,0,https://i.redd.it/ae9wbbnry5rf1.jpeg,a black and white drawing of a man sitting on a bench
Art,1npiekj,0,https://i.redd.it/dnw9jisvd5rf1.jpeg,a watercolor painting of a man sitting on the beach
Art,1npf8vr,0,https://i.redd.it/j7bw3bmps4rf1.jpeg,a painting of a man cutting another man's hair
Art,1npj0xo,0,https://i.redd.it/dr4nl0g3i5rf1.jpeg,painting - car in the garden by julie mcclure
Art,1nonxaj,0,https://i.redd.it/k3alc66jayqf1.jpeg,a gold watch with black dial and roman numerals
Art,1npbmli,0,https://i.redd.it/6z5wqqvx24rf1.jpeg,a table with four donuts on it
Art,1npbmpa,0,https://i.redd.it/sj4fmgl034rf1.gif,a dark and gloomy cityscape with a man standing on a bridge
Art,1np3pup,0,https://i.redd.it/oozcaesqq1rf1.jpeg,a painting of cowboys riding horses in the desert
Art,1nolvta,0,https://i.redd.it/simspe3xwxqf1.jpeg,a skeleton sitting at a computer with a laptop
Art,1npdshw,0,https://i.redd.it/gz4n3pvui4rf1.jpeg,a painting of a woman in a dress sitting at a table
Art,1npjhsk,0,https://i.redd.it/pi76kgbcl5rf1.jpeg,an oil painting of waves and sky
Art,1nplb0k,0,https://i.redd.it/j4fkjochx5rf1.png,a drawing of a colorful abstract design
Art,1noehc3,0,https://i.redd.it/ot7127ujdwqf1.jpeg,a painting of a field of corn with a sky in the background
Art,1np4w57,0,https://i.redd.it/n2cgiigf32rf1.jpeg,a black and white drawing of a bust of a man
Art,1nou6pp,0,https://i.redd.it/d0ohq295hzqf1.jpeg,an oil painting of a foggy night with lights
Art,1nodzzg,0,https://i.redd.it/rv6vkbjp8wqf1.jpeg,a painting of a naked woman sitting on a blue blanket
Art,1npha37,0,https://i.redd.it/waj6cqxa65rf1.jpeg,a painting of a person holding a knife and fork
Art,1npk91x,0,https://i.redd.it/onmrynifq5rf1.jpeg,painting - poppy flowers by julie mcclure
Art,1nop5cm,0,https://i.redd.it/abqm2su9iyqf1.jpeg,two women standing next to each other by the ocean
Art,1npjqcl,0,https://i.redd.it/u62d90rxm5rf1.jpeg,a drawing of a man with a snake on his head
Art,1np2mcv,0,https://i.redd.it/xvq7x88ff1rf1.jpeg,a painting of a man on a horse with a sword
Art,1norai0,0,https://i.redd.it/f75c2vd8xyqf1.jpeg,a woman with blue hair and a blue sky
Art,1np6len,0,https://i.redd.it/txzrzckon2rf1.jpeg,a painting of a cloud in the sky with a blue sky
Art,1np7k4w,0,https://i.redd.it/ebn5gxnzy2rf1.jpeg,a painting of a woman with a veil on her head
Art,1npe0p4,0,https://i.redd.it/ij0g48mfk4rf1.jpeg,an octopus is holding a bottle of liquor and a bottle of wine
Art,1np2ohh,0,https://i.redd.it/o5lds774g1rf1.jpeg,an abstract painting on a white wall
Art,1np7q36,0,https://i.redd.it/7ksrwm5j13rf1.jpeg,a paper sculpture of a man with a sword
Art,1noq2lr,0,https://i.redd.it/45q2v94yoyqf1.jpeg,a painting of a man and woman with fish
Art,1norp2e,0,https://i.redd.it/s78w7pkyzyqf1.jpeg,a woman in a white dress with a bow and arrow
Art,1npfxp7,0,https://i.redd.it/myjhrk29x4rf1.png,a person standing in front of a painting
Art,1noozsw,0,https://i.redd.it/1jvui6dphyqf1.jpeg,a woman is standing in front of a dark object
Art,1noj84f,0,https://i.redd.it/bhmjv2a3fxqf1.jpeg,a painting of a bird with a hat and tie
Art,1nokj0y,0,https://i.redd.it/ypvqiartnxqf1.gif,a pink tree stands alone in a field with a pink sky
Art,1now9cp,0,https://i.redd.it/j3mqgr8kwzqf1.jpeg,a painting of a small house and a stream
Art,1nob86g,0,https://i.redd.it/iczmnutrcvqf1.jpeg,two women in dresses walking in a field
Art,1nouwgd,0,https://i.redd.it/u1a2qt1amzqf1.jpeg,a watercolor painting of a german shepherd dog
Art,1np0y37,0,https://i.redd.it/q2i9wpq001rf1.jpeg,a drawing of a rabbit with a sad face
Art,1nomx8n,0,https://i.redd.it/8e6zub0s3yqf1.jpeg,a girl with black hair and a red headband
Art,1noxtib,0,https://i.redd.it/p77fs47790rf1.png,a painting of a knight with a sword and shield
Art,1nogbrl,0,https://i.redd.it/6vc1q5qttwqf1.png,a heart shaped hook hanging from a rope
Art,1noyg2o,0,https://i.redd.it/a83qyqane0rf1.jpeg,the cover of the book is a painting of a woman in a dress
Art,1nomspc,0,https://i.redd.it/kfrm0yuy2yqf1.jpeg,a drawing of a woman with a rose in her hand
Art,1noqpu0,0,https://i.redd.it/lcnlxht9tyqf1.png,a skateboard with a flower and hourglass design
Art,1novbo6,0,https://i.redd.it/npvbux8fpzqf1.png,the poster for the psychedelic rock concert
Art,1nox5d7,0,https://i.imgur.com/k09Qkbj.jpeg,a drawing of a tree with a bird on it
Art,1non0vc,0,https://i.redd.it/1bg4flsz3yqf1.jpeg,a black and white photo of a black hole
Art,1noio22,0,https://i.redd.it/vpdgc7k6bxqf1.jpeg,"blue jug, lemon, and watercolor, oil on canvas, 12 x 12 inches"
Art,1noq03f,0,https://i.redd.it/31abpwsfoyqf1.png,a woman in a long dress with purple and green lights
Art,1nozefo,0,https://i.redd.it/2c76m9lhm0rf1.jpeg,a black and white drawing of a demon in the woods
Art,1noixdv,0,https://i.redd.it/hrmjqj90dxqf1.png,a painting on the wall
Art,1nnw7g5,0,https://i.redd.it/8r4an3hbqrqf1.jpeg,a rainy night with a car window with the words remember all too well
Art,1noiusb,0,https://i.redd.it/pyhvutshcxqf1.jpeg,a drawing of a heron standing on rocks
Art,1nolcz4,0,https://i.redd.it/md95anqftxqf1.jpeg,a framed picture with flowers and bees on it
Art,1noceqr,0,https://i.redd.it/2jybme74rvqf1.jpeg,a book with a picture of trees and water
Art,1nnljri,0,https://i.redd.it/kdwpaa74qpqf1.jpeg,a painting of a man in a suit standing over a green alien
Art,1no1qwt,0,https://i.redd.it/ij7wra4lusqf1.jpeg,a painting of a river and flowers by the water
Art,1nom99l,0,https://i.redd.it/7ukawwcdzxqf1.jpeg,a painting of a black man with palm trees in the background
Art,1nogzmb,0,https://i.redd.it/uq0ppeuyywqf1.jpeg,apple and orange watercolor on paper
Art,1noh44p,0,https://i.redd.it/cm7wf56xzwqf1.jpeg,a drawing of a yellow diving helmet with a hand and a plant
Art,1noj7z8,0,https://i.redd.it/f6xmxlxpexqf1.jpeg,a drawing of a woman with a black eye and green makeup
Art,1np1hi9,0,https://i.redd.it/oxfbtjmu41rf1.jpeg,a painting of a man flying through the sky with an angel
Art,1nonknm,0,https://i.redd.it/bjk2f5508yqf1.jpeg,a painting of people sitting at tables outside
Art,1noj82e,0,https://i.redd.it/7bloy6y2fxqf1.jpeg,a painting of a door with blood on it
Art,1nolnrc,0,https://i.redd.it/stm3h0zdvxqf1.jpeg,a painting of a tree with yellow and brown colors
Art,1no6efv,0,https://i.redd.it/gexp5u8bytqf1.jpeg,a painting of an old man with a beard
Art,1no4d5h,0,https://i.redd.it/6yl7pnvigtqf1.jpeg,the octopus is in the water with a boat and a ship
Art,1noqvvo,0,https://i.redd.it/nyr4bneeuyqf1.png,"a blue egg, a plane, and a blue egg"
Art,1nof6g7,0,https://i.redd.it/gne6wt16kwqf1.jpeg,a painting of a woman on a mountain with a blue sky
Art,1no710d,0,https://i.redd.it/1en8dfs24uqf1.jpeg,a drawing of a cat and a dog on a beach
Art,1nocx2j,0,https://i.redd.it/ai134bccwvqf1.png,a man standing in a room with debris and broken glass
Art,1nnni1v,0,https://i.redd.it/tv0z7w5i4qqf1.jpeg,a cartoon penguin and a penguin with a mask on it
Art,1nnhd50,0,https://i.redd.it/5shbe16ykoqf1.jpeg,an anime character with a sword and a chinese character
Art,1no158n,0,https://i.redd.it/iqc102cspsqf1.jpeg,a painting of a woman with a clown face and glasses
Art,1noowf0,0,https://i.redd.it/zc4l0xn1hyqf1.png,a couple kissing with chinese writing on it
Art,1no2k0f,0,https://i.redd.it/5yjzh8p91tqf1.jpeg,a painting of purple and yellow flowers
Art,1nnqz84,0,https://i.redd.it/yshxzm1orqqf1.jpeg,a cup and saucer with an octopus on it
Art,1nojbhd,0,https://i.redd.it/2m9fj49pfxqf1.png,the poster for the game luster
Art,1nop8ar,0,https://i.redd.it/vbv7ayq9jyqf1.png,a drawing of a boy holding a sunflower
Art,1nnxw1k,0,https://i.redd.it/2dfhjz2v1sqf1.jpeg,a painting of the sun shining through trees
Art,1nnwq4i,0,https://i.redd.it/2q8gettttrqf1.jpeg,a painting of a woman with flowers in her hair
Art,1nojj86,0,https://i.redd.it/7m2feep8hxqf1.png,thrush logo with a tongue and teeth
Art,1nnmtx1,0,https://i.redd.it/q7y3mbokzpqf1.jpeg,oil painting of bread and oil bottle
Art,1nnlflv,0,https://i.redd.it/hd9cf3d7ppqf1.jpeg,a drawing of a green and red alligator head
Art,1nnnvvl,0,https://i.redd.it/ct6yy3447qqf1.jpeg,a painting of a pond with plants and water
Art,1nnmnta,0,https://i.redd.it/fsrntui9ypqf1.jpeg,a painting of a pink rabbit and a sailboat
Art,1nnlz59,0,https://i.redd.it/fva52ao9tpqf1.jpeg,a painting of two women eating spaghetti with a brain on top
Art,1nncgsa,0,https://i.redd.it/wgnnfbz73nqf1.png,a watercolor painting of a nude woman laying on her back
Art,1nnn3vj,0,https://i.redd.it/6ab1f9yp1qqf1.jpeg,a painting with colorful splatters on a white wall
Art,1nn9ot0,0,https://i.redd.it/9ceswnc5emqf1.png,a cartoon girl in a dress with a flower in her hair
Art,1nntda4,0,https://i.redd.it/jhsdrg1l7rqf1.jpeg,a drawing of a woman in a bikini
Art,1nnzl9n,0,https://i.redd.it/kiisgvlzdsqf1.jpeg,a box of golf balls with faces drawn on them
Art,1nnu32w,0,https://i.redd.it/1z9lq6x8crqf1.jpeg,a painting of a woman with a candle in her hand
Art,1nnvv8x,0,https://i.redd.it/uodyk515orqf1.jpeg,"a watercolor painting of flowers with the words ""love"" and ""spring"""
Art,1nnsu0x,0,https://i.redd.it/ynxk5i1z3rqf1.jpeg,two women with guns standing next to each other
Art,1nn73w6,0,https://i.redd.it/oif8ve1eslqf1.jpeg,a painting of a grater with ribbons and other items
Art,1nnitae,0,https://i.redd.it/3n3mdfu01pqf1.jpeg,a drawing of a boy wearing sunglasses and a hat
Art,1nmy8tb,0,https://i.redd.it/dk7mtpgo0kqf1.jpeg,a painting of a deer in the grass
Art,1nndu4w,0,https://i.redd.it/o1vnyptcgnqf1.jpeg,a painting of an old man with a beard
Art,1nn2236,0,https://i.redd.it/lg35jq4hqkqf1.jpeg,a drawing of a woman sitting on her knees
Art,1nnn9jd,0,https://i.redd.it/xsmj9zuu2qqf1.jpeg,a drawing of a woman's face with a black and white background
Art,1nnw4li,0,https://i.redd.it/3zgot7pwprqf1.jpeg,a cartoon character with a black and white head and horns
Art,1nnx8zb,0,https://i.redd.it/2man2uojxrqf1.jpeg,a watercolor painting of a fairy sitting in a cup
Art,1nnnlkv,0,https://i.redd.it/klchrhn55qqf1.jpeg,a painting of a skeleton wearing a crown and holding a rainbow flag
Art,1nnnvf7,0,https://i.redd.it/zx1gafgx6qqf1.jpeg,a drawing of a tree in the snow with a person on a boat
Art,1nnpac9,0,https://i.redd.it/70hrxzeggqqf1.jpeg,a smiley face painted on a gold and silver canvas
Art,1nncc8x,0,https://i.redd.it/h3d53kog1nqf1.jpeg,a painting of a woman in a room with flowers
Art,1nnto3l,0,https://i.redd.it/n7edavdj9rqf1.png,two cartoon characters sitting on a ledge with crows
Art,1nn7uwx,0,https://i.redd.it/lmkoqp1oylqf1.jpeg,a painting of a woman with wings on her back
Art,1nn4scc,0,https://i.redd.it/yuw1umz0alqf1.jpeg,a blue and black photo of a heart
Art,1nn5tmt,0,https://i.redd.it/psay80wj34ce1.jpeg,a man standing in front of a car and a planet
Art,1nn4635,0,https://i.redd.it/qml4evmf5lqf1.jpeg,a painting of a tiger with green eyes
Art,1nnw82m,0,https://i.redd.it/c4rjc8wlqrqf1.jpeg,a drawing of a praying mantis in a frame
Art,1nncomv,0,https://i.redd.it/xs5719zg2nqf1.png,a painting of a lion with wings on the beach
Art,1nnobt9,0,https://i.redd.it/ahp2j3b6aqqf1.jpeg,a woman in a black and white dress is standing in front of a stained glass window
Art,1nnm24t,0,https://i.redd.it/t1uizikvtpqf1.jpeg,a painting of a woman with a face full of makeup
Art,1nne4b7,0,https://i.redd.it/7z44hx6ujnqf1.jpeg,two different pictures of a man in the field
Art,1nnwwya,0,https://i.redd.it/8qtl8ok7vrqf1.jpeg,a cartoon pumpkin is standing in front of a farm
Art,1nnwmz5,0,https://i.redd.it/lkixizjftrqf1.jpeg,a cartoon character with wings and a sword
Art,1nnwih5,0,https://i.redd.it/ypez5dzjsrqf1.jpeg,a embroidered tree with leaves and seeds
Art,1nn5t4m,0,https://i.redd.it/mofl2h7yhlqf1.jpeg,a painting of a house with green lights on the roof
Art,1nmuqo7,0,https://i.redd.it/ulzyhm0acjqf1.jpeg,a painting with flowers in a vase on a red background
Art,1nng06g,0,https://i.redd.it/1sbs955p4oqf1.jpeg,a painting of a sun face on a wall
Art,1nngi72,0,https://i.redd.it/zj52wvbsaoqf1.png,a large group of drawings of various animals
Art,1nng15b,0,https://i.redd.it/1xe7zx8y4oqf1.png,a girl with headphones and a cityscape in the background
Art,1nnhku9,0,https://i.redd.it/gio6fc8gnoqf1.jpeg,a painting of a woman with a flower in her hair
Art,1nnzhgd,0,https://i.redd.it/y1inqlg7dsqf1.jpeg,a graduation cap with a skull and sunflower
Art,1nnadeq,0,https://i.redd.it/0vj7ljn5kmqf1.jpeg,a painting of a ship in the ocean with a storm in the background
Art,1nmzm7p,0,https://i.redd.it/8ftggdzz9kqf1.jpeg,a painting of a woman sitting on the floor
Art,1nn2d41,0,https://i.redd.it/z7ojpbapskqf1.png,a woman in a white towel
Art,1nmwup3,0,https://i.redd.it/f6jnbqj1rjqf1.jpeg,a painting of a cow in a field
Art,1nmrgzz,0,https://i.redd.it/1n86isx9oiqf1.png,an octopus is shown in a black background
Art,1nmvns6,0,https://i.redd.it/b1gims0sijqf1.jpeg,a white plastic tiger statue on a black background
Art,1nnzhop,0,https://i.redd.it/r7stz4z8dsqf1.jpeg,a painting of a lion and a woman in the field
Art,1nn8dk1,0,https://i.redd.it/madawcb23mqf1.jpeg,a painting of a boy in a green dress and cats
Art,1nn5sz8,0,https://i.redd.it/1ukkd4xwhlqf1.png,a cartoon character in the desert with his arms outstretched
Art,1no34xk,0,https://i.redd.it/pem10crx5tqf1.png,a woman in a blue dress with long hair
Art,1nn8xko,0,https://i.redd.it/d56dfknt7mqf1.png,an owl sitting on a cross with a black and white design
Art,1nnqvyg,0,https://i.redd.it/vw7xv3v4rqqf1.jpeg,a poster with a geometric design and the words point of view
Art,1nn5n3q,0,https://i.redd.it/7epc6v5nglqf1.jpeg,a framed art print of a hand holding a pink object
Art,1nmt5cj,0,https://i.redd.it/yst8is701jqf1.jpeg,a painting of the night sky with trees and stars
Art,1nn3bil,0,https://i.redd.it/yuo2tztbzkqf1.jpeg,a drawing of a skull with a joker face
Art,1nn2s76,0,https://i.redd.it/ycotk0lnvkqf1.jpeg,a black and white photo of a woman riding a motorcycle
Art,1nn0mjp,0,https://i.redd.it/mhb2v19fgkqf1.jpeg,a painting of a boy walking through a gate
Art,1nmgvr0,0,https://i.redd.it/epilyvxsmfqf1.jpeg,a skateboard with a colorful design on it
Art,1nnav9z,0,https://i.redd.it/z7dn1zeiomqf1.jpeg,a painting of a jellyfish on a blue background
Art,1nmugkj,0,https://i.redd.it/qa9oyqv1ajqf1.jpeg,a painting of a desert road with trees
Art,1nmxe1z,0,https://i.redd.it/04s4xthsujqf1.jpeg,a painting of a bald man with his hand on his chin
Art,1nmwx88,0,https://i.redd.it/a9ivvo7jrjqf1.jpeg,watercolor painting of a mountain range with a river
Art,1nn6l01,0,https://i.redd.it/8n4bl36tnlqf1.jpeg,a painting of a boat in the water with a bridge in the background
Art,1nmiune,0,https://i.redd.it/pekzqa856gqf1.png,a painting of a woman in a field surrounded by flowers
Art,1nn39c0,0,https://i.redd.it/1tg94u2zykqf1.jpeg,a cartoon fish is flying over the water at sunset
Art,1nmefg3,0,https://i.redd.it/w2ructte0fqf1.jpeg,a drawing of a woman in a heart shape
Art,1nn2eyq,0,https://i.redd.it/0ibpsrq1tkqf1.jpeg,a drawing of a green lizard with red eyes
Art,1nn4xmd,0,https://i.redd.it/fy8zr946blqf1.jpeg,a painting of a woman sitting in a chair with a phone
Art,1nmqqjh,0,https://i.redd.it/u1n18qa3iiqf1.jpeg,a postcard with a map of the united kingdom
Art,1nlzr6b,0,https://i.redd.it/mev845pvybqf1.jpeg,a painting of a city street at night with a person walking under an umbrella
Art,1nn3nxw,0,https://i.redd.it/078hbq2p1lqf1.jpeg,an oil painting of a blue vase and oranges
Art,1nmhav1,0,https://i.redd.it/ds45lcosqfqf1.jpeg,abstract painting of colorful spirals on a blue background
Art,1nlzyim,0,https://i.redd.it/ztktajqe0cqf1.jpeg,a painting of a tiger with blue birds on it
Art,1nmmeil,0,https://i.redd.it/3yo0ixrm8hqf1.jpeg,a painting of cats on a wall with a clock
Art,1nmw063,0,https://i.redd.it/9m5nhs93ljqf1.gif,a pixel art game with a tower and a cat on top
Art,1nn5nak,0,https://i.redd.it/iubgoh2pflqf1.png,a wooden bridge in the woods with a stream
Art,1nmyj4h,0,https://i.redd.it/75vrpyrn2kqf1.png,a drawing of a crescent with a woman's face on it
Art,1nm4e1u,0,https://i.redd.it/jhugpx6lvcqf1.jpeg,a man standing in front of a window looking out at the city
Art,1nmv3uf,0,https://i.redd.it/f85thasnejqf1.jpeg,a woman in a bikini is holding a bottle
Art,1nmwokx,0,https://i.redd.it/sai756vopjqf1.jpeg,a painting of a river with trees and grass
Art,1nmoqqw,0,https://i.redd.it/fsjawo5ryhqf1.jpeg,a church is embroidered on a hoop with a tree
Art,1nmsxt3,0,https://i.redd.it/kmdeqsuhziqf1.jpeg,a painting of a woman with pink hair and eyes
Art,1nmimhe,0,https://i.redd.it/t2nmoxgt3gqf1.jpeg,a painting of a sailboat in the ocean
Art,1nml7oz,0,https://i.redd.it/3ijzy7lgvgqf1.jpeg,a drawing of a woman in a purple dress
Art,1nlv1ny,0,https://i.redd.it/l5w0emgwuaqf1.png,a painting of a house on the beach with trees and rocks
Art,1nm6xub,0,https://i.redd.it/k40f73cmddqf1.jpeg,a painting of a house in the fog
Art,1nmeyo2,0,https://i.redd.it/qmgghvq95fqf1.jpeg,a hand holding a cigarette in a hoop on a wall
Art,1nmf06n,0,https://i.redd.it/3ji3o5kn5fqf1.jpeg,a painting of a bird flying over a field
Art,1nlzyg1,0,https://i.redd.it/y7ogaezd0cqf1.jpeg,a painting of raspberries in a bowl
Art,1nn5h42,0,https://i.redd.it/fqet4b8cflqf1.jpeg,a painting with black squares on it
Art,1nmc9es,0,https://i.redd.it/q6rjtximheqf1.png,a woman holding a purple light in front of a window
Art,1nlnrnf,0,https://i.redd.it/ic40ey95p8qf1.png,a drawing of a statue of liberty with a man holding a knife
Art,1nm31yt,0,https://i.redd.it/df9e6665mcqf1.jpeg,a painting of three children playing on the beach
Art,1nmizza,0,https://i.redd.it/jglraxip7gqf1.jpeg,a drawing of a man with a butterfly on his head
Art,1nm7m8u,0,https://i.redd.it/q3glkkchidqf1.jpeg,a drawing of a crocodile on a piece of paper
Art,1nmd8wc,0,https://i.redd.it/fesq5wxwpeqf1.jpeg,a painting of a tree in the woods
Art,1nlxagz,0,https://i.redd.it/jzxfesq1gbqf1.jpeg,a painting of a man wearing a hat and sunglasses
Art,1nmw343,0,https://i.redd.it/nv1q2nk8ljqf1.png,the game is called luster
Art,1nly6ue,0,https://i.redd.it/47umds5bnbqf1.jpeg,owl painting on canvas by person
Art,1nlz892,0,https://i.redd.it/rwii1tcqubqf1.jpeg,a digital painting of a woman with red hair
Art,1nm3k4x,0,https://i.redd.it/6d8rdvynpcqf1.jpeg,a drawing of a woman with a black hair
Art,1nlsygz,0,https://i.redd.it/bc7v9ypn7aqf1.jpeg,a pencil drawing of an old man with glasses
Art,1nlwdol,0,https://i.redd.it/0h606w608bqf1.jpeg,a painting of a path through a field
Art,1nm736y,0,https://i.redd.it/iwprfvincdqf1.png,a woman holding a green glowing sword
Art,1nmdqdi,0,https://i.redd.it/5enqui08ueqf1.jpeg,a painting of a man with dreadlocks on a purple background
Art,1nlerho,0,https://i.redd.it/noz4ww6ym6qf1.jpeg,a leopard and unicorn are standing next to each other
Art,1nlpqe4,0,https://i.redd.it/hqea10ct89qf1.jpeg,a large sculpture made out of many different pieces of metal
Art,1nmalke,0,https://i.redd.it/b1b0yv9n4eqf1.png,a painting of a mountain range with a sun in the sky
Art,1nmbjcf,0,https://i.redd.it/iqgfwg71ceqf1.jpeg,a drawing of a man in a cloak standing in front of a statue
Art,1nlwc5z,0,https://i.redd.it/fg3gid0o7bqf1.jpeg,a drawing of a frog sitting on a branch
Art,1nlvqv6,0,https://i.redd.it/upza10942bqf1.jpeg,a drawing of a giant monster sitting on a mountain
Art,1nltgii,0,https://i.redd.it/2ajo74ludaqf1.jpeg,a painting of a woman with dark hair
Art,1nlhsdm,0,https://i.redd.it/cglzf7gi97qf1.jpeg,a painting with a square and orange and blue clouds
Art,1nlsd08,0,https://i.redd.it/s3mxa5091aqf1.png,a painting of jesus with his eyes closed
Art,1nm1s3x,0,https://i.redd.it/8ams5ve4dcqf1.jpeg,a painting of the sunset over a backyard
Art,1nl2fbk,0,https://i.redd.it/6fuwmlei94qf1.jpeg,a painting of a woman laying on a bed
Art,1nlm4l2,0,https://i.redd.it/phicfsr2a8qf1.jpeg,a painting of a bald man with a beard
Art,1nlxun7,0,https://i.redd.it/yu5j2spckbqf1.jpeg,a black and white photo of a man holding his chest
Art,1nls1hr,0,https://i.redd.it/3n2gu63ox9qf1.jpeg,a drawing of a woman in a swimsuit
Art,1nlctoo,0,https://i.redd.it/3fi8or0996qf1.jpeg,a painting of a woman with flowers on her head
Art,1nlm3t3,0,https://i.redd.it/wo4o8xrv98qf1.jpeg,a painting of people walking in the rain
Art,1nlc3ln,0,https://i.redd.it/w5wtatr946qf1.jpeg,a woman in armor sitting on a bench with a bow
Art,1nlxldk,0,https://i.redd.it/ud0hnunkibqf1.jpeg,a painting of a woman with flowers on her neck
Art,1nlkf2u,0,https://i.redd.it/f4ao6z9yu7qf1.jpeg,a drawing of a skull with a face on it
Art,1nm01d9,0,https://i.redd.it/1x475qny0cqf1.jpeg,a drawing of a woman in a costume with a leopard
Art,1nllx5q,0,https://i.redd.it/bc7c6u0988qf1.jpeg,a painting of a cat sitting on a pumpkin in front of a tree
Art,1nlz2zk,0,https://i.redd.it/rluuxg7vtbqf1.jpeg,a drawing of a plant with flowers
Art,1nlkf73,0,https://i.redd.it/ha24oo6zu7qf1.jpeg,a painting of a girl with a black cat
Art,1nldujg,0,https://i.redd.it/3p2p2dr6g6qf1.png,the village of the brave
Art,1nl4aa1,0,https://i.redd.it/ro1o7s2hn4qf1.png,the cover of the album by the band the xx
Art,1nl1tia,0,https://i.redd.it/2okrsxhh44qf1.png,a cartoon house with a chimney and a tree
Art,1nltxol,0,https://i.redd.it/v7zk3cc9jaqf1.jpeg,a painting of a red and black nebula
Art,1nl5d0q,0,https://i.redd.it/j0iyy2n0v4qf1.jpeg,a painting of a landscape with a stream and mountains
Art,1nm2dfb,0,https://i.redd.it/vci87j09hcqf1.png,a drawing of a woman with green hair and blue eyes
Art,1nlm69t,0,https://i.redd.it/xrserj5ca8qf1.jpeg,two hands with the same hand pointing up and down
Art,1nlncwg,0,https://i.redd.it/vqemvrnfl8qf1.jpeg,the earth is surrounded by red bricks
Art,1nlx6m5,0,https://i.redd.it/arzd06t4fbqf1.jpeg,a red and black painting with a man and a woman
Art,1nlqygr,0,https://i.redd.it/cqccvncql9qf1.jpeg,a cartoon of a man in a yellow tank top and a monkey in a washing machine
Art,1nl95eo,0,https://i.redd.it/3kuk37kik5qf1.jpeg,a painting of the sunset over the ocean
Art,1nl8vhm,0,https://i.redd.it/py7tzsuki5qf1.jpeg,a painting of a moon over a body of water
Art,1nkvr66,0,https://i.redd.it/qjs9af5gb2qf1.jpeg,a black and white portrait of a man with a beard
Art,1nkmb36,0,https://i.redd.it/q3baazc110qf1.jpeg,a woman in high heels and a cat
Art,1nlgc0c,0,https://i.redd.it/wiowicrfy6qf1.png,a wooden plaque with a drawing of a ship on it
Art,1nkz6li,0,https://i.redd.it/bbc6k7boe3qf1.jpeg,a drawing of a man holding a knitting needle
Art,1nls6eg,0,https://i.redd.it/0xrzg5v0z9qf1.png,a painting of a group of people in front of a colorful background
Art,1nlf0yt,0,https://i.redd.it/yer0rgcro6qf1.jpeg,a man and woman standing in a restaurant
Art,1nkz8h2,0,https://i.redd.it/ilemlyz8f3qf1.jpeg,a drawing of a woman with curly hair
Art,1nl47q5,0,https://i.redd.it/8i9wz62um4qf1.jpeg,an oil painting of a stream in a field
Art,1nlwdif,0,https://i.redd.it/qppvtlf2gaqf1.jpeg,a man standing in a field with a red sky
Art,1nll508,0,https://i.redd.it/m6qs2v7c18qf1.jpeg,a painting of water with waves in black and white
Art,1nl4r4j,0,https://i.redd.it/8xod706tq4qf1.jpeg,a dark and ominous image of a demon with a skull on it
Art,1nlcv14,0,https://i.redd.it/597u56we96qf1.png,the cover of the album by the band the black keys
Art,1nkzpm4,0,https://i.redd.it/f9cwqe49k3qf1.png,a painting of a cat laying on a tile floor
Art,1nkifwo,0,https://i.redd.it/68zqmpku9zpf1.jpeg,a painting of a cat in a field of grass
Art,1nko9y6,0,https://i.redd.it/hcji3bqlg0qf1.jpeg,a painting of a taco and a flower
Art,1nk92no,0,https://i.redd.it/63za99vtixpf1.jpeg,a painting of a pumpkin patch with a skeleton in the middle
Art,1nl28gl,0,https://i.redd.it/lroxe8is74qf1.png,a digital painting of a man with dark hair
Art,1nlih96,0,https://i.redd.it/eoufiva2f7qf1.png,a pink and blue cartoon figure
Art,1nkpkwc,0,https://i.redd.it/us0uts4fr0qf1.jpeg,a painting of a colorful sky and clouds
Art,1nl3ffh,0,https://i.redd.it/s7t2sf27h4qf1.jpeg,a painting of trees and birds in the sky
Art,1nl9mjy,0,https://i.redd.it/eskcpvtnn5qf1.jpeg,a painting of a fairy with blue wings
Art,1nlacjr,0,https://i.redd.it/bjx0ttvgs5qf1.png,a painting of waves at night with a full moon
Art,1nkvc1l,0,https://i.redd.it/bu3vgvd372qf1.png,a watercolor painting of a blue bird sitting on a branch
Art,1nkve26,0,https://i.redd.it/n4dde6xl72qf1.jpeg,a painting of a woman with long hair
Art,1nl2d0b,0,https://i.redd.it/m7spetps84qf1.jpeg,a river flowing through a forest with rocks and trees
Art,1nkcwzi,0,https://i.redd.it/sxhglbzw8ypf1.jpeg,two drawings of a nude woman sitting on a chair
Art,1nl88ii,0,https://i.redd.it/ckpvahw2e5qf1.jpeg,a painting of a forest with trees and water
Art,1nla3p8,0,https://i.redd.it/85tex86wq5qf1.jpeg,a painting of two hands reaching out to each other
Art,1nkyzmv,0,https://i.redd.it/e4wuc46ic3qf1.jpeg,a painting of a man standing in front of a trailer
Art,1nl0uog,0,https://i.redd.it/7b5smvfmv3qf1.jpeg,a newspaper with a picture of two men in uniform
Art,1nkrv2l,0,https://i.redd.it/4uqlzbbla1qf1.jpeg,a drawing of a tree and a lake
Art,1nl9hmc,0,https://i.redd.it/8o1dslism5qf1.jpeg,a drawing of a girl with blue hair and a bow on her head
Art,1nkstnp,0,https://i.redd.it/84ggmoe1j1qf1.jpeg,a painting of two children sitting on a tree
Art,1nkhr3u,0,https://i.redd.it/tls83feb5zpf1.jpeg,a painting of a rainbow over the beach
Art,1nkdwf9,0,https://i.redd.it/shaz31xhfypf1.jpeg,a painting of trees in a forest with a blue sky
Art,1nkm9ww,0,https://i.imgur.com/vlYtoAu.jpeg,a drawing of a tree with a bird on it
Art,1nk6p56,0,https://i.redd.it/lbkmxrz11xpf1.jpeg,a drawing of a bunch of eyes and other creepy things
Art,1nku6lb,0,https://i.redd.it/qd0meipkv1qf1.jpeg,a wolf with green eyes and a black face
Art,1nkxe5c,0,https://i.redd.it/3qd9km0wt2qf1.png,a painting of a girl in a red dress sitting on a roof with a bat and a cat
Art,1nkrf98,0,https://i.redd.it/crzhrzsv61qf1.png,a painting of a bull with horns and a starry sky
Art,1nk18pa,0,https://i.redd.it/8urmuqqycvpf1.jpeg,a drawing of a man walking through a stone arch
Art,1nl581v,0,https://i.redd.it/gxr85q44u4qf1.png,a large painting of a man with a beard and a beard
Art,1nkna9g,0,https://i.redd.it/xduevy5l80qf1.jpeg,"an abstract painting with red, green and blue colors"
Art,1nkp1d5,0,https://i.redd.it/h69l9j1xm0qf1.jpeg,a drawing of a girl with blood on her face
Art,1nkp46u,0,https://i.redd.it/jf7poakkn0qf1.jpeg,a painting of two people hugging on a purple background
Art,1nkm4vg,0,https://i.redd.it/yir9x8lnzzpf1.jpeg,a painting of a man with his head in his hands
Art,1nkj0kz,0,https://i.redd.it/yqfy3bdodzpf1.png,a digital painting of a cat sitting on a gray background
Art,1nkq8i0,0,https://i.redd.it/qfpe464zw0qf1.jpeg,a painting of a woman sitting on a bench with a bottle of wine
Art,1nkqgvf,0,https://i.redd.it/85hdlpjxy0qf1.jpeg,a man in a green suit holding a green light
Art,1nka66g,0,https://i.redd.it/lo389ltnqxpf1.jpeg,a green stone pendant with copper wire wrapped around it
Art,1nk70t4,0,https://i.redd.it/gh6yl0xm3xpf1.png,an astronaut is talking to a man on the moon
Art,1nkvg2r,0,https://i.redd.it/ac5o8ky982qf1.jpeg,a drawing of a flying car with a red and white propeller
Art,1nkvaew,0,https://i.redd.it/nx58lbk362qf1.jpeg,the cover of despair by the band the black keys
Art,1njqr3o,0,https://i.redd.it/ciq7xriwsspf1.jpeg,a poster with a pumpkin in the woods
Art,1nkl7wf,0,https://i.redd.it/l0rbxh2sszpf1.jpeg,an abstract painting with three eggs in orange and black
Art,1nkrey6,0,https://i.redd.it/2tk0u09u61qf1.jpeg,a painting of a man with antlers and a duck
Art,1nkpemt,0,https://i.redd.it/w9n0fg8xp0qf1.jpeg,a drawing of two women looking at the moon
Art,1nk0087,0,https://i.redd.it/xo4rw8k71vpf1.jpeg,a drawing of a knight in armor
Art,1nkf7nj,0,https://i.redd.it/qv9twh28oypf1.jpeg,a drawing of a group of people in a line
Art,1nkkfoi,0,https://i.redd.it/f8futjplnzpf1.jpeg,a painting of a woman wearing sunglasses and holding a red object
Art,1nkmaw1,0,https://i.redd.it/kwsesckz00qf1.jpeg,a drawing of a dog with its mouth open
Art,1nksp7b,0,https://i.redd.it/uj8a8g0oh1qf1.png,a painting of a tree
Art,1nk9yht,0,https://i.redd.it/r9byhk67pxpf1.jpeg,a woman in a red dress holding a purse
Art,1nk3yst,0,https://i.redd.it/t0d1n0hiawpf1.gif,a man in a suit mowing the lawn with a cat
Art,1nke6pe,0,https://i.redd.it/d4b2vxh6hypf1.jpeg,a drawing of a church with a tower in the background
Art,1nkg1rp,0,https://i.redd.it/vtnl2m8ptypf1.jpeg,a painting of a black man with a hat on
Art,1nkqsv4,0,https://i.redd.it/mptgdgvm11qf1.jpeg,two women in swimsuits standing next to each other
Art,1nkiwpo,0,https://i.redd.it/tlcdwn34dzpf1.jpeg,a piece of art with a gold and black design
Art,1nkp9qz,0,https://i.redd.it/lg0lvg89o0qf1.png,"a collage of yellow, green and red with a yellow bird"
Art,1nkjlf9,0,https://i.redd.it/kowugwhshzpf1.jpeg,a digital painting of a flower with purple and green colors
Art,1njtjv3,0,https://i.redd.it/egeihokletpf1.jpeg,a painting of a cat with a hat and a bird
Art,1nk9hzu,0,https://i.redd.it/9m2kieo2mxpf1.jpeg,a painting of a waterfall and palm trees in the water
Art,1nje3ws,0,https://i.redd.it/mkgnw81efqpf1.jpeg,a painting of aspen trees in the fall
Art,1nkbbtf,0,https://i.redd.it/5fbvq10jyxpf1.png,a cartoon of a street scene
Art,1nkii9b,0,https://i.redd.it/imf4mxyeazpf1.jpeg,a drawing of a man and a woman
Art,1njy7om,0,https://i.redd.it/6jtg2cbviupf1.jpeg,a painting of a cow
Art,1nke44t,0,https://i.redd.it/uvafwzrxgypf1.jpeg,a painting of a girl and a sheep
Art,1nkb7cw,0,https://i.redd.it/p6zm67uoxxpf1.jpeg,a collage of people and a house on a bridge
Art,1nkm6km,0,https://i.redd.it/3lis4s0dzzpf1.gif,a framed photograph of the ocean with waves crashing on rocks
Art,1nk0ngs,0,https://i.redd.it/enpqbrk88vpf1.jpeg,a painting of a green leaf on a white wall
Art,1njj317,0,https://i.redd.it/vttril1hcrpf1.jpeg,a painting of a naked woman with stripes
Art,1njshj6,0,https://i.redd.it/pqpalo6w5tpf1.jpeg,a painting of a woman sitting on the floor with a gun
Art,1nk6shm,0,https://i.redd.it/4yd8mxrr1xpf1.jpeg,a bed with a pillow
Art,1njmy5t,0,https://i.redd.it/y6s9wrvz1spf1.jpeg,a blue sky with clouds and power lines
Art,1nkj7w1,0,https://i.redd.it/awt2lxn7fzpf1.png,a green fern leaf is shown in the dark
Art,1nk8bh7,0,https://i.redd.it/or5cn9hmdxpf1.jpeg,a painting of a field with trees and mountains
Art,1nk6qsw,0,https://i.redd.it/g8bs71cg1xpf1.jpeg,a digital painting of a woman with red hair
Art,1nk3n0a,0,https://i.redd.it/0kr0stcq6wpf1.png,a gecko and lizard pattern on a gray background
Art,1nja3bs,0,https://i.redd.it/1mn3kco1jppf1.jpeg,a painting of a naked woman in a bathtub with flowers
Art,1njku5n,0,https://i.redd.it/eq5sjpygnrpf1.jpeg,a cartoon girl with a hat and a fish
Art,1nk94bp,0,https://i.redd.it/03eew0zdjxpf1.jpeg,a cartoon drawing of a man with a beard and a bottle of beer
Art,1nk3re3,0,https://i.redd.it/bl0k70468wpf1.jpeg,a painting of a man with a cowboy hat on
Art,1njjzzd,0,https://i.redd.it/252l7l4firpf1.jpeg,an oil painting of an egg on toast
Art,1nk60j7,0,https://i.redd.it/xzhdjk46vwpf1.jpeg,a drawing of a man sitting on a chair with a cloth covering his body
Art,1nj9agu,0,https://i.redd.it/gol74ty1bppf1.jpeg,an abstract painting with two spheres and a gold frame
Art,1njjc0r,0,https://i.redd.it/p97c5op3erpf1.jpeg,a woman with purple hair and blue eyes
Art,1njes0e,0,https://i.redd.it/ty0lqwj1kqpf1.jpeg,a painting of a crocodile with stars on it
Art,1nju9zu,0,https://i.redd.it/lab7ejvnktpf1.jpeg,a purple and pink star with a woman standing in front of it
Art,1njfcfw,0,https://i.redd.it/lqh4eicvnqpf1.jpeg,a painting of a woman with a sword in her hand
Art,1nk34sy,0,https://i.redd.it/ebi9a09u0wpf1.jpeg,a cartoon character standing next to a ghost
Art,1njk4u4,0,https://i.redd.it/g3k1fv84jrpf1.jpeg,a drawing of a bird with a top hat and eye
Art,1niqc85,0,https://i.redd.it/6a60sqnr6kpf1.jpeg,a painting of a dog holding a red tablet
Art,1njhlwz,0,https://i.redd.it/a8fdov5l2rpf1.png,a drawing of a knight in armor
Art,1njo6g9,0,https://i.redd.it/t46l9d5haspf1.jpeg,a painting of a zombie with a long black dress on
Art,1njk843,0,https://i.redd.it/5txdkrvujrpf1.jpeg,a painting of a gas station at dusk
Art,1nj73iy,0,https://i.redd.it/1avtvy39mopf1.jpeg,a red drawing of two cats hugging each other
Art,1njn43p,0,https://i.redd.it/tazvkll33spf1.jpeg,a painting of a colorful tree in the woods
Art,1njrcul,0,https://i.redd.it/nebenrmcxspf1.jpeg,a drawing of a bird with a sun in the background
Art,1njp39v,0,https://i.redd.it/4sl06iuvgspf1.jpeg,a purple and white circular painting with dots
Art,1njf955,0,https://i.redd.it/hb5gq8d9nqpf1.jpeg,a painting of a street with a bridge over it
Art,1njcpw6,0,https://i.redd.it/5q50xt985qpf1.jpeg,a framed print of a cartoon monster with a bird on top
Art,1njjhfg,0,https://i.redd.it/8oou8jz2frpf1.jpeg,a painting of a green and purple plant
Art,1nj40vm,0,https://i.redd.it/trdhxy2oonpf1.jpeg,three large octopus paintings on wooden panels
Art,1njepmm,0,https://i.redd.it/n9vwzblljqpf1.jpeg,a painting of a boy holding a rabbit in a frame
Art,1nj3f4f,0,https://i.redd.it/80g4v5puinpf1.jpeg,a painting of the ocean and a beach under a cloudy sky
Art,1njmy86,0,https://i.redd.it/9rgb5b502spf1.jpeg,painting - jazz man by person
Art,1nix8bo,0,https://i.redd.it/pnetozxy0mpf1.jpeg,a painting of a woman with a butterfly in her hair
Art,1nj1az7,0,https://i.redd.it/eyugjhpvzmpf1.jpeg,the cover of a black and red album with a red demon sitting on the ground
Art,1niy53v,0,https://i.imgur.com/QJzPuVV.jpeg,a drawing of a nude woman with her back turned
Art,1njjvez,0,https://i.redd.it/2na5oqqmhrpf1.jpeg,a cartoon drawing of a shark and a bottle
Art,1niezqm,0,https://i.redd.it/14st2dowjipf1.jpeg,a flag made of flowers and leaves
Art,1nj5yi3,0,https://i.redd.it/ugmh4gz49opf1.jpeg,a painting of a man in a hat walking through a corn field
Art,1njkghg,0,https://i.redd.it/97b4pzwalrpf1.jpeg,a painting of a man floating in space with a planet in the background
Art,1njgu5x,0,https://i.redd.it/7czml73uxqpf1.png,a man in a gold costume is holding a sword
Art,1njhrdy,0,https://i.redd.it/2hisw0rs3rpf1.jpeg,a spider and a cloud are in a frame with a pink background
Art,1nj4l21,0,https://i.redd.it/vi405ufgunpf1.png,a drawing of a cube with different pictures on it
Art,1njeyzy,0,https://i.redd.it/jh4hkf7ykqpf1.jpeg,a painting of a farm and a stream
Art,1njcszw,0,https://i.redd.it/pghtwilv5qpf1.jpeg,a painting of a woman with blue eyes
Art,1njjpcb,0,https://i.redd.it/bifsv57jgrpf1.jpeg,a drawing of a cat with a face and a hat
Art,1nimy27,0,https://i.redd.it/2r2ipxjc4kpf1.jpeg,a naked man with flowers on his head
Art,1ningwn,0,https://i.redd.it/ds5p4s4s7kpf1.jpeg,a cartoon drawing of a woman in bunny ears
Art,1njihwf,0,https://i.redd.it/6v61wp5n8rpf1.jpeg,a painting of a woman with her back to the viewer
Art,1njcz72,0,https://i.redd.it/ox78ma147qpf1.jpeg,a painting of a woman in a forest with trees
Art,1nif98r,0,https://i.redd.it/k18xdjfmlipf1.jpeg,a painting of a woman in lingerie laying on a bed
Art,1nijzz2,0,https://i.redd.it/ja3tptwskjpf1.jpeg,a painting of a waterfall in a forest
Art,1nj5tci,0,https://i.redd.it/dzs2419i7opf1.jpeg,a drawing of a man with long hair and beard
Art,1nj3yer,0,https://i.redd.it/whp1vlsznnpf1.jpeg,a painting with abstract shapes and colors
Art,1nj4b6q,0,https://i.redd.it/ulwdttblrnpf1.jpeg,a crow with a red hat and a red bird on it
Art,1nj68dm,0,https://i.redd.it/2mx7j0m3copf1.png,a drawing of a girl on the beach
Art,1nj8g82,0,https://i.redd.it/qpavs3x12ppf1.jpeg,a man is sitting in a red and blue box
Art,1nigv30,0,https://i.redd.it/laqxbsc3zipf1.jpeg,a large insect on a table in front of a wall
Art,1nigsqt,0,https://i.redd.it/cw7pl7xmyipf1.jpeg,a cartoon character standing in front of a mountain
Art,1nit592,0,https://i.redd.it/6c38ec4u8lpf1.jpeg,a girl wearing a mask and a yellow jacket
Art,1njb0lr,0,https://i.redd.it/jioxnx9nrppf1.png,a man on a long pole walking through a field
Art,1nitrn8,0,https://i.redd.it/0kea9r46dlpf1.jpeg,pastel painting of a field of poppies
Art,1niexfg,0,https://i.redd.it/9712azd5jipf1.jpeg,a watercolor painting of a vase with flowers and a bottle
Art,1nico6y,0,https://i.redd.it/5oirtw91whpf1.jpeg,a painting of a boy holding a cake and a fish
Art,1nj4juq,0,https://i.redd.it/h5feboy3unpf1.jpeg,caesar's humble servants
Art,1nivwpd,0,https://i.redd.it/xfjusv4cslpf1.jpeg,a black and white drawing of a man's face
Art,1nilkrc,0,https://i.redd.it/7uwpb1fyujpf1.jpeg,a painting of a path in the woods
Art,1nj430r,0,https://i.redd.it/bzxxqkp9pnpf1.png,a watercolor painting of a statue of a woman
Art,1nivyis,0,https://i.redd.it/23aihkhoslpf1.jpeg,a woman laying on a bed covered in moss
Art,1nii8pn,0,https://i.redd.it/wixw0qrs8jpf1.jpeg,a painting of a table with a vase of flowers on it
Art,1nifn2c,0,https://i.redd.it/sl84bu9gpipf1.jpeg,a drawing of a skull with hands holding it up
Art,1ninhrr,0,https://i.redd.it/lsmtg5st7kpf1.jpeg,a painting of a skeleton holding a red apple
Art,1nj1qhc,0,https://i.redd.it/06xguvfj3npf1.jpeg,a character with purple hair and purple eyes
Art,1niomzu,0,https://i.redd.it/xv8l523afkpf1.jpeg,a ceramic rabbit with a mustache and a mustache
Art,1nim8v9,0,https://i.redd.it/upyeva0ozjpf1.jpeg,a painting of trees in the forest at night
Art,1nhyak7,0,https://i.redd.it/iiiy5zq49epf1.jpeg,a painting of a man and a goat with gas masks
Art,1nivupi,0,https://i.redd.it/juixiyfwrlpf1.png,a painting of a clock tower and a motorcycle
Art,1niojb7,0,https://i.redd.it/rs8hjeamekpf1.jpeg,a sculpture made of colorful blocks on a stand
Art,1nj6ifu,0,https://i.redd.it/hl2kxrhdfopf1.jpeg,a man in a black suit with a glowing light
Art,1niq6mb,0,https://i.redd.it/x7d1vme8pkpf1.jpeg,a cartoon drawing of a house with ghosts and bats
Art,1nijctk,0,https://i.redd.it/hozwh2iagjpf1.png,a man standing next to a large spaceship in the desert
Art,1nif6ei,0,https://i.redd.it/k7b5vjiklipf1.jpeg,a painting of a hand holding a cigarette and a colorful paint splatter
Art,1nis437,0,https://i.redd.it/o13785602lpf1.jpeg,a table full of food
Art,1nisvdh,0,https://i.redd.it/us13odl17lpf1.jpeg,a woman with long hair and flowers in her hair
Art,1nhywex,0,https://i.redd.it/zerzk8zqdepf1.jpeg,a gun with a metal barrel and a red handle
Art,1nipk0x,0,https://i.redd.it/b9e7blx8kkpf1.jpeg,a glass of red liquid sitting on a table
Art,1nig231,0,https://i.redd.it/cavyayzmsipf1.jpeg,a black and white drawing of a tree on top of rocks
Art,1ni79ej,0,https://i.redd.it/57z22qh49gpf1.jpeg,a street with a painting of a boat on it
Art,1ni3vqp,0,https://i.redd.it/3gzjo2lwffpf1.jpeg,a painting of a red house by the water
Art,1nigeph,0,https://i.redd.it/js6kbswlvipf1.jpeg,a watercolor painting of a man sitting at a table
Art,1nicrgo,0,https://i.redd.it/kef6e2l0xhpf1.png,a fish with a bottle of liquid on it
Art,1nii9gg,0,https://i.redd.it/g491eeb49jpf1.jpeg,a blue cat wearing a crown and holding a sword
Art,1niqbpx,0,https://i.redd.it/8md13cr5qkpf1.jpeg,a drawing of a man with a face and a woman
Art,1nimtxs,0,https://i.redd.it/rnsqz1jf3kpf1.jpeg,a rainbow trout is shown on a white background
Art,1ni6uvn,0,https://i.redd.it/0x0y778w4gpf1.jpeg,a colorful painting with waves and waves
Art,1ninji7,0,https://i.redd.it/lpm4xv598kpf1.png,a black and white rabbit sitting on a table
Art,1nir3j5,0,https://i.redd.it/9s2gfx90vkpf1.jpeg,a large carved wood panel depicting people and animals
Art,1nif8t5,0,https://i.redd.it/yr9vcxj6mipf1.jpeg,a drawing of an eye with a rainbow and other stickers
Art,1nip79q,0,https://i.redd.it/m28gm9gpikpf1.jpeg,a painting of two horses in front of a stone building
Art,1niigl1,0,https://i.redd.it/byl684rfajpf1.jpeg,a drawing of a man in a cowboy hat standing next to a cactus
Art,1nihvy0,0,https://i.redd.it/j8grcbsg6jpf1.jpeg,a painting of a man and two children sitting on a bench
Art,1nioeds,0,https://i.redd.it/mspphozpdkpf1.jpeg,a painting of a mountain range with a river
Art,1niry4l,0,https://i.redd.it/bmwkn8cw0lpf1.jpeg,a drawing of a man holding a yellow bird
Art,1niobvv,0,https://i.redd.it/btcrkhw7dkpf1.png,a drawing of a woman in green and black
Art,1nijepr,0,https://i.redd.it/xsr3tl4mgjpf1.png,the interior of a ship with many lights
Art,1nhhk7b,0,https://i.redd.it/5onuxnl3wapf1.jpeg,a drawing of a woman holding a drink
Art,1nilu3q,0,https://i.redd.it/z4ee8z1zwjpf1.jpeg,a painting of a blue robot holding a cigarette
Art,1nigkuq,0,https://i.redd.it/0yq37wbrwipf1.jpeg,a drawing of a woman with snakes on her head
Art,1nibtzn,0,https://i.redd.it/amyjjtidmhpf1.jpeg,a black and white drawing of a flower
Art,1nif8o6,0,https://i.redd.it/5kqlqgq1mipf1.jpeg,a painting of a forest scene with trees and water
Art,1nicd3q,0,https://i.redd.it/h70c5kl6shpf1.jpeg,a painting of a wolf with a black background
Art,1nhp59i,0,https://i.redd.it/ffjpurh6lcpf1.jpeg,a black and white drawing of a woman standing in front of a house
Art,1nisdal,0,https://i.redd.it/1kaufs0l3lpf1.jpeg,a colorful painted ornament with a rainbow and trees
Art,1nhyiux,0,https://i.redd.it/q4fgr8wtaepf1.jpeg,a painting of a witch on a broom with a hat
Art,1ni2bpd,0,https://i.redd.it/r3repv4v2fpf1.jpeg,a painting of a skeleton with a hand and a hand with a hand
Art,1nhlaak,0,https://i.redd.it/xbklpi2fubpf1.jpeg,a woman laying on the floor with a record player
Art,1niokh3,0,https://i.redd.it/fngbl42uekpf1.jpeg,a sculpture of a hot dog on a pedestal
Art,1nifp18,0,https://i.redd.it/8qsl6qhxpipf1.jpeg,a colorful drawing of faces with different colors
Art,1ni22py,0,https://i.redd.it/h09m7qi91fpf1.jpeg,a colorful painting of a circular design with many beads
Art,1ni85xx,0,https://i.redd.it/9y1urb9vhgpf1.jpeg,a painting of a tree in the middle of a field
Art,1nhq6b0,0,https://i.redd.it/br3zex21scpf1.png,a woman walking down a path with an umbrella
Art,1ni3w1h,0,https://i.redd.it/r4i721dzffpf1.jpeg,a woman in a dress and flowers is surrounded by a circle
Art,1nhz13b,0,https://i.redd.it/cwir0yvmeepf1.jpeg,a painting of a woman in a dress with a sword
Art,1nhmpmy,0,https://i.redd.it/hy1a6dgw4cpf1.jpeg,an oil painting of a tree in a field
Art,1nhf0ew,0,https://i.redd.it/5rb98jcb2apf1.jpeg,a painting of a man smoking a cigarette
Art,1ni4j2o,0,https://i.redd.it/md9n2kmblfpf1.jpeg,an astronaut floating in space on a blue background
Art,1nhrgpn,0,https://i.redd.it/ajmyi1nk0dpf1.jpeg,a drawing of a woman in a clown costume on a piece of paper
Art,1nh00wg,0,https://i.redd.it/22vbrytfj6pf1.jpeg,a crab with plants on its back in the sand
Art,1nhjn9t,0,https://i.redd.it/yi0exzp1hbpf1.jpeg,an oil painting of a field with trees and clouds
Art,1nhp0zu,0,https://i.redd.it/bfv1qzghkcpf1.gif,a house with a chimney and smoke coming out of it
Art,1nhy1fw,0,https://i.redd.it/msmxloqj7epf1.jpeg,an oil painting of an owl flying in the sky
Art,1nhnkkm,0,https://i.redd.it/uium03atacpf1.jpeg,a colorful abstract design with stars and swirls
Art,1nhm9cl,0,https://i.redd.it/8ig37rdq1cpf1.jpeg,a painting of a snail with a clock on its shell
Art,1nhpge1,0,https://i.redd.it/irx7rw6cncpf1.jpeg,a painting of a monkey with horns and a demon
Art,1nhaxgg,0,https://i.redd.it/nimmplrsw8pf1.jpeg,a painting of a purple and blue landscape with a boat in the middle
Art,1nhozfy,0,https://i.redd.it/eriyo638kcpf1.jpeg,a painting of an elephant sitting on a blue background
Art,1nhpalt,0,https://i.redd.it/9vfnp6m6mcpf1.jpeg,a drawing of a man holding a sword and a knife
Art,1nhynu0,0,https://i.redd.it/2f2r4bewbepf1.jpeg,a pink and blue chevron pattern with a black background
Art,1nht6ur,0,https://i.redd.it/6wkhmrbrbdpf1.jpeg,a black and white photo of a building with a statue in front of it
Art,1nhphjp,0,https://i.redd.it/9vr5obwdncpf1.png,a man and woman riding on a horse in the woods
Art,1nhiz0e,0,https://i.redd.it/jzp8dmutabpf1.jpeg,a charcoal drawing of a man with a beard
Art,1nhwcsq,0,https://i.redd.it/qzxkoypfwdpf1.jpeg,a painting of a man with his arms up in the air
Art,1nhj2hj,0,https://i.redd.it/suqskh3rbbpf1.jpeg,a close up of a leaf with water droplets on it
Art,1nhqouw,0,https://i.redd.it/q9zzlb8cvcpf1.jpeg,a painting of a dragon and a bird
Art,1ngutpr,0,https://i.redd.it/2numl1tpj5pf1.jpeg,a green cat statue with blue eyes sitting on a rock
Art,1nhq121,0,https://i.redd.it/kiuorvf1rcpf1.png,a cartoon goat is sitting in a balloon
