subreddit,post_id,image_index,image_url,comment_id,caption
aww,1npfov5,0,https://i.redd.it/exmok6jqv4rf1.jpeg,,a dog laying on a bed with a pillow
aww,1npfov5,0,https://preview.redd.it/civa2c3hw4rf1.jpeg?width=3024&format=pjpg&auto=webp&s=d23b78f104429a1ece47d9b80b2106ce6b3dc2e7,nfyszte,a dog standing on a deck looking at something
aww,1npfov5,0,https://preview.redd.it/penzl4xf75rf1.jpeg?width=2160&format=pjpg&auto=webp&s=0f233e308c250e44df29f1c5c681a558756b48aa,nfz5t8s,a dog wrapped in a blanket on a bed
aww,1npfov5,0,https://preview.redd.it/ebo9y7gq45rf1.jpeg?width=1872&format=pjpg&auto=webp&s=1d537247ab80b4ceaa2e974b8e18c8f2f2528edb,nfz2sp4,a dog sitting in the snow looking up
aww,1npf1lq,0,https://i.redd.it/pi7spmacr4rf1.jpg?width=2884&format=pjpg&auto=webp&s=54e79b83eb1012b686a283d6726bd704ae4ddd7e,,a cat is being held by a woman
aww,1npf1lq,1,https://i.redd.it/fjeoenacr4rf1.jpg?width=2316&format=pjpg&auto=webp&s=41521684c084b33da04d95065b7822d580a8566e,,a cat laying on a person's arm
aww,1npf1lq,2,https://i.redd.it/rm6xopacr4rf1.jpg?width=3024&format=pjpg&auto=webp&s=366d3978c98624e98699840839d8c0ee3a7f85a5,,a cat laying on a person's arm
aww,1npf1lq,3,https://i.redd.it/0kccanacr4rf1.jpg?width=3024&format=pjpg&auto=webp&s=8ab59de4c4eb8b3557fa96482f1e0fe2c541f91f,,a man holding a cat with blue eyes
aww,1np7oi5,0,https://i.redd.it/me9ak3ry03rf1.jpeg,,a dog wearing a yellow and gray sweater
aww,1np7oi5,0,https://preview.redd.it/oaf4u7rsg3rf1.jpeg?width=3072&format=pjpg&auto=webp&s=33c114cf03fb2b63db4029e138121b38fb32a80f,nfxdkgm,a small dog wearing a yellow and gray blanket
aww,1np7oi5,0,https://preview.redd.it/38ixm73ug3rf1.jpeg?width=4320&format=pjpg&auto=webp&s=5a85406bbe2bdc85aed2130e69024e6964f676f1,nfxdlba,a dog that is in the bathtub
aww,1npfq8w,0,https://preview.redd.it/6ni8fvzk95rf1.jpeg?width=763&format=pjpg&auto=webp&s=cc72191426fd6651dd5273be2b3e3f6d8ced2d57,nfz8g3f,a brown dog and a cat laying on a bed
aww,1noygkf,0,https://i.redd.it/qbf2110re0rf1.jpeg,,a kitten is playing with a person's hand
aww,1np74go,0,https://i.redd.it/f4kpyktau2rf1.jpeg,,a cat sitting on the floor in front of a door
aww,1npfkvn,0,https://i.redd.it/kgfg1b7yu4rf1.jpeg,,a cat laying on the floor
aww,1np9hkm,0,https://i.redd.it/hk7j7jvgk3rf1.jpeg,,a small orange kitten being held by someone's hand
aww,1npiy1j,0,https://i.redd.it/py4tz2wlh5rf1.jpeg,,a brown and white dog rolling around on its back
aww,1npgqa2,0,https://i.redd.it/vbby22pk25rf1.jpeg,,a cat sitting on a couch looking at the camera
aww,1noyufm,0,https://i.redd.it/j01y28rxh0rf1.jpeg,,a cat is looking up from under a table
aww,1noyufm,0,https://preview.redd.it/hq3weecfz1rf1.jpeg?width=1919&format=pjpg&auto=webp&s=0667d6c73f45ceb10e81de26b0474baae8fb067c,nfwioq4,two cats are looking at each other through a hole in the wall
aww,1not4pc,0,https://i.redd.it/5ppp37ar9zqf1.jpeg,,a cat laying on the ground
aww,1not4pc,0,https://preview.redd.it/yr7z9t3h40rf1.jpeg?width=1080&format=pjpg&auto=webp&s=8e747f2677143c886600996dacccba337d1f14c0,nfuz65a,a cat is laying on the ground with its eyes open
aww,1npaucb,0,https://i.redd.it/wdpdxefpw3rf1.jpeg,,a cat laying on top of a couch under a blanket
aww,1np3rnq,0,https://i.redd.it/ymmvlqo9r1rf1.jpeg,,two children in formal attire at a wedding reception
aww,1npd0oa,0,https://i.redd.it/ixp7zgpbd4rf1.jpg?width=4284&format=pjpg&auto=webp&s=9c2ace8451b295960f4cdd853f6b32c58058f409,,a white cat sitting on top of a laptop
aww,1npd0oa,1,https://i.redd.it/ntn4mgobd4rf1.jpg?width=5712&format=pjpg&auto=webp&s=8f611ee818683afeb8386787776aeb516023475c,,a white cat is sitting on top of a laptop
aww,1npifb6,0,https://i.redd.it/48odplu0e5rf1.jpeg,,a kitten sleeping on a rug
aww,1noxkgg,0,https://i.redd.it/ko5n7si570rf1.jpg?width=3000&format=pjpg&auto=webp&s=81d459a9837137c4f18c3d9e10e5e28e6f3c3019,,a cat laying on a cat tree
aww,1noxkgg,1,https://i.redd.it/7orgfwi570rf1.jpg?width=3000&format=pjpg&auto=webp&s=834d2fe3762f0bb900ff24d28c6e7c5e9c362c29,,a cat laying on a cat tree
aww,1noxkgg,0,https://preview.redd.it/v1by99tpc0rf1.jpeg?width=1080&format=pjpg&auto=webp&s=ff5722b938e340e96e46704d7090c80cd50e0f73,nfv70pm,a cat laying on a bed
aww,1nogfnm,0,https://i.redd.it/bcfdbt9nuwqf1.jpg?width=3024&format=pjpg&auto=webp&s=d4b0c1778ef0914d2b63c9d74a1a10330152fd86,,a man sitting on a couch with two cats
aww,1nogfnm,1,https://i.redd.it/t9rsg89nuwqf1.jpg?width=508&format=pjpg&auto=webp&s=7ef99cde4e345a6781b866c1853c35a0511e8fda,,two kittens playing on a chair in front of a window
aww,1nogfnm,2,https://i.redd.it/q55kks9nuwqf1.jpg?width=3024&format=pjpg&auto=webp&s=10f01427fdfadee79bf0c61d4181770c6c47ab11,,a cat laying on a couch with a dog laying on the couch
aww,1nogfnm,3,https://i.redd.it/978w4t9nuwqf1.jpg?width=3024&format=pjpg&auto=webp&s=67cdde39816b10dd989b70314f2b3091af043de1,,two cats curled up together on a couch
aww,1nogfnm,0,https://preview.redd.it/7gc8ljhpwxqf1.png?width=1440&format=png&auto=webp&s=2ac87a1e39ef58e0647c390812a03c09b3c97e74,nfshcdr,two cats are cuddling together on a chair
aww,1nogfnm,0,https://preview.redd.it/e0yobrv0mzqf1.png?width=3024&format=png&auto=webp&s=4eb6fbc36a9b19bdb2fe9877728256bfa12f7f2f,nfuh4za,two cats laying on a bed
aww,1nogfnm,0,https://preview.redd.it/808zorhol0rf1.jpeg?width=1536&format=pjpg&auto=webp&s=cc8ac581d0a4e484f8a770016f527f6798fb0275,nfvfn20,two cats laying on a bed in front of a bookcase
aww,1nogfnm,0,https://preview.redd.it/y03fu8kno2rf1.jpeg?width=3024&format=pjpg&auto=webp&s=224808572f9918711426c853efc448effe3dbb44,nfwx0v1,two cats laying on top of each other
aww,1nogfnm,0,https://preview.redd.it/iqk9ly7u31rf1.jpeg?width=1079&format=pjpg&auto=webp&s=8074f6abfffc1c20bc8a6e402ff09a6955a4bce3,nfvw4gh,two cats are sitting on top of a cat tree
aww,1nogfnm,0,https://preview.redd.it/hv9xe2u9byqf1.jpeg?width=3024&format=pjpg&auto=webp&s=8c943f38dcc162329d92706fa2fa0e523c96c48f,nfsyt7d,two kittens cuddle in the back of a suitcase
aww,1nogfnm,0,https://preview.redd.it/kvlhq6v8oyqf1.png?width=1440&format=png&auto=webp&s=ef58dd31b645c3d21afad999827c88bce5cbb2d9,nfte06d,two cats are laying on top of each other
aww,1nogfnm,0,https://preview.redd.it/wz907jku6zqf1.jpeg?width=2052&format=pjpg&auto=webp&s=2f46c9e6191f5227baeed05387bc29e7625ea3a5,nftzz9e,"two cats laying on a couch with the caption ""enjoying the best friend"""
aww,1nogfnm,0,https://preview.redd.it/qq5om11uqyqf1.jpeg?width=4128&format=pjpg&auto=webp&s=6e0faa2f8b3de591b75291a0f9845835062fc4ba,nfth0q3,two cats laying on top of each other
aww,1nogfnm,0,https://preview.redd.it/0xptumnl40rf1.jpeg?width=2268&format=pjpg&auto=webp&s=3a557bfa715bbf67bca2d52d930960d9e6d63114,nfuzdaj,two cats curled up in a dog bed
aww,1np176u,0,https://i.redd.it/4ezjzsz421rf1.png,,a golden retriever sitting in the grass at sunset
aww,1npc6vl,0,https://i.redd.it/boyaya0b74rf1.jpeg,,two cats are sitting on a white cabinet
aww,1nphp5h,0,https://i.redd.it/t188hq2495rf1.jpeg,,a cat laying on a cat bed in front of a window
aww,1np75ku,0,https://i.redd.it/idiwex3ou2rf1.jpg?width=4284&format=pjpg&auto=webp&s=52fd674c58653bbed36b5924bdbb4e1c3e0e9dc2,,two dogs sitting on a couch
aww,1np75ku,1,https://i.redd.it/3wkcro3ou2rf1.jpg?width=3024&format=pjpg&auto=webp&s=6d0a13af00fd59bbaff7be9a79193af3dd4ceb5f,,a dog and a cat sitting on a couch
aww,1np75ku,2,https://i.redd.it/vhht2p3ou2rf1.jpg?width=3024&format=pjpg&auto=webp&s=a521e07db86dedf3c6b4d4608ff8780885d706a1,,two dogs laying on a couch
aww,1notzdl,0,https://i.redd.it/xqftyxkofzqf1.jpg?width=3072&format=pjpg&auto=webp&s=46897566b55e9326e4e4ad263149da9a8cb12aee,,a small mouse is in a shoe
aww,1notzdl,1,https://i.redd.it/yddxunfofzqf1.jpg?width=3072&format=pjpg&auto=webp&s=770ac20cd0c8858e800f119b8b4119f5ebe8c6f0,,a small mouse is in a bag being held by someone
aww,1notzdl,2,https://i.redd.it/9ixwva5ofzqf1.jpg?width=3072&format=pjpg&auto=webp&s=51d0b13eb60ed034692aac9848c676aa3479eb07,,a person holding a small rodent in their hand
aww,1npikm3,0,https://i.redd.it/ueazfrm1f5rf1.jpeg,,three kittens on a blanket on a wooden table
aww,1np1w64,0,https://i.redd.it/0yuz3sqk81rf1.jpeg,,a cat laying on its back on a bed
aww,1non9zs,0,https://i.redd.it/dkj01bcy5yqf1.jpeg,,a cat wrapped in a blanket
aww,1non9zs,0,https://preview.redd.it/otimx5hcayqf1.jpeg?width=1170&format=pjpg&auto=webp&s=f83636f898f2d9c31ac9549b9c6c3305c85835cb,nfsxout,a black cat wrapped in a towel
aww,1npjieg,0,https://i.redd.it/pywimdugl5rf1.jpg?width=1536&format=pjpg&auto=webp&s=d9f6fb6ecb4e23668dda0de9985c20b4a5d80b36,,a small black and white puppy sitting on a person's lap
aww,1npjieg,1,https://i.redd.it/98qsu8ugl5rf1.jpg?width=3021&format=pjpg&auto=webp&s=02a6211480be5ea626f00793e6872e3ae494dbca,,a dog laying on a pillow on a couch
aww,1nooys5,0,https://i.redd.it/1q32vyzhhyqf1.jpg?width=2268&format=pjpg&auto=webp&s=2d7ce3dd8eb148843d6ce535e97175508a3f9c3c,,a woman holding a cat in her arms
aww,1nooys5,1,https://i.redd.it/gxwsfp4ihyqf1.jpg?width=2268&format=pjpg&auto=webp&s=039e6743b5f7e0a260dde5c53bc08840968daf18,,a woman holding a cat
aww,1nooys5,2,https://i.redd.it/tu0y407ihyqf1.jpg?width=2268&format=pjpg&auto=webp&s=3117829f3d54d14895068fa9d727b7e2e98f1de3,,a woman holding a cat
aww,1nooys5,3,https://i.redd.it/ig4mpebihyqf1.jpg?width=2268&format=pjpg&auto=webp&s=16e752a74408aada267ed8ebc79074b8a1199a97,,a woman holding a cat with a pink watch on her wrist
aww,1np8fhm,0,https://i.redd.it/ai0y7rti93rf1.jpeg,,a cat sitting on a couch
aww,1npjjsm,0,https://i.redd.it/q49ppqfpl5rf1.jpg?width=1536&format=pjpg&auto=webp&s=92bce6ab1e7dbb5a5593c9a3e2b87dceb0d44050,,a black and white cat sitting on the floor
aww,1npjjsm,1,https://i.redd.it/e16swzgpl5rf1.jpg?width=3024&format=pjpg&auto=webp&s=c5a8e1f3e2fee5f0e0f9e15a1720d5f27651e2f4,,a cat sitting on a bed next to a dog
aww,1npjjsm,2,https://i.redd.it/i5kie6gpl5rf1.jpg?width=3024&format=pjpg&auto=webp&s=4faccb36e633c06793bc61fd71dd88e3c6233ab9,,a black and white cat sitting in a red basket
aww,1npjjsm,3,https://i.redd.it/5n2mv2gpl5rf1.jpg?width=3024&format=pjpg&auto=webp&s=af76364ad59b48c661fa2758e69a7ce9cbd5c912,,a white and black cat sitting on a bed
aww,1npjjsm,4,https://i.redd.it/bwo342gpl5rf1.jpg?width=3024&format=pjpg&auto=webp&s=706d6a8214bf01c9267c836bffeb2356ae74872f,,a cat inside a car carrier
aww,1npjs6b,0,https://i.redd.it/ygunbnt9n5rf1.jpg?width=2268&format=pjpg&auto=webp&s=95b3e1bd8faeb71ff8969008c4f205f240e18c2f,,a woman holding a cat in her arms
aww,1npjs6b,1,https://i.redd.it/06o5exo9n5rf1.jpg?width=2268&format=pjpg&auto=webp&s=ec8dd38f9d73c24442c4c53b1b0830c0adef4de5,,a woman kissing a cat
aww,1npjs6b,2,https://i.redd.it/zcc23ij9n5rf1.jpg?width=2268&format=pjpg&auto=webp&s=fa113daf886e3db566ce6ca6869888f48ec42362,,a woman holding a cat
aww,1npjs6b,0,https://preview.redd.it/86txi4e6p5rf1.png?width=1080&format=png&auto=webp&s=0650d7f7224ded36beef08d64ee2b10183e6b958,nfzqoa2,a woman holding a cat in her arms
aww,1np6z5m,0,https://i.redd.it/wgbr3l0js2rf1.jpg?width=1105&format=pjpg&auto=webp&s=2b78763663af5dcedc16f6542ff0086f46a5e3dc,,a black and white cat sitting in a bathroom sink
aww,1np6z5m,1,https://i.redd.it/956e3h0js2rf1.jpg?width=1104&format=pjpg&auto=webp&s=b9499507d688956e517a475997033e4630424d1b,,a black and white cat standing in a bathroom sink
aww,1noxu44,0,https://i.redd.it/16z2iaxd90rf1.jpeg,,a small kitten walking on a wooden floor
aww,1npb671,0,https://i.redd.it/3sws6jkdz3rf1.jpeg,,a cat is curled up on a bed
aww,1npccr8,0,https://i.redd.it/9ctx93kj84rf1.jpeg,,two dogs sitting on a couch
aww,1npa1ny,0,https://i.redd.it/6ho7qxqup3rf1.jpeg,,a cat with its mouth open and its mouth open
aww,1npesft,0,https://i.redd.it/4qy048afp4rf1.png,,an orange cat laying on a floral pillow
aww,1npei24,0,https://i.redd.it/a3dlaxhqn4rf1.jpeg,,a black cat laying on a pink blanket
aww,1np0jbv,0,https://i.redd.it/rwrznm7bw0rf1.jpeg,,a dog is sitting on a couch
aww,1npbs7a,0,https://i.redd.it/x1jw53nl34rf1.png,,a dog carrying a water bottle in its mouth
aww,1npgjg7,0,https://i.redd.it/vfknt13615rf1.jpeg,,a cat is standing in the grass next to a frisbee
aww,1novzdi,0,https://i.redd.it/xk9aa5ahuzqf1.jpeg,,a dog wearing a happy birthday hat
aww,1np67bo,0,https://i.redd.it/m2vp3gnvi2rf1.jpeg,,two cats laying on top of a cat tree
aww,1nohh5v,0,https://preview.redd.it/nvx0fnvpaxqf1.jpeg?width=820&format=pjpg&auto=webp&s=769934f27b68e96483ae9d1a05138ebcbdaa50e6,nfrrjrc,a gray cat standing up and reaching for something
aww,1npjtrv,0,https://i.redd.it/4058rcpkn5rf1.png,,a cat laying on its back on a couch
aww,1np5411,0,https://i.redd.it/512qnhtg52rf1.jpg?width=1296&format=pjpg&auto=webp&s=438e6d302c3a553eb91c2e1faa81f931b5207dbb,,a dog with its tongue out standing on a brick patio
aww,1np5411,1,https://i.redd.it/iky71kow52rf1.jpg?width=1620&format=pjpg&auto=webp&s=de5474694ee195b979a0c2929a710e6e157842ac,,a dog with a black and brown face looking at the camera
aww,1np6wnn,0,https://i.redd.it/ixkuk1fjr2rf1.jpg?width=1500&format=pjpg&auto=webp&s=0a0bdd727ef408d0ada7d442acbcb3ab3673ceee,,two dogs laying on a bed in a room
aww,1np6wnn,1,https://i.redd.it/dsnaje4jr2rf1.jpg?width=1500&format=pjpg&auto=webp&s=372d299ea3d1aaab2627173eb1b816f5ef1ee52d,,two husky puppies laying on a blue dog bed
aww,1np9rfj,0,https://i.redd.it/b73mdgw5n3rf1.jpeg,,a black and white cat with two kittens
aww,1npcydt,0,https://i.redd.it/0yyoq9fvc4rf1.jpg?width=4284&format=pjpg&auto=webp&s=e8fff1ddaa4d6cd9ba64e23b0ee881132e0b8016,,a gray cat sitting in a cardboard box
aww,1npcydt,1,https://i.redd.it/nwoa79evc4rf1.jpg?width=3024&format=pjpg&auto=webp&s=15ced257156cf481813fdb60f8dc85e131c02c08,,a cat is looking up at the camera inside of a box
aww,1npcydt,2,https://i.redd.it/b1bpa7evc4rf1.jpg?width=3024&format=pjpg&auto=webp&s=01b0cbd6c3295805c2946ab392ba44ead1e2d1fc,,a cat laying on a wooden floor in front of a window
aww,1npcydt,3,https://i.redd.it/7r4kl6evc4rf1.jpg?width=3024&format=pjpg&auto=webp&s=3f0d428f28c90e4807b221cfea3cb2183c2b1d22,,a cat looking up at the camera from inside a box
aww,1npcydt,4,https://i.redd.it/wtcgl5evc4rf1.jpg?width=3024&format=pjpg&auto=webp&s=6dcf649068395493555fd0e7cd2cb99d34ae014e,,a cat sticking its tongue out of a box
aww,1npcydt,5,https://i.redd.it/63rrdcfvc4rf1.jpg?width=4284&format=pjpg&auto=webp&s=8f04db309ceacb6b9f0f406dda819755003a8458,,a cat sitting in a box on the floor
aww,1npcydt,6,https://i.redd.it/h6jr2jfvc4rf1.jpg?width=4284&format=pjpg&auto=webp&s=06db7eec9149d883aad849b2d4d74362c8e40de0,,a cat laying on a wooden floor near a window
aww,1npindb,0,https://i.redd.it/a7kk7tdjf5rf1.png,,two orange and white kittens are standing on the ground
aww,1np8f0a,0,https://i.redd.it/4d37u71e93rf1.jpeg,,a cat sleeping on a plastic bottle
aww,1noqt0d,0,https://i.redd.it/23lq3mwutyqf1.jpg?width=4284&format=pjpg&auto=webp&s=5497851db9a57e159fe2ef3354c4623f7370d4de,,a brown dog standing on a blue carpet with people around
aww,1noqt0d,1,https://i.redd.it/irdeouvutyqf1.jpg?width=4284&format=pjpg&auto=webp&s=31997eac12fd56605054c16cc341166d867cd929,,a golden retriever is sitting on the floor with a woman
aww,1noqt0d,2,https://i.redd.it/f1yqt0yutyqf1.jpg?width=4284&format=pjpg&auto=webp&s=091e5630e009b16bd195aef957e09160161e26c3,,a black dog wearing a red and yellow leash
aww,1np080h,0,https://i.redd.it/vwe4wa2rt0rf1.jpg?width=976&format=pjpg&auto=webp&s=d489dc6139950615387838b4dbdcb23704279393,,a dog wearing a colorful raincoat in a field of daisies
aww,1np080h,1,https://i.redd.it/dvxike2rt0rf1.jpg?width=2268&format=pjpg&auto=webp&s=6e89524c2aa677b2cab2d410d1100e0eef9ee724,,a small dog wearing a hoodie and a hat is standing in a field of daisies
aww,1np080h,2,https://i.redd.it/nvv4sf2rt0rf1.jpg?width=3024&format=pjpg&auto=webp&s=de95428d4eab80145cb526936e570edee9c8f73f,,a small dog wearing a colorful hoodie in a field of daisies
aww,1npgam4,0,https://i.redd.it/w7zgufgny4rf1.png,,a cat sniffing at a perfume bottle on a table
aww,1np7iq3,0,https://i.redd.it/lfttima1z2rf1.jpeg,,a cat laying on the ground near a glass door
aww,1npjdhk,0,https://i.redd.it/pkwj6nwik5rf1.jpeg,,a small brown dog laying on top of a leather chair
aww,1noh3pr,0,https://i.redd.it/3ow1qkytzwqf1.jpg?width=640&format=pjpg&auto=webp&s=89e47153e7b725331694072cb4891e4987735a50,,a cat yawning on a bed with a pink wall
aww,1noh3pr,1,https://i.redd.it/ombnomrtzwqf1.png?width=1080&format=png&auto=webp&s=ce5363fbfec65547f55daa1ae1e7c24a90925dfb,,a cat sitting on a bed with a phone screen
aww,1noh3pr,2,https://i.redd.it/4ruroq1uzwqf1.jpg?width=640&format=pjpg&auto=webp&s=ffb384b82abdc4f12392082e877f9c2273ad3d6a,,a fluffy white cat laying on a bed
aww,1noqx67,0,https://i.redd.it/qrsrt22ouyqf1.jpg?width=2624&format=pjpg&auto=webp&s=014ada581b0273ddd674cf4596faabf9b446d400,,a snake laying on a towel on a bed
aww,1noqx67,1,https://i.redd.it/hecqi52ouyqf1.jpg?width=4032&format=pjpg&auto=webp&s=a06d62dd63db3be926911e063527bb82bebc41fd,,a snake laying on top of a red blanket
aww,1noqx67,2,https://i.redd.it/os2a4u1ouyqf1.jpg?width=685&format=pjpg&auto=webp&s=8fe742e0940a43a6853257b849bbc10b73ed4f64,,a snake is sitting on a person's neck
aww,1noqx67,3,https://i.redd.it/l6cb732ouyqf1.jpg?width=2440&format=pjpg&auto=webp&s=d2933f135e1e9457df93c2c7e21a99017e602edd,,a person holding a small snake in their hand
aww,1noqx67,0,https://preview.redd.it/mvjh7x7lhzqf1.jpeg?width=4032&format=pjpg&auto=webp&s=7bd4f04672b12bda95b87fe3dd1f54a7725541bc,nfuc95i,a snake is laying on top of some wood chips
aww,1npfjyk,0,https://i.redd.it/9jz25t4tu4rf1.jpeg,,a dog wearing a pink hat sitting on the sidewalk
aww,1npjdpb,0,https://i.redd.it/nlkihklkk5rf1.jpeg,,a cat sitting on a kitchen counter
aww,1np2h1q,0,https://i.redd.it/a4tk50j2e1rf1.jpeg,,a brown dog sitting on a chair with a green pillow
aww,1noky33,0,https://i.redd.it/3afhu40oqxqf1.jpeg,,a baby possum is curled up on a blanket
aww,1npjwtu,0,https://i.redd.it/12eahwc5o5rf1.jpeg,,two turtles in a plastic container with rocks
aww,1np4see,0,https://i.redd.it/8520s0s822rf1.jpeg,,a man in a kilt holding a stuffed animal
aww,1nosl8h,0,https://i.redd.it/x915oh606zqf1.jpg?width=3024&format=pjpg&auto=webp&s=f9da60b0cd3e6d3533d7652a376f4fc60f814147,,a cat sleeping on a person's leg
aww,1nosl8h,1,https://i.redd.it/1ilskn606zqf1.jpg?width=4284&format=pjpg&auto=webp&s=d8600c1ddddb735c5b8bc7f0909f6fa3b4f4f207,,a cat sleeping on a person's leg
aww,1nosl8h,0,https://preview.redd.it/dbihdjgkbzqf1.jpeg?width=3024&format=pjpg&auto=webp&s=4cebec8663c93e7893f33d2b4f5eca82b1da4c70,nfu5mh9,a cat sleeping on a couch
aww,1nosl8h,0,https://preview.redd.it/5cubkeb2yzqf1.jpeg?width=3024&format=pjpg&auto=webp&s=0cec2e67b163a0510be3110cafac56bee25aac90,nfuszja,an orange cat sitting on the floor looking up
aww,1noewck,0,https://i.redd.it/inzs4djtfwqf1.png,,a black and white calf standing in hay
aww,1noewck,0,https://preview.redd.it/tkork3gnrwqf1.jpeg?width=1160&format=pjpg&auto=webp&s=518c1e30d0fed7921286ab04caaf5a390da31c9e,nfr88fx,a small black and white cow with big ears
aww,1np0fry,0,https://i.redd.it/j9l7fu3kv0rf1.jpeg,,a small dog sitting on the back of a man
aww,1noqo65,0,https://i.redd.it/agg4sfxysyqf1.jpeg,,a black and white cat sitting on a red pillow
aww,1noqo65,0,https://preview.redd.it/ny198svmu3rf1.jpeg?width=1536&format=pjpg&auto=webp&s=802f8c3f5933cbd79ef1ce6b3b03d4c821d40eff,nfxoj7q,a black and white cat standing on its hind legs in front of a cage
aww,1nodpl6,0,https://i.redd.it/ed8fnmnq5wqf1.jpeg,,a cat laying on a couch
aww,1noq70y,0,https://i.redd.it/b4258vxppyqf1.jpeg,,a cat and dog laying on a bed together
aww,1np2a0i,0,https://i.redd.it/urql4xv4c1rf1.jpeg,,a black cat laying on its back on the carpet
aww,1nohtni,0,https://i.redd.it/t7f3lo6r4xqf1.jpeg,,a close up of a cat looking up at the camera
aww,1np4ol9,0,https://i.redd.it/9w8zhn6212rf1.jpg?width=1737&format=pjpg&auto=webp&s=cdec9fca6023cc35fbd482b7f1df36147d52a291,,a cat is sitting in the grass
aww,1np4ol9,1,https://i.redd.it/o9oj8j6212rf1.jpg?width=1737&format=pjpg&auto=webp&s=96ed9a0c7b9c54521001e9969ffee16e81bb7cf0,,a cat laying on the ground with a tag on its collar
aww,1np4ol9,2,https://i.redd.it/3zzjeg6212rf1.jpg?width=665&format=pjpg&auto=webp&s=77f24843e82b67f7efabaaa88615fc36559b66b4,,a cat sitting on a wooden bench in the evening
aww,1np4ol9,3,https://i.redd.it/8wypis6212rf1.jpg?width=5712&format=pjpg&auto=webp&s=729f2fc0c70a8bfda209c71146f631c36809870b,,a cat is laying in the grass and looking at something
aww,1nognc1,0,https://i.redd.it/vrlv7upbwwqf1.jpeg,,a cat laying on a desk
aww,1np0ic5,0,https://i.redd.it/b744b4i5w0rf1.jpg?width=3024&format=pjpg&auto=webp&s=062c96274366eac58e3ba137fa171a4663efecb8,,a cat reaching up to grab a stick
aww,1np0ic5,1,https://i.redd.it/7y5h85p5w0rf1.jpg?width=3024&format=pjpg&auto=webp&s=76f8c0aba85373f5ce3b3e245081a09a810ddd99,,a white cat laying on top of a scratching post
aww,1np0ic5,2,https://i.redd.it/7kicamk5w0rf1.jpg?width=3024&format=pjpg&auto=webp&s=b968e610fde640f8ce9807d2ef943bf00158b4ba,,a cat is laying on its back on the floor
aww,1np0ic5,3,https://i.redd.it/1tz8g0e5w0rf1.jpg?width=4032&format=pjpg&auto=webp&s=2a6321b821d47f9e77d6774ec6a694864a7828c1,,two cats laying on a chair
aww,1np0ic5,4,https://i.redd.it/w8k1zer5w0rf1.jpg?width=4032&format=pjpg&auto=webp&s=382bad80ba185ce5e89a037222d9ee31acadf64b,,three kittens are sitting on the ground next to each other
aww,1np0ic5,5,https://i.redd.it/5a6el3g5w0rf1.jpg?width=4656&format=pjpg&auto=webp&s=62637d5147f51072b80b158fd7641bf942b89678,,two cats laying on a rug
aww,1np0ic5,6,https://i.redd.it/bwhknum5w0rf1.jpg?width=3024&format=pjpg&auto=webp&s=e880d712afb2efc5a4007b3749f430e5b6c44299,,a cat laying under a chair
aww,1nor4g9,0,https://i.redd.it/rc4avwq2wyqf1.jpeg,,a small brown and white dog sitting on a concrete floor
aww,1np7gdw,0,https://i.redd.it/f407ql89y2rf1.jpeg,,a bull with horns
aww,1nph8h7,0,https://i.redd.it/z8mumbsz55rf1.jpeg,,a dog laying on the floor next to a person's feet
aww,1nph85v,0,https://i.redd.it/kloeo4jx55rf1.jpg?width=1440&format=pjpg&auto=webp&s=5ac91dbd841eebcbb42e9a2aac8010bedb2da75b,,a cat laying on a couch with a blanket
aww,1nph85v,1,https://i.redd.it/g15iq9jx55rf1.jpg?width=3024&format=pjpg&auto=webp&s=c0eb9bd2984287497b0fca43502c5d1ce77ef8cc,,a gray cat laying on its back on a couch
aww,1nph85v,2,https://i.redd.it/fafp8cjx55rf1.jpg?width=3024&format=pjpg&auto=webp&s=573b1159887676353be4283cb988284239474a0b,,a gray cat laying on its back on a couch
aww,1nph85v,3,https://i.redd.it/iwq61fjx55rf1.jpg?width=3024&format=pjpg&auto=webp&s=40bf0cbf4043136c7ec9fe902aee81582a4bd815,,a gray cat sleeping in a fluffy blanket
aww,1nph85v,4,https://i.redd.it/kdtmwejx55rf1.jpg?width=3024&format=pjpg&auto=webp&s=b121b35f61e453cf1bd4e0e58140338347cf8e3d,,a cat laying on its back on a couch
aww,1np3r14,0,https://i.redd.it/tfhdy7y2r1rf1.jpeg,,a dog with butterfly hair
aww,1noo9hg,0,https://i.redd.it/09akigbucyqf1.jpeg,,a small white dog wearing a red and black sweater
aww,1nou4nm,0,https://i.redd.it/om61yyjqgzqf1.jpeg,,a cat sleeping in a box on the floor
aww,1novf3a,0,https://preview.redd.it/q0gtv8fhc0rf1.jpeg?width=3024&format=pjpg&auto=webp&s=ca5d95db56eed3979fcbd8e30226feaae439cf21,nfv6t0w,a cat laying on a window sill with a book
aww,1novf3a,0,https://preview.redd.it/ctplno9gf0rf1.jpeg?width=1842&format=pjpg&auto=webp&s=11ead7928416092c45d67a6dc86742048e1446ef,nfv9ndk,a cat is laying on a bed
aww,1noyu10,0,https://i.redd.it/jlxeoe9uh0rf1.jpeg,,a brown dog running through a grassy field
aww,1noua2o,0,https://i.redd.it/03k617lrhzqf1.jpeg,,a corgi sitting on the floor looking up
aww,1noua2o,0,https://preview.redd.it/vvozt0vamzqf1.jpeg?width=3024&format=pjpg&auto=webp&s=6f4e8bc89e601877cac76d816bbd745280d9e1d8,nfuhclt,a dog laying in the grass behind a fence
aww,1np79o8,0,https://i.redd.it/u27ujx71w2rf1.png,,a stork and chickens in a yard
aww,1nohggq,0,https://i.imgur.com/tCkCnkK.jpeg,,a person holding a kitten on their hands
aww,1nomkxv,0,https://i.redd.it/h5qxl00j1yqf1.jpeg,,a black dog sitting in the sun with some bushes
aww,1no2mhx,0,https://i.redd.it/ig8p7mou1tqf1.jpeg,,a large bird with long legs standing in a muddy area
aww,1no2mhx,0,https://preview.redd.it/i9ya0cno7tqf1.jpeg?width=742&format=pjpg&auto=webp&s=f913faf97d5250e812982c69f243f8b791787c5a,nfow7si,a large bird with long claws
aww,1no2mhx,0,https://preview.redd.it/dg3wjlogvwqf1.jpeg?width=1560&format=pjpg&auto=webp&s=e81ec2d51a54bfb60e1fb6a0cb9f9bc0cc3d405c,nfrbtr2,a close up of a bird's foot with its claws
aww,1no2mhx,0,https://preview.redd.it/q1n02r89euqf1.jpeg?width=1800&format=pjpg&auto=webp&s=cb584a0665039d904b3aca75326477bb8eba8703,nfptetq,a bird with a long beak and a long neck
aww,1nozn8k,0,https://i.redd.it/j69tap6vo0rf1.jpeg,,a dog laying on a couch
aww,1nns399,0,https://i.redd.it/dhxczhqqyqqf1.png,,a small brown and white puppy sitting on the floor
aww,1nns399,0,https://preview.redd.it/7u3iv1byrrqf1.jpeg?width=1170&format=pjpg&auto=webp&s=e7d4ba84992ee64a48c631816a37f8b44e612719,nfnk1n5,a small brown and white dog sitting on the floor
aww,1np07xn,0,https://i.redd.it/khejjxmqt0rf1.jpeg,,a dog wearing glasses sitting on a couch
aww,1no5zrp,0,https://preview.redd.it/4jx04d1xxtqf1.jpeg?width=2303&format=pjpg&auto=webp&s=3ac7585311da418838b7c0471dda6e34c8df921e,nfphxhf,four pictures of a dog and a puppy playing together
aww,1no5zrp,0,https://preview.redd.it/se3vikon5uqf1.jpeg?width=2810&format=pjpg&auto=webp&s=a4c7bef7d0cf5be337be4acfd2f03916dc0c0b43,nfpo5hm,two dogs are looking at the camera with their tongues out
aww,1np06wk,0,https://i.redd.it/rmq2k7zht0rf1.jpeg,,a small dog wearing a colorful hoodie in a field of daisies
aww,1np5q5j,0,https://i.redd.it/cfgvfwnxc2rf1.jpeg,,a vivant floral arrangement in a vivant vase
aww,1nom9mw,0,https://i.redd.it/dap252ufzxqf1.jpg?width=3000&format=pjpg&auto=webp&s=6f07b05d03baa08c32501cee841054e3a70a61aa,,a small dog laying on its back with its paws up
aww,1nom9mw,1,https://i.redd.it/go5om1yfzxqf1.jpg?width=3000&format=pjpg&auto=webp&s=61f3b184ef44e3ca02b3d1efc3127480d6deaa20,,a puppy sleeping on a pillow next to a pumpkin
aww,1nom9mw,0,https://preview.redd.it/7dkwarg6jyqf1.jpeg?width=439&format=pjpg&auto=webp&s=09a4c47e32bd09192cc6949849831f70460dda34,nft86bg,a dog laying on top of a bed with pillows
aww,1noi21z,0,https://i.redd.it/0oizyz9u6xqf1.jpeg,,a small white and brown puppy sleeping on a bed
aww,1nog3f4,0,https://i.redd.it/6rtnbl7wrwqf1.png,,a cat is sleeping in a box on the floor
aww,1nop08q,0,https://i.redd.it/4kcbzh8shyqf1.jpeg,,a man holding a puppy in his arms
aww,1notxjz,0,https://i.redd.it/73rdidubfzqf1.jpeg,,three kittens sleeping on a bed
aww,1novuu6,0,https://i.redd.it/p467nj2gtzqf1.jpeg,,a white dog laying on its back on a wooden table
aww,1nphkhc,0,https://i.redd.it/54lxxcl885rf1.png,,two dogs wearing hats and holding skateboards
aww,1np0z1c,0,https://i.redd.it/1igy18e901rf1.jpeg,,a dog holding a green ball in its mouth
aww,1nnkm5h,0,https://i.redd.it/my54dzibipqf1.jpeg,,a cat sitting on a desk with a keyboard
aww,1nnkm5h,0,https://i.imgur.com/VqFE52f.jpeg),nflwstb,give me the ol' razzle dazzle cat
aww,1nnkm5h,0,https://preview.redd.it/hnmrx9bi6qqf1.jpeg?width=1092&format=pjpg&auto=webp&s=ee15ee59f96593168b4901cb78da3a8bb215ea81,nflqgjv,a cat is laying in a bed that is shaped like a pumpkin
aww,1nnkm5h,0,https://preview.redd.it/q0tbr7blnpqf1.jpeg?width=484&format=pjpg&auto=webp&s=d24e0638da3bd5173647b7010fb02b33e2363301,nfl7eqs,a cat wearing a collar and looking up
aww,1nnkm5h,0,https://preview.redd.it/tqqpb7o2bqqf1.jpeg?width=2448&format=pjpg&auto=webp&s=7bafc18b36db0881f940fac04641815e3a57fe10,nfluomv,a cat is laying on a person's lap
aww,1nnkm5h,0,https://preview.redd.it/0iqf5wunerqf1.jpeg?width=1944&format=pjpg&auto=webp&s=37d4a56e6628f1ddb38ac4d23e96e416525701d4,nfn6f4q,a woman in a blue pajama sitting on a desk with a cat
aww,1nooho2,0,https://i.redd.it/nu0zuj2deyqf1.jpeg,,a cat laying on a bed with a blanket
aww,1nov6cc,0,https://i.redd.it/bk4hwznbozqf1.jpeg,,a dog standing on a hard wood floor
aww,1noxrgx,0,https://i.redd.it/3r46iaks80rf1.jpeg,,two dogs laying on top of each other in a bedroom
aww,1nov3xz,0,https://i.redd.it/74l26hsmnzqf1.jpeg,,a dog laying under a chair on a porch
aww,1np9wz5,0,https://i.redd.it/1byw2damo3rf1.jpg?width=4032&format=pjpg&auto=webp&s=e644ccac4d620bac30655e8b8205107d3193b6c4,,a cat sitting on the back of a car seat
aww,1np9wz5,1,https://i.redd.it/2ydrseamo3rf1.jpg?width=4032&format=pjpg&auto=webp&s=a3b8468e0ba475e2d6facbd403b30288485d103a,,a cat sitting on the back of a car seat
aww,1noldyb,0,https://i.redd.it/hw924suusxqf1.png,,a corgi dog sitting on the floor with a piece of paper in front of it
aww,1not8qg,0,https://i.redd.it/ys5rosthazqf1.jpg?width=3024&format=pjpg&auto=webp&s=83ab3ccc4a86318ae5296517ee348961e1c36890,,a small kitten sitting on top of a bed
aww,1not8qg,1,https://i.redd.it/zocwu1vhazqf1.jpg?width=3024&format=pjpg&auto=webp&s=a467372d22892f30f68dcea4cd9b2aec880ab94c,,a kitten is laying on a bed with its paws up
aww,1nobpix,0,https://i.redd.it/i8xhk6omivqf1.jpg?width=4284&format=pjpg&auto=webp&s=998fbb45407ff63b43f1303f85d34071a3d11a43,,a white cat laying on a window sill
aww,1nobpix,1,https://i.redd.it/wn6xr0omivqf1.jpg?width=4284&format=pjpg&auto=webp&s=42143abb50367102f61d69907a5849c256bc3ca9,,a white cat with blue eyes sitting on a window sill
aww,1nobpix,2,https://i.redd.it/bsw5t8omivqf1.jpg?width=4284&format=pjpg&auto=webp&s=4cf2c506c7aa600b821576a62bda38c41c591c48,,a white cat with blue eyes sitting on a window sill
aww,1nobpix,3,https://i.redd.it/6i2jqcomivqf1.jpg?width=4284&format=pjpg&auto=webp&s=f32492461f2cc242a9236317eaa863b6ff966d64,,a white cat sitting on a window sill
aww,1nobpix,0,https://preview.redd.it/ofl3ofj3rxqf1.jpeg?width=3024&format=pjpg&auto=webp&s=c5b68e4f6190e8fa1b76eb165f136547c68a8653,nfsasl8,a white cat with blue eyes sitting on a couch
aww,1nobpix,0,https://preview.redd.it/clny9d9h8yqf1.jpeg?width=4284&format=pjpg&auto=webp&s=be1e6f64daf089ce3c2582ee2759c4570cb13e16,nfsvjyd,a white cat laying on a floor
aww,1nobpix,0,https://preview.redd.it/z3mbjcomtyqf1.jpeg?width=4284&format=pjpg&auto=webp&s=72a7d7e365e378a919f852c74eb1d63f2604e843,nftkaf6,a white cat laying on top of a rug
aww,1nobpix,0,https://preview.redd.it/31dc3c7ub1rf1.jpeg?width=4284&format=pjpg&auto=webp&s=bb2a5580ab2a9638283be90dfd977f0430afdde6,nfw2lkp,a white cat laying on a tile floor
aww,1nofqej,0,https://i.redd.it/8s8giwzxowqf1.jpeg,,a cat is laying on its back with its paws up
aww,1nooech,0,https://i.redd.it/ayvb7xlqdyqf1.jpeg,,a cat wearing a yellow hat and a blue bow
aww,1nns5ko,0,https://i.redd.it/01lq3naizqqf1.jpeg,,a dog standing on a wooden deck
aww,1nomtda,0,https://preview.redd.it/1qouyz17wzqf1.jpeg?width=69&format=pjpg&auto=webp&s=5b0ec7b09d42148e6a60b2e1d23f45de80b58179,nfur34c,a kiss on a white background with the words kiss me
aww,1nombxy,0,https://i.redd.it/moynrh9vzxqf1.jpeg,,a small dog laying on a bed with a stuffed animal
aww,1nojc8k,0,https://i.redd.it/yzq0898wfxqf1.jpeg,,a cat sitting on top of a car roof
aww,1no23b7,0,https://i.redd.it/pdnoeztbxsqf1.jpg?width=1469&format=pjpg&auto=webp&s=95b627c11f84c89e8a3b4328dda1fc204803a71b,,a cat is sleeping on a chair in a room
aww,1no23b7,1,https://i.redd.it/mk1lvztbxsqf1.jpg?width=1440&format=pjpg&auto=webp&s=af05cf988769e50ff9ae5c3990a4316bc82bc091,,a dog sitting on a red chair with a pillow
aww,1no23b7,0,https://preview.redd.it/ej50mrk5etqf1.jpeg?width=2610&format=pjpg&auto=webp&s=de31ea055ad466e3e3d05486e91fbbab3a6c3fa7,nfp1t7u,a dog laying on a bed next to a window
aww,1no23b7,0,https://preview.redd.it/nbjhemnsltqf1.jpeg?width=4000&format=pjpg&auto=webp&s=580289a1ee195a4babbd9d3110be5f6f18eca5a9,nfp7wwc,a dog laying on a bed with blankets and pillows
aww,1no23b7,0,https://preview.redd.it/au37aebyltqf1.jpeg?width=3000&format=pjpg&auto=webp&s=225e8939495e7e1dbc9527b97f7ed25c7ae1f828,nfp81hs,a dog sleeping on the beach near a wooden log
aww,1no23b7,0,https://preview.redd.it/hepsrzwfrtqf1.jpeg?width=2076&format=pjpg&auto=webp&s=e42b0f7b62feae33d530ba87d71970170e7869f0,nfpcb9y,a brown dog laying on the grass with a blue leash
aww,1no23b7,0,https://preview.redd.it/dzgunp3artqf1.jpeg?width=2252&format=pjpg&auto=webp&s=8b6a5a2975ad5dd36a071653e95177a17fc18689,nfpchh8,a dog laying in the grass
aww,1noqi6y,0,https://i.redd.it/3cx952jtryqf1.jpeg,,a dog laying on a bed
aww,1nooibz,0,https://i.redd.it/cini2leheyqf1.jpeg,,a cat standing on the sidewalk with its mouth open
aww,1nnppsx,0,https://i.redd.it/54kxnnpcjqqf1.jpeg,,a calico cat sitting on a table looking at the camera
aww,1nojr0s,0,https://i.redd.it/p4r9wkjoixqf1.jpeg,,a cat laying on a bed under a blanket
aww,1nnlu7i,0,https://i.redd.it/msyt8lecspqf1.jpg?width=3072&format=pjpg&auto=webp&s=6040b2b8ebcdb63a44e9735ab6c70c03b0d9edf9,,a black and white cat peeking out from inside a cat house
aww,1nnlu7i,1,https://i.redd.it/pb1rofacspqf1.jpg?width=3072&format=pjpg&auto=webp&s=8d29c4c25f5dcc87872ef15d080951b5c9c0c0c1,,a black and white kitten sitting on top of a cat tree
aww,1nnlu7i,0,https://preview.redd.it/9mqzf9b4mqqf1.jpeg?width=2268&format=pjpg&auto=webp&s=93a72f72a4061d7c36c584cdd70b51622085d172,nfm8ftx,a black and white cat sitting on a couch
aww,1nnlu7i,0,https://preview.redd.it/rkndqqc0s0rf1.jpeg?width=1440&format=pjpg&auto=webp&s=0c815dd4956e91afb10ccfc40425a58aaef6d003,nfvlmpw,a cat laying on its back on a couch
aww,1nnlu7i,0,https://preview.redd.it/hyhjk23x9rqf1.jpeg?width=1011&format=pjpg&auto=webp&s=2691b27f2085903ec9bd49b9fb5407fde170781c,nfn0t8g,a black and white cat sitting on a bed
aww,1nnlu7i,0,https://preview.redd.it/wh4imdtmtsqf1.jpeg?width=4000&format=pjpg&auto=webp&s=42dc28660df377b18a612537e53d8efd1761e2fd,nfok9o0,a close up of a cat's face with a person's hand
aww,1nod3pq,0,https://i.redd.it/n1c33mb5zvqf1.jpeg,,a small black and tan dog sleeping on a bed
aww,1nnpkqx,0,https://i.redd.it/s9g9xphfiqqf1.jpeg,,a cat sitting on a ladder in a room
aww,1no7tz5,0,https://i.redd.it/88g0em4ibuqf1.png,,a black cat sitting on a couch
aww,1nomkra,0,https://i.redd.it/be0cd9oh1yqf1.jpeg,,a dog is sitting in a window looking out
aww,1no1qno,0,https://i.redd.it/qko8ciagusqf1.jpg?width=1536&format=pjpg&auto=webp&s=9ade061d9f343d8a157f39f7639bf53ca2ffc48a,,a black and white photo of two dogs on a piece of paper
aww,1no1qno,1,https://i.redd.it/98j9zhagusqf1.jpg?width=1536&format=pjpg&auto=webp&s=55d7a3a4ceaab6409fe9fe724c0f8d6a2c56c809,,a dog's face is on a piece of paper
aww,1no1qno,2,https://i.redd.it/xhlez7cgusqf1.jpg?width=4284&format=pjpg&auto=webp&s=4044dc719616c0179b4c346e3296e824069be4b0,,a painting of three dogs peeking out from behind a door
aww,1no1qno,3,https://i.redd.it/0mo8niagusqf1.jpg?width=1536&format=pjpg&auto=webp&s=3239abf2e16b0acfa09222262db5201517643b10,,a dog is sitting on a piece of paper with a piece of paper on top
aww,1no1qno,4,https://i.redd.it/krnquhbgusqf1.jpg?width=1536&format=pjpg&auto=webp&s=08967d5f45e0cda5c1594ae97f55e0e8e97d5c90,,a black and white photo of a dog on a piece of paper
aww,1no1qno,0,https://preview.redd.it/asl3kqzs8vqf1.jpeg?width=1080&format=pjpg&auto=webp&s=da20db67103f3eaf19edf36b41558a0abf337721,nfqacs6,a group of dogs are peeking out from under a refrigerator
aww,1nojjvl,0,https://i.redd.it/55xtwdbdhxqf1.jpg?width=2641&format=pjpg&auto=webp&s=194d68d3931fdc503bfaac9d7f3be8d16d51606b,,a dog sitting on a couch
aww,1nojjvl,1,https://i.redd.it/bhy9fibdhxqf1.jpg?width=3023&format=pjpg&auto=webp&s=f5b4a5712bb1c03200ae6db25a06a9851dfcb151,,a black dog laying on top of a white bed
aww,1nojjvl,2,https://i.redd.it/omvkjbbdhxqf1.jpg?width=3024&format=pjpg&auto=webp&s=a84679a10aeb6b7304e2c9ec4ac50f6a807243e9,,a black dog laying on a red and white blanket
aww,1nojjvl,3,https://i.redd.it/brl58lbdhxqf1.jpg?width=3316&format=pjpg&auto=webp&s=0146d78326c6a5a044d9b772de5c9b0496b0ac23,,a dog sitting on a couch
aww,1no979c,0,https://i.redd.it/y9n2w8pspuqf1.jpeg,,a chair sitting on the sidewalk next to a brick wall
aww,1no8hlc,0,https://preview.redd.it/rjiz34u1xwqf1.jpeg?width=550&format=pjpg&auto=webp&s=be9db4f94e2fc73372f60bc700bf9711f54b153e,nfrdeng,the simpsons are standing in front of a large stone
aww,1nofk3w,0,https://i.redd.it/tfj9828enwqf1.jpeg,,a cat laying on its back on a pink blanket
aww,1no9w09,0,https://i.redd.it/8m8r3ae7xuqf1.jpg?width=5712&format=pjpg&auto=webp&s=b78c48e37ca3faabe26faa6df6c3ea93756ef376,,a cat sleeping in a basket
aww,1no9w09,1,https://i.redd.it/yjzd1ee7xuqf1.jpg?width=5712&format=pjpg&auto=webp&s=3dc8e6c1c84f0fe9c61a77a2aca203bbe789edec,,a cat sleeping under a blanket
aww,1no9w09,2,https://i.redd.it/a5z8t8e7xuqf1.jpg?width=4032&format=pjpg&auto=webp&s=16be56605108cfd770505568174d36e75f621594,,a cat sleeping in a blanket
aww,1no9w09,3,https://i.redd.it/d9p8wce7xuqf1.jpg?width=5712&format=pjpg&auto=webp&s=ceeb352c1bff6a374bb7c4f879728cab6acd99f4,,a cat sleeping in a blanket on a bed
aww,1nolk62,0,https://i.redd.it/wpm384wruxqf1.jpeg,,a dog is looking at a horse in the field
aww,1nntmiw,0,https://i.redd.it/21gkg25b9rqf1.png,,two white cats standing in front of a door
aww,1noh7w9,0,https://i.redd.it/9nyzmqtp0xqf1.jpeg,,a cat laying on its back on a bed
aww,1nohg14,0,https://i.redd.it/w8gtlqpd2xqf1.jpeg,,a german shepherd dog laying on the ground with a tennis ball
aww,1nnwi05,0,https://i.redd.it/hh7s3llhsrqf1.jpeg,,a gray cat sitting on a rug looking at the camera
aww,1nopl00,0,https://i.redd.it/kvvc2d4olyqf1.jpeg,,a group of cats playing in a living room
aww,1nogheh,0,https://i.redd.it/ceyd6251vwqf1.jpg?width=2736&format=pjpg&auto=webp&s=3ac969fa5ec50305bb4b726ecddf75a84488d5f8,,a dog standing in the grass on a sunny day
aww,1nogheh,1,https://i.redd.it/8811ytg1vwqf1.jpg?width=2736&format=pjpg&auto=webp&s=42ca251ad91ae2be866edd332a95a9fdaa2c3b72,,a brown dog sitting in the grass
aww,1no791h,0,https://i.redd.it/1qtyd0m46uqf1.png,,a cat laying on its back on a bed
aww,1nori9u,0,https://i.redd.it/l8d99uloyyqf1.jpeg,,a small white dog is wrapped in a blanket
aww,1nogzln,0,https://i.redd.it/0166yhmyywqf1.jpeg,,a dog's nose
aww,1nonms9,0,https://i.redd.it/01dnf3uj8yqf1.jpeg,,a tree with many birds sitting on it
aww,1nof805,0,https://i.redd.it/r594nf97kwqf1.jpeg,,a cat yawning on a couch
aww,1nodaqz,0,https://i.redd.it/avg1412b1wqf1.jpeg,,a person's feet on the ground
aww,1nog79h,0,https://i.redd.it/5q7tx22tswqf1.jpeg,,a cat laying on the ground in the shade
aww,1nohguy,0,https://i.redd.it/vkagjtik2xqf1.jpg?width=3840&format=pjpg&auto=webp&s=be19d88a49445e54ff2b892e4a4620b71a65a788,,a cat laying on a bed with a blanket
aww,1nohguy,1,https://i.redd.it/wvn8brdj2xqf1.jpg?width=3840&format=pjpg&auto=webp&s=378e2134a6d1e2103ee934854ee32b774152cbb8,,a cat with green eyes sitting on a couch
aww,1noltp2,0,https://i.redd.it/myuy2oliwxqf1.jpeg,,a black dog sitting in front of a pumpkin and fall background
aww,1non037,0,https://i.redd.it/stt04jv94yqf1.jpeg,,a cat laying on top of a bean bag chair
aww,1noepwn,0,https://i.redd.it/ztgb5d5xfwqf1.jpeg,,a cat laying down on a bed
aww,1no5ko3,0,https://i.redd.it/n9tnoowtqtqf1.jpg?width=3024&format=pjpg&auto=webp&s=e3117dcb119a245b695ba267e9d3b3f1026c5c18,,a man hiking up a steep mountain trail
aww,1no5ko3,1,https://i.redd.it/anmvipwtqtqf1.jpg?width=4284&format=pjpg&auto=webp&s=682220b49c550d63049a2685a03ac3dbb7770d5a,,a man and a woman standing on a mountain top
aww,1no5ko3,2,https://i.redd.it/cvq53wwtqtqf1.jpg?width=5712&format=pjpg&auto=webp&s=17241f96824e16103c9e39c6ac630f8d7a3b97b5,,a dog is walking on a trail in the mountains
aww,1no5ko3,3,https://i.redd.it/0eslxhwtqtqf1.jpg?width=4032&format=pjpg&auto=webp&s=98282417f88947ed6c2b0f59ae5fe88073daf1a2,,a dog standing on a rocky field with a mountain in the background
aww,1no5ko3,4,https://i.redd.it/q2qz7uwtqtqf1.jpg?width=5712&format=pjpg&auto=webp&s=7f22c7366b5af5dfc6d6e07434bbc2bdfd3f1555,,a dog sitting on a blanket in the back of a car
aww,1nogjkq,0,https://i.redd.it/9kckpo9ivwqf1.jpg?width=3024&format=pjpg&auto=webp&s=2fd5cdd4f2a24de596214ba1db86d66049892534,,a cat laying on a bed with a laptop
aww,1nogjkq,1,https://i.redd.it/bmpt9p9ivwqf1.jpg?width=3024&format=pjpg&auto=webp&s=4accdeb8ba75bfc08d3ad199b66242eb05ee02be,,a cat sitting on a bed next to a laptop
aww,1nojdhh,0,https://i.redd.it/s1ead7g4gxqf1.png,,a chicken is sitting on a tire in the grass
aww,1nnnntb,0,https://preview.redd.it/2opt1dnrpqqf1.jpeg?width=916&format=pjpg&auto=webp&s=a024bea327c4334c66ee94cb65cb9a71f38bdb05,nfmcvrc,a person is petting a cat that is laying on a bed
aww,1nolwrn,0,https://i.redd.it/iwtpgrh2xxqf1.jpeg,,a cat sitting on a stove top in a kitchen
aww,1no6y05,0,https://i.redd.it/uzj2grac3uqf1.jpeg,,a woman sitting on a chair holding a cat
aww,1nom53m,0,https://i.redd.it/acbqwkglyxqf1.jpeg,,a cat playing with a toy on the floor
aww,1nofapv,0,https://i.redd.it/j3ntmllwkwqf1.jpeg,,two puppies are sleeping on top of each other
aww,1nomu2t,0,https://i.redd.it/525ow8v73yqf1.jpg?width=4000&format=pjpg&auto=webp&s=9d4fbc32e95dfe40eab8ece4f39bed35a31f5099,,a black cat laying on a rug in a room
aww,1nomu2t,1,https://i.redd.it/o8q35nn73yqf1.jpg?width=4000&format=pjpg&auto=webp&s=7729b5c181fb6aecf96e360e0efcf583d5cd3108,,a cat laying on top of a cat tree
aww,1nomu2t,2,https://i.redd.it/cci84ri73yqf1.jpg?width=2252&format=pjpg&auto=webp&s=a97c0606e026e71d6dfaedec2030243509a81b89,,a cat sitting on a bed
aww,1nomu2t,3,https://i.redd.it/0xnjwlr73yqf1.jpg?width=4000&format=pjpg&auto=webp&s=f7f3a70f5ec65c64f799aed0faf0341c2e0ac19e,,a cat sitting on top of a cat tree
aww,1nnbf19,0,https://i.redd.it/cf6hxx7ftmqf1.jpg?width=4284&format=pjpg&auto=webp&s=8932ef68bdac62b280a3b2c8f0ebf67c43856ac0,,a kitten being held by a person in a store
aww,1nnbf19,1,https://i.redd.it/xsuaho7ftmqf1.jpg?width=3024&format=pjpg&auto=webp&s=e77e0a494762a2a3460f2e46a870cd0b0d9fa2c4,,a box with several kittens inside it
aww,1nnbf19,0,https://preview.redd.it/ku3thh5asoqf1.png?width=1080&format=png&auto=webp&s=964fc589406e9edf15e6df844da21d5ba01535e6,nfkkuz6,a gray kitten sitting on a bed
aww,1nnbf19,0,https://preview.redd.it/6mxql0rrloqf1.jpeg?width=4284&format=pjpg&auto=webp&s=8df27f146c4abd1790dd65bdc565895a49b11f14,nfkhazz,a box with several kittens inside of it
aww,1nnbf19,0,https://preview.redd.it/wb3isb5wloqf1.jpeg?width=4284&format=pjpg&auto=webp&s=31bb0e9238a1358a581981f3832f5497ab0d3979,nfkhd91,a box with several kittens inside of it
aww,1noelbk,0,https://i.redd.it/1oasn49oewqf1.jpg?width=3072&format=pjpg&auto=webp&s=ead4807a282402f6b895bc24a01440ac44a87537,,three kittens laying in a cardboard box
aww,1noelbk,1,https://i.redd.it/k6ag3r7newqf1.jpg?width=3072&format=pjpg&auto=webp&s=12c4f0648368dddee131e571870ae40eaebe9fc2,,a box with a plant on top of it
aww,1noelbk,2,https://i.redd.it/lakra3yoewqf1.jpg?width=3072&format=pjpg&auto=webp&s=5f7a096ad7a2387144ca948a33549112972ea6d5,,two kittens in a cardboard box
aww,1nosbs4,0,https://i.redd.it/5ol5dq274zqf1.jpeg,,two cats laying on top of a blue blanket
aww,1nok16y,0,https://i.redd.it/crl6669jkxqf1.jpeg,,a woman is on the floor with two cats
aww,1nnwzgo,0,https://i.redd.it/dp5vb0vrvrqf1.jpeg,,three black cats sitting on top of a cat tree
aww,1nokaw1,0,https://i.redd.it/r0sam1eamxqf1.jpeg,,a cat sitting on a tile floor looking at a window
aww,1no1j5x,0,https://i.redd.it/n1niz8tussqf1.jpg?width=1536&format=pjpg&auto=webp&s=06816a52d0462548f68f3de721c60cddca57c228,,a cat standing on its hind legs looking out a window
aww,1no1j5x,1,https://i.redd.it/m15nfptussqf1.jpg?width=4284&format=pjpg&auto=webp&s=1cfdad562ba8a940719f03f9daefdbec0a949cb6,,a cat is sitting in the dishwasher
aww,1no1j5x,2,https://i.redd.it/xxomdntussqf1.jpg?width=4102&format=pjpg&auto=webp&s=ddcd3ce5e858fb770cb89187835579102bd8bcd0,,a cat standing on its hind legs inside of a refrigerator
aww,1no1j5x,3,https://i.redd.it/foqr7qtussqf1.jpg?width=4284&format=pjpg&auto=webp&s=582639a7e7c6c091f8bf3bb4d91209ecccc4f30d,,a cat is sitting on top of a mattress
aww,1no1j5x,4,https://i.redd.it/dzdg68tussqf1.jpg?width=2090&format=pjpg&auto=webp&s=9126da93ad7c30f3ef7efb4c7b4a0a34ac1f073a,,a white cat laying on its back in the dirt
aww,1nobtqo,0,https://i.redd.it/3qokvsc3kvqf1.jpg?width=3024&format=pjpg&auto=webp&s=f1ac8a6661e3ab1962d9445a024ac39c0dd43182,,a cat sitting in an open refrigerator
aww,1nobtqo,1,https://i.redd.it/z5hbdtc3kvqf1.jpg?width=3024&format=pjpg&auto=webp&s=7f6825c9fb9a691eefc3515d5d4c2d8d25255c06,,a cat sitting in an open refrigerator
aww,1noev2m,0,https://i.redd.it/1s60wfx9hwqf1.jpeg,,a dog sitting in the grass with flowers and grass
aww,1noi84q,0,https://i.redd.it/6ab7kf0y7xqf1.jpeg,,a cat sitting on a window sill with a toy
aww,1nocdx8,0,https://i.redd.it/klsx7mytqvqf1.jpg?width=2992&format=pjpg&auto=webp&s=424fbb7292f7cbf219fc5d60463abf064b639c68,,two dogs are playing together on a sidewalk
aww,1nocdx8,1,https://i.redd.it/vhphc29uqvqf1.jpg?width=2992&format=pjpg&auto=webp&s=ba0fa1f7caf365a190aecef5be39707b762b68d3,,two dogs sitting on the ground with their mouths open
aww,1nnksm5,0,https://i.redd.it/v6bg4dlvjpqf1.jpeg,,an orange cat sitting on top of a wooden table
aww,1nocmvi,0,https://i.redd.it/pp6aedjptvqf1.jpeg,,a cat sitting on the ground
aww,1nom108,0,https://i.redd.it/a37y36huxxqf1.jpeg,,a dog sitting at a kitchen sink with a bottle of wine
aww,1no45ve,0,https://i.redd.it/kxir469tetqf1.jpeg,,an orange cat laying on a window sill
aww,1no45ve,0,https://preview.redd.it/thsjcevtitqf1.jpeg?width=2183&format=pjpg&auto=webp&s=80426c0dfd518bb799bc1aafc6fb0dc8f070d863,nfp5ij6,an orange tabby cat sitting on a black leather couch
aww,1nnzb5e,0,https://i.redd.it/17mwj6yubsqf1.jpeg,,a person holding a cat
aww,1noeuha,0,https://i.redd.it/f08u5fx4hwqf1.jpeg,,a black cat looking up at the camera
aww,1no8p21,0,https://i.redd.it/6a9zb11gkuqf1.jpeg,,a dog laying on its back in a bed
aww,1nogd28,0,https://i.redd.it/gfly7ze4uwqf1.png,,a cat laying on a bed
aww,1nobemi,0,https://i.redd.it/7aptpwk0fvqf1.jpeg,,a black and white cat sitting on a wooden chair
aww,1nno9r2,0,https://i.redd.it/hji7ko0s9qqf1.jpeg,,two cats sleeping on a cat bed in front of a window
aww,1nof8wt,0,https://i.redd.it/78w9ckirkwqf1.png,,a cat sitting on the stairs next to a bag of cat food
aww,1nob28t,0,https://i.redd.it/p4yl9einavqf1.png,,a cat wearing sunglasses sitting on a desk
aww,1nngxw5,0,https://i.redd.it/jjyplbexfoqf1.png?width=1080&format=png&auto=webp&s=e3a1a097d3e2581e06bddf1438c24f2b58a7449e,,two cats laying on a bed
aww,1nngxw5,1,https://i.redd.it/scz71rjxfoqf1.png?width=1080&format=png&auto=webp&s=e44c7693096a09990bd2928b107ad1b949e9c65d,,two cats laying on a couch
aww,1nngxw5,2,https://i.redd.it/28w2p0mxfoqf1.jpg?width=3000&format=pjpg&auto=webp&s=e63b977dc1c53308bee0a176bbdc50a1a12926a5,,two cats laying on a bed together
aww,1noc76c,0,https://i.redd.it/614xz45novqf1.jpeg,,a dog laying in a dog bed on a hard floor
aww,1no9ucr,0,https://i.redd.it/y6ls9g4pwuqf1.png,,a small orange cat sitting on a bed
aww,1nn37k7,0,https://i.redd.it/qec2pr1mykqf1.jpg?width=1516&format=pjpg&auto=webp&s=e523fb1e6086855febb0f44f971633131b173ac7,,a bride and groom laugh together at their outdoor wedding
aww,1nn37k7,1,https://i.redd.it/ktj39u4mykqf1.jpg?width=1078&format=pjpg&auto=webp&s=3b66d013a46725bdb2cd88d59b84b984eec3d719,,a bride and groom laugh together at their outdoor wedding
aww,1noa3dr,0,https://i.redd.it/iwvrmkyezuqf1.jpeg,,two cats laying in a cardboard box
aww,1no1ne8,0,https://i.redd.it/24729z3ttsqf1.jpeg,,a cat laying on a person's lap
aww,1noad44,0,https://i.redd.it/v154v9nk2vqf1.jpeg,,a small dog sitting on a sidewalk
aww,1nnqyjg,0,https://i.redd.it/0njtxenmrqqf1.png,,a black and white cat sitting on a couch
aww,1no0o6x,0,https://i.redd.it/b3adiiw1msqf1.jpeg,,a small brown puppy is being held in someone's hands
aww,1noae99,0,https://i.redd.it/aoc6ksjw2vqf1.jpeg,,a cat is standing on the floor next to a green wall
aww,1no8asn,0,https://i.redd.it/2jy4beqeguqf1.png,,a small horse in a pen with a blue bucket
aww,1nnzcgj,0,https://i.redd.it/u8dddfq5csqf1.jpeg,,two dogs laying on top of each other
aww,1noayw5,0,https://i.redd.it/2pyptohj9vqf1.jpeg,,a cat looking at the camera
aww,1no87sw,0,https://i.redd.it/ajemg7mjfuqf1.jpg?width=1179&format=pjpg&auto=webp&s=1ef739ad6cff876132181c74d0595b695473ffad,,two dogs fighting over a toy
aww,1no87sw,1,https://i.redd.it/duc468mjfuqf1.jpg?width=1179&format=pjpg&auto=webp&s=b45e4599e30d51d0617a4d2dbd6020f742992e42,,two white cats playing with each other on the floor
aww,1no87sw,2,https://i.redd.it/7vwad9mjfuqf1.jpg?width=1179&format=pjpg&auto=webp&s=ca8c8b97f7d9479f9f9d71d17f36742b10db844f,,two white dogs playing with each other on the floor
aww,1no7inj,0,https://i.redd.it/n6gvahrl8uqf1.jpeg,,a small white dog sitting on a leash next to a certificate
aww,1no4oxx,0,https://i.redd.it/jopdl4dbjtqf1.jpeg,,a dog with its tongue out in the woods
aww,1nnnal3,0,https://preview.redd.it/kqww87fjdqqf1.jpeg?width=3000&format=pjpg&auto=webp&s=97a738b5f56390c81ced6ca89d1f9c1b1793fe82,nflyhhn,a small white dog sitting on top of a stair case
aww,1nmxt71,0,https://i.redd.it/fobm2hppxjqf1.jpg?width=3024&format=pjpg&auto=webp&s=39033c846c765332c3a956588d45b59e6eca920e,,a turtle is walking through the dirt near a stone
aww,1nmxt71,1,https://i.redd.it/iqwoteppxjqf1.jpg?width=3024&format=pjpg&auto=webp&s=af5bc5d623616f733d1d93803e60aa8b166c5f58,,a small turtle is being held in someone's hands
aww,1nmxt71,2,https://i.redd.it/77g12fppxjqf1.jpg?width=3024&format=pjpg&auto=webp&s=7aeda482d21f062628524b30658db9c5a7bc5a0d,,a small turtle on top of a leaf
aww,1nmxt71,3,https://i.redd.it/2f9vbkppxjqf1.jpg?width=3024&format=pjpg&auto=webp&s=7688b277ffd839081681f8e4f723bb2c09f3563e,,a bird cage sitting on a wooden bench next to a flower bed
aww,1nmxt71,0,https://preview.redd.it/jklbxryf8kqf1.jpeg?width=4032&format=pjpg&auto=webp&s=93194131f07444540f6436b5523e4cb73c8182fd,nfgmk3m,two small turtles sitting in someone's hand
aww,1nmxt71,0,https://preview.redd.it/s5zlcnfu3kqf1.jpeg?width=3072&format=pjpg&auto=webp&s=ff643a43a8d53772ed6ed0328b12bd5e2d5c7d2c,nfggryn,a small turtle on the ground
aww,1nmxt71,0,https://preview.redd.it/vd943vmpzkqf1.jpeg?width=1170&format=pjpg&auto=webp&s=66cd6789a56669ee2fa8109aebc319de100475a5,nfhkmm6,a close up of a turtle with its head turned to the side
aww,1nmxt71,0,https://preview.redd.it/jdyndg4muoqf1.jpeg?width=750&format=pjpg&auto=webp&s=03888d90d908f1d3ff007b32f5169ea40cdbba8f,nfkm735,"the office quotes, quotes, quotes about the office, quotes about the office, quotes about the office, quotes about the office, quotes about the office"
aww,1nob9h6,0,https://i.redd.it/vujt76o7dvqf1.jpeg,,a dog laying on a bed with a stuffed animal on top of it
aww,1nnryo1,0,https://i.redd.it/crx9h5t8yqqf1.jpeg,,a man holding a small white dog in his arms
aww,1nnzs5a,0,https://i.redd.it/n455qvaefsqf1.jpeg,,a dog with a nose in the snow
aww,1no22ov,0,https://i.redd.it/3icpeyq9xsqf1.jpeg,,a cat wearing a watch on its collar
aww,1no22ov,0,https://preview.redd.it/uw70465o5tqf1.jpeg?width=2249&format=pjpg&auto=webp&s=6994323e306196e3c9cc5883eae9c6f022656428,nfoume1,a dog with a blue collar sitting on a tile floor
aww,1nnet77,0,https://i.redd.it/7vc39aharnqf1.jpeg,,a cat laying on a person's hand while they sleep
aww,1nn5oiz,0,https://i.redd.it/1l3bjw8yglqf1.jpeg,,a dog playing with a toy on a person's lap
aww,1nn5oiz,0,https://preview.redd.it/thugpczhmpqf1.jpeg?width=612&format=pjpg&auto=webp&s=a020896c1eef2dd86790e93d3b4f29a7bfde3356,nfl5dc8,a woman is holding a dog that is laying on her chest
aww,1nn5oiz,0,https://preview.redd.it/fg4eo2yxlpqf1.png?width=1080&format=png&auto=webp&s=7f376aa1465d2bc3533013d93ae55ef45615ac07,nfl5uzi,a dog wearing a party hat
aww,1noag4k,0,https://i.redd.it/284un45i3vqf1.jpeg,,a rabbit wearing a santa hat and a red vest
aww,1nnvtq0,0,https://i.redd.it/d02jxwcunrqf1.jpeg,,three puppies are held in the hands of a man
aww,1noewtf,0,https://i.redd.it/71qkpzyphwqf1.jpeg,,a cat and two kittens laying on the floor
aww,1nnu2uw,0,https://i.redd.it/udl3jb0gbrqf1.jpeg,,a yellow bird with red and white feathers
aww,1nnts2x,0,https://i.redd.it/zkde7dd9arqf1.jpeg,,a person laying on a bed with a cat
aww,1nnu0iv,0,https://i.redd.it/zgo8m1csbrqf1.jpg?width=1536&format=pjpg&auto=webp&s=20a3bc73df7cc6d4980430ddda33b4c3438dea1b,,a black and white kitten sitting on the floor
aww,1nnu0iv,1,https://i.redd.it/d8skm0fsbrqf1.jpg?width=3000&format=pjpg&auto=webp&s=ed161e9744068ea1b3bb1839ebf23e04434624e7,,a cat laying on its back
aww,1no0m3x,0,https://i.redd.it/1x5yjdzllsqf1.jpeg,,a cat sleeping in a bed with a blanket
aww,1no4lsc,0,https://i.redd.it/vr7316pjitqf1.jpeg,,a dog laying on a couch with its head on the armrest
aww,1nn2hwo,0,https://i.redd.it/8q08txzmtkqf1.jpg?width=3000&format=pjpg&auto=webp&s=ab7b19ea18461db5b5f9b568478a53159fc83cb9,,a cat laying on a couch with a purple light
aww,1nn2hwo,1,https://i.redd.it/if699svmtkqf1.jpg?width=3000&format=pjpg&auto=webp&s=7d8aae165c9444c37640cf625cfc2da31ad9a079,,a cat laying on a couch with a stuffed lizard
aww,1nns0wu,0,https://i.redd.it/t2dyd43oyqqf1.jpg?width=1532&format=pjpg&auto=webp&s=b3903c6351b0521d039854d350acf09f7fe58e66,,a wet cat sitting on a shelf in a room
aww,1nns0wu,1,https://i.redd.it/vgbzk43oyqqf1.jpg?width=1080&format=pjpg&auto=webp&s=df7cf1962ed7f15e1b0a9566b5f4cfcc4b92e735,,a cat is sitting on a person's lap
aww,1nns0wu,2,https://i.redd.it/j64d363oyqqf1.jpg?width=1920&format=pjpg&auto=webp&s=17bc79e638c164760d99c75eece2b3edd3c7ae18,,a wet cat being washed by a person
aww,1nns0wu,0,https://preview.redd.it/iq6a7d24prqf1.png?width=195&format=png&auto=webp&s=b1dde2db054950a96ecf3168dcf7e4f2b374bcc1,nfnhieq,a close up of a cat looking up at the camera
aww,1no0gwk,0,https://i.redd.it/krmmhgvgksqf1.png,,a woman with a cat on her lap
aww,1no0gwk,0,https://preview.redd.it/2ex4hvkfwsqf1.png?width=498&format=png&auto=webp&s=642f03d66b5fec1d1795462809e5c7b3aec45337,nfomnx6,two men are standing in front of a building with the words she's too young for you bro
aww,1no1ihx,0,https://i.redd.it/v9df5yfpssqf1.jpeg,,a person holding a small green grape in their hand
aww,1nnhq1k,0,https://i.redd.it/prjw4ht5poqf1.jpg?width=1706&format=pjpg&auto=webp&s=0bfc660caa1f3d7639c3600503a4179b2b4ec15c,,a cat is sleeping on a chair in front of a stuffed animal
aww,1nnhq1k,1,https://i.redd.it/w7h5net5poqf1.jpg?width=1279&format=pjpg&auto=webp&s=7aaa1460bdac0ba1ee6a8e91ed60a208a518abed,,a cat laying on a couch with its paws up
aww,1nnzc4k,0,https://i.redd.it/pxz8152rbsqf1.png,,a dog is standing on its hind legs and its mouth is open
aww,1no4pvd,0,https://i.redd.it/yqpltrqjjtqf1.jpeg,,a dog wearing an orange scarf on the floor
aww,1no0i80,0,https://i.redd.it/1qioblsqksqf1.jpeg,,a dog laying on its back on a bed
aww,1nnv294,0,https://i.redd.it/4bneah6oirqf1.jpg?width=3024&format=pjpg&auto=webp&s=e6213c6825e0035d72e40ab761b28af8e6dc6e88,,a dog laying on a bed with its mouth open
aww,1nnv294,1,https://i.redd.it/nuadbh6oirqf1.jpg?width=3024&format=pjpg&auto=webp&s=9ea6d166bbdf7ccd77f883d6e53ad83c76bcedb2,,a dog laying on a bed with its head on the pillow
aww,1nnvl3q,0,https://i.redd.it/xua1i19ulrqf1.jpeg,,a calico cat is laying on top of a cat tree
aww,1no39lk,0,https://i.redd.it/xc3x4u077tqf1.jpeg,,a black cat sitting inside a tent
aww,1nnjhpv,0,https://i.redd.it/enw7urap7pqf1.jpeg,,a cat sitting on a green carpet with blue eyes
aww,1nnyek0,0,https://i.redd.it/qjm8wnhg5sqf1.jpeg,,a guinea pig is laying on a pillow
aww,1nnzieg,0,https://i.redd.it/3tycfx55dsqf1.jpeg,,two dogs in a pool
aww,1no46y3,0,https://i.redd.it/tpxx9yh1ftqf1.jpg?width=3072&format=pjpg&auto=webp&s=e3f245c52c3d38c01b156170082a868aa8cef5e1,,a cat laying on a bed
aww,1no46y3,1,https://i.redd.it/4kvlafi2ftqf1.jpg?width=4080&format=pjpg&auto=webp&s=d57e2282f7d28b8b5fb7bf4e977dbb42b5da3b03,,a cat with blue eyes
aww,1nnqf4b,0,https://i.redd.it/d9unk5eynqqf1.jpeg,,an orange cat laying on a bed with a striped blanket
aww,1nnzh8b,0,https://i.redd.it/u1wz1cq5dsqf1.jpeg,,a woman in a pink robe holding a cat
aww,1no40g9,0,https://i.redd.it/hmcj7apjdtqf1.jpeg,,a cat is sitting in a box
aww,1no5j38,0,https://i.redd.it/pmm2lk1bqtqf1.png,,a cat sleeping on a desk next to a computer
aww,1nny59p,0,https://i.redd.it/nqsb9hzl3sqf1.jpeg,,a cat laying on a blue blanket on a chair
aww,1nnstlo,0,https://i.redd.it/fxv6sgpz3rqf1.jpeg,,two cats are sleeping on a chair
aww,1nnqzvn,0,https://i.redd.it/m9np9gqvrqqf1.jpeg,,a red bird and a black bird are standing next to each other
aww,1nnua4q,0,https://i.redd.it/jaxg300idrqf1.jpeg,,a cat laying in an open suitcase
aww,1no4kg5,0,https://i.redd.it/uxfco2c7itqf1.jpeg,,a dog is standing in the grass in a yard
aww,1nn74pd,0,https://i.redd.it/10xi1ejkslqf1.png?width=1080&format=png&auto=webp&s=a10247b2154ca18e11a22489ebad9d92ca1904ed,,two cats cuddling on a blanket
aww,1nn74pd,1,https://i.redd.it/ld0ymqbkslqf1.png?width=1080&format=png&auto=webp&s=cb69229e2e78bee67a4bb9b91440feb236e18c7d,,two cats laying on top of each other on a rug
aww,1nn74pd,2,https://i.redd.it/ymgmrcvkslqf1.png?width=1080&format=png&auto=webp&s=e2b989797e09f025bed715030e4d8a0e3265d79b,,two cats cuddling on a couch
aww,1no2lg7,0,https://i.redd.it/1l93ahvl1tqf1.png,,sea lions on the dock at the california aquarium in san francisco
aww,1nnd462,0,https://i.redd.it/2qjr6fnj9nqf1.jpg?width=3116&format=pjpg&auto=webp&s=bbfb210db29ff48e267a6155bbac425b0a61c50f,,a young boy laying next to a dog
aww,1nnd462,1,https://i.redd.it/fg8wzoxj9nqf1.jpg?width=4042&format=pjpg&auto=webp&s=eb5d5677c168f1e5915c0e6b789110375b3aa160,,a boy laying on the stairs with a dog on his head
aww,1no0pqq,0,https://i.redd.it/jmvhvbpdmsqf1.jpg?width=3024&format=pjpg&auto=webp&s=ae5d90f7e9aa9d923dff384bde169889d57cd7a2,,a dog laying on a couch with a toy
aww,1no0pqq,1,https://i.redd.it/b42qmapdmsqf1.jpg?width=3024&format=pjpg&auto=webp&s=de216bc2ae5c1e8d8244f5d27ec80d628d632153,,a dog laying on a couch with a stuffed animal
aww,1no0pqq,2,https://i.redd.it/7z12d9pdmsqf1.jpg?width=3024&format=pjpg&auto=webp&s=836b1ed669e168465cdfa0ed883c366cebe219d5,,a dog laying on a couch with a stuffed animal in its mouth
aww,1no0pqq,3,https://i.redd.it/wibsqbpdmsqf1.jpg?width=3024&format=pjpg&auto=webp&s=4bc0ea0bb67d62b6133fb0df3adce0a4eb64a591,,a dog laying on a couch with a stuffed animal
aww,1nndvz1,0,https://preview.redd.it/qe91muqzinqf1.jpeg?width=1472&format=pjpg&auto=webp&s=3ae4b3ea3f358e4319773a81cdb6382306c2f06c,nfjvad3,a black bird walking on the road
aww,1nnz9fj,0,https://i.redd.it/3qmli14jbsqf1.jpeg,,a white kitten is hiding under a blanket
aww,1nni5jw,0,https://i.redd.it/yraq10s2uoqf1.jpg?width=3024&format=pjpg&auto=webp&s=32774a87cfaaac2d8557d596e4dba95686640176,,a dog with its tongue out and its tongue sticking out
aww,1nni5jw,1,https://i.redd.it/kvdelas2uoqf1.jpg?width=5712&format=pjpg&auto=webp&s=2ccc4de2cf6b4d4a937b47cf1e00fdb42241d4b1,,a black and white cat looking up at the camera
aww,1nnvlxd,0,https://i.redd.it/m5rlwy6cmrqf1.jpeg,,a dog eating a cake with a heart on it
aww,1no3us8,0,https://i.redd.it/oyjop228ctqf1.jpeg,,a dog laying on the floor in a black blanket
aww,1no3r52,0,https://i.redd.it/6ti0r51dbtqf1.jpeg,,a hamster is being held by someone's hand
aww,1nnxj0u,0,https://i.redd.it/vsy1llbfzrqf1.jpeg,,an orange cat sitting on a window sill
aww,1nnrd3l,0,https://i.redd.it/acikqliauqqf1.jpeg,,a cat laying on a couch with a t - shirt
aww,1nnjf1e,0,https://i.redd.it/0ahz7pv57pqf1.jpg?width=1080&format=pjpg&auto=webp&s=6744eff233707aa077d6383960128cb301660dc2,,a small gray dog laying in the grass
aww,1nnjf1e,1,https://i.redd.it/1upqf5y57pqf1.jpg?width=1080&format=pjpg&auto=webp&s=5bedb418feed8acedc6533c2bf724e83c12f0530,,a small gray dog laying in the grass
aww,1nnrbur,0,https://i.redd.it/9vbojgf2uqqf1.jpeg,,a cat is sleeping on a dresser
aww,1nnxwaq,0,https://i.redd.it/mcd8zhtm1sqf1.png,,a cat sitting on a chair in front of a laptop
aww,1nmnvki,0,https://i.redd.it/9et55bibphqf1.jpg?width=3024&format=pjpg&auto=webp&s=8a9e2402946a76cc53cddb17496f9249ad9cb27d,,a pigeon sitting in a nest on the ground
aww,1nmnvki,1,https://i.redd.it/cns9eqibphqf1.jpg?width=3024&format=pjpg&auto=webp&s=6cb4a117cfe3a9bc17f0861a432cffce759e6496,,two baby birds are sitting in a nest
aww,1nmnvki,2,https://i.redd.it/3886lmibphqf1.jpg?width=3024&format=pjpg&auto=webp&s=44d670439cd94039475b6a833c7fb27cb284a991,,a bird nest with two eggs in it
aww,1nmnvki,0,https://i.imgur.com/NoQ4Kep.gif,nff638f,a black background with a white cat in the middle
aww,1nmnvki,1,https://i.imgur.com/NoQ4Kep.gif),nff638f,a black background with a white cat in the middle
aww,1nmnvki,0,https://preview.redd.it/xtzrieea2iqf1.jpeg?width=1080&format=pjpg&auto=webp&s=9bba7498115a6ed7c226adc597becb1782130418,nfedfur,there are only two types of baby birds
aww,1nmnvki,0,https://preview.redd.it/1zin27ihwiqf1.jpeg?width=3024&format=pjpg&auto=webp&s=5a4eb4a7f6edd72e7e7c34a9ab5b3279213252bb,nff2kv2,a baby bird in a pot on a table
aww,1nmnvki,0,https://preview.redd.it/t3902om68iqf1.png?width=1080&format=png&auto=webp&s=98580dca0f620082ac69a3df5b9ff10709203738,nfeheu6,a bird sitting on a flower pot
aww,1nmy9rl,0,https://preview.redd.it/csfvgvmglkqf1.jpeg?width=3024&format=pjpg&auto=webp&s=52367645cbea5e901e0f6bb5f598a034a4ebfa3c,nfh31oe,a cat curled up on a leather chair
aww,1nmy9rl,0,https://preview.redd.it/4ny857fuymqf1.jpeg?width=3024&format=pjpg&auto=webp&s=9bc80245b908786da6fc999db3da1e2a5e61e6f3,nfjh46i,a cat laying on a black bean bag chair
aww,1nmy9rl,0,https://preview.redd.it/ba09v4ee4oqf1.jpeg?width=2268&format=pjpg&auto=webp&s=42594f54c4653eb57ae05efbc2f126614010fc57,nfk7xcz,a large axe with a blue and white pattern on it
aww,1nnd0wt,0,https://i.redd.it/ruepmt6m8nqf1.jpg?width=3024&format=pjpg&auto=webp&s=21891a186bf19f9dd88dff81c526ebc23fa0779e,,a small white dog wearing a chicken costume
aww,1nnd0wt,1,https://i.redd.it/4tj6zw6m8nqf1.jpg?width=3024&format=pjpg&auto=webp&s=ef2750a5075dbc4d883a214c15ab3bab7c182d9a,,a person wearing a chicken costume and holding a dog
aww,1nnz5lh,0,https://i.redd.it/0u12gc1rasqf1.jpeg,,a cat sitting on top of a laptop computer
aww,1nmtwam,0,https://i.redd.it/ncqj7wle6jqf1.jpeg,,a dog and a rabbit standing next to each other
aww,1nnqmm6,0,https://i.redd.it/a523pbgfpqqf1.jpg?width=2048&format=pjpg&auto=webp&s=e8a347a068e58cbbd6cbf2fd799f3d8035b11e9b,,two dogs sitting on a dog bed in a room
aww,1nnqmm6,1,https://i.redd.it/5hwvlgefpqqf1.jpg?width=2016&format=pjpg&auto=webp&s=6366689f90bb28d2ad8cabeebd4bd20e351caa7e,,three dogs on leashes in a park
aww,1nnqmm6,2,https://i.redd.it/kifwegefpqqf1.jpg?width=2016&format=pjpg&auto=webp&s=f8aaeffb45fb5f9ee110d81e64333c339424e89d,,three dogs laying on a bed in a room
aww,1nnqmm6,3,https://i.redd.it/ggnmsgefpqqf1.jpg?width=2016&format=pjpg&auto=webp&s=d8a2a2a20cedc763a56fd28cdad0e4aa54bdc38e,,three dogs are sitting on the grass with their owners
aww,1nnqmm6,4,https://i.redd.it/p4cp5gefpqqf1.jpg?width=2016&format=pjpg&auto=webp&s=0cc60094c6361a983cbefb4d0b41fa466686e11e,,three dogs sitting on a couch with pillows
aww,1nnqmm6,5,https://i.redd.it/2ek0fhefpqqf1.jpg?width=2048&format=pjpg&auto=webp&s=44db3ea06892039eec7d0a417e8443e604ea3f87,,a dog sitting on a couch with two other dogs
aww,1nnqmm6,0,https://preview.redd.it/yixzzbsesqqf1.png?width=738&format=png&auto=webp&s=a67ac342ff040c0094b1de9c29f48b42328c2286,nfmfhby,two dogs are sitting on a bed together
aww,1nntk00,0,https://i.redd.it/5gcdww1u8rqf1.jpeg,,an orange cat wearing glasses laying on a couch
aww,1nnadvo,0,https://i.redd.it/w79zb3r9kmqf1.jpg?width=4284&format=pjpg&auto=webp&s=b788ba0bd57e764e3893f78718fb635d9735c2fa,,a white cat laying on a bed with a toy
aww,1nnadvo,1,https://i.redd.it/zvyt5qq9kmqf1.jpg?width=3024&format=pjpg&auto=webp&s=3c632cfe606641a62555a494d0b4be8455459fb2,,a white kitten laying on a bed with a yellow ball
aww,1nnadvo,2,https://i.redd.it/98don1r9kmqf1.jpg?width=4284&format=pjpg&auto=webp&s=e9ecfb8579a94a3872bb6fc08c9b78cea7913525,,a white kitten with blue eyes sitting on a green blanket
aww,1nnadvo,3,https://i.redd.it/wiiup1r9kmqf1.jpg?width=4284&format=pjpg&auto=webp&s=0e2c87acf97ef048d7aceb4d212e6adae3599a08,,a woman sitting in the back seat of a car holding a white cat
aww,1nmvryt,0,https://i.redd.it/0ixpkpyjjjqf1.jpg?width=3060&format=pjpg&auto=webp&s=a821a69a4df2dddbed6f148d8ce35fa45c78152b,,a black and white cat hiding under a pillow
aww,1nmvryt,1,https://i.redd.it/g8rqmr0kjjqf1.jpg?width=3072&format=pjpg&auto=webp&s=e82a1f0cf2e7aff118efce91baaf97d1edec1c7a,,a white kitten sitting on top of a cat tree
aww,1nmvryt,2,https://i.redd.it/cvs39q3kjjqf1.jpg?width=3072&format=pjpg&auto=webp&s=c3e915266d78bf31962c80aa89a79c5ad5096cac,,a cat is sitting on top of a blue couch
aww,1nmvryt,3,https://i.redd.it/qqa4vq2kjjqf1.jpg?width=2141&format=pjpg&auto=webp&s=ca1de1e784aa8ef5cb3eea3e219cb53f015c4db5,,two white and black kittens sitting on a cat tree
aww,1nnm06b,0,https://i.redd.it/vqobxz6ktpqf1.jpg?width=5712&format=pjpg&auto=webp&s=186512855f8316012c05621f011674f52f38fa9a,,a black cat sitting on the stairs
aww,1nnm06b,1,https://i.redd.it/yzzmms6ktpqf1.jpg?width=4032&format=pjpg&auto=webp&s=7ce4b2e144d362cd303b96139a681a5c1322e036,,a black cat sitting in a suitcase
aww,1nnng8j,0,https://i.redd.it/lattgga54qqf1.jpeg,,a man holding a dog while using a cell phone
aww,1nnujfa,0,https://i.redd.it/nsw0yjj6frqf1.jpeg,,a dog hiding under a blanket on the floor
aww,1nnf9hb,0,https://i.redd.it/5z5lvupewnqf1.jpg?width=4032&format=pjpg&auto=webp&s=504a345a272522fca4c0f6161c10680df87d5e4c,,a cat laying on a wooden deck
aww,1nnf9hb,1,https://i.redd.it/l602n3qewnqf1.jpg?width=4032&format=pjpg&auto=webp&s=fe610a2414f8a37df31929cf0523c7e944660dc3,,a cat walking on a wooden deck
aww,1nnnlct,0,https://i.redd.it/sk0xo6i35qqf1.jpg?width=4032&format=pjpg&auto=webp&s=566d47f53ef6aaa9a0e5b62a43ce606b8543c67e,,an orange cat sleeping on a chair
aww,1nnnlct,1,https://i.redd.it/ovc412i35qqf1.jpg?width=3024&format=pjpg&auto=webp&s=754a8d8f041115989e861f332213f1d57d69fce5,,an orange cat sitting on a blanket
aww,1nnnlct,2,https://i.redd.it/wyn275i35qqf1.jpg?width=3024&format=pjpg&auto=webp&s=dac7702959743f7b45c6c9bfcf9c0edb8bbd3768,,a cat laying on a blanket
aww,1nnnlct,3,https://i.redd.it/k90lvyh35qqf1.jpg?width=3024&format=pjpg&auto=webp&s=0aae59b3086c2ae069cfc33798733c48419d76f5,,an orange cat sleeping on top of a white cat bed
aww,1nnnlct,4,https://i.redd.it/sztmc3i35qqf1.jpg?width=3024&format=pjpg&auto=webp&s=7e5180822840acce6efa26c97f6b26856af207b5,,a cat sleeping on a couch
aww,1nnnlct,5,https://i.redd.it/owtsi6i35qqf1.jpg?width=3024&format=pjpg&auto=webp&s=73e7bd9d9003484119e883e675760829cb928f7d,,a small orange kitten sitting on a person's lap
aww,1nn9abl,0,https://i.redd.it/0fbz347wamqf1.jpg?width=4000&format=pjpg&auto=webp&s=c3c88fc038c3b5d5c2d91188160d6d63d7d14edf,,a fluffy cat laying on a brown couch
aww,1nn9abl,1,https://i.redd.it/lz5xf7cwamqf1.jpg?width=1080&format=pjpg&auto=webp&s=62fee4b67095241b375aaf6f99d6abc54cec86a7,,a cat sitting on a bed looking up at the camera
aww,1nn9abl,2,https://i.redd.it/kl7r9f1wamqf1.jpg?width=3000&format=pjpg&auto=webp&s=09cff21b5bf8d376e5e71107c6a2c17b0b8eeabe,,a cat with green eyes
aww,1nn9657,0,https://i.redd.it/zh2svxpt9mqf1.jpeg,,a dog standing in front of a birthday banner
aww,1nn9657,0,https://preview.redd.it/q4jecnglamqf1.png?width=435&format=png&auto=webp&s=0363976d17b1e5cddb0f84796c72037e1b8d073b,nfivd78,a white dog with a big smile on its face
aww,1nnw7e0,0,https://i.redd.it/2olvukwaqrqf1.png,,a cat sitting on a desk with a green light
aww,1nnxuxm,0,https://i.redd.it/2iguxemn1sqf1.png,,a black and white kitten being pet by a person
aww,1nnl1m5,0,https://i.redd.it/qgdop4qzlpqf1.jpg?width=4000&format=pjpg&auto=webp&s=cf30633944cf39034b57a7c4e56fda7217adbdfc,,a kitten sitting on top of a wooden cabinet
aww,1nnl1m5,1,https://i.redd.it/0xox510zlpqf1.jpg?width=4000&format=pjpg&auto=webp&s=4860fe8f1481c41c22385c89cabad0486519fd82,,a cat standing on a wooden shelf with plants
aww,1nnl1m5,2,https://i.redd.it/ejmitqbzlpqf1.jpg?width=3000&format=pjpg&auto=webp&s=c0fb52a0f17cd288a2800fc214dd7c7b39fa76da,,a cat sitting in a bag
aww,1nnl1m5,3,https://i.redd.it/6xy9crnylpqf1.jpg?width=3000&format=pjpg&auto=webp&s=c1684a30f00168de50622ccb8fa4b5537f150a6b,,a cat sitting on a wooden table in front of a tv
aww,1nnl1m5,4,https://i.redd.it/n721phgzlpqf1.jpg?width=3000&format=pjpg&auto=webp&s=0e2047238deee60d547752cdfb2973ff27dd02f7,,a white and gray cat sitting on top of a wooden dresser
aww,1nnl1m5,5,https://i.redd.it/28pf33bylpqf1.jpg?width=4000&format=pjpg&auto=webp&s=c0d3ae30bfa947e2c5286aa1cf43bca10c8feee7,,a cat laying on a blanket near a window
aww,1nmt2gx,0,https://preview.redd.it/zerv54y3gjqf1.png?width=1080&format=png&auto=webp&s=21d68ab5aadb9bfb79879ab8d3d17e223bcbd183,nffo6pb,a cat is being held by a person's hand
aww,1nnhbl9,0,https://i.redd.it/x3a0rrfhkoqf1.jpeg,,a black cat sitting in a basket on a table
aww,1nnte45,0,https://i.redd.it/obi7ry8q7rqf1.jpeg,,a cat laying on top of a blanket
aww,1nnorhq,0,https://i.redd.it/27fwrzjzcqqf1.jpeg,,a cat sleeping on a mouse pad on a desk
aww,1nnqbtl,0,https://i.redd.it/2ihabdzgnqqf1.jpg?width=714&format=pjpg&auto=webp&s=40342a522ac4741b23253d0842f833c469327fb4,,a cat with a big smile on its face
aww,1nnqbtl,1,https://i.redd.it/zqsknczgnqqf1.jpg?width=640&format=pjpg&auto=webp&s=a9677736adfb2b415d36647e06894abae501e135,,a drawing of a siamese cat with a blue background
aww,1nnpnp3,0,https://i.redd.it/si072vwxiqqf1.jpeg,,a dog laying on a bed with a cord
aww,1nnmuko,0,https://i.redd.it/08j20witzpqf1.jpeg,,a cat sitting on a chair looking up at the camera
aww,1nnn7fc,0,https://i.redd.it/ebga9pvf2qqf1.jpeg,,a cat laying on a bed with a blanket
aww,1nnlq0k,0,https://i.redd.it/ahfkg5qfrpqf1.jpeg,,a cat sitting on a man's shoulder in front of a computer
aww,1nnqzxn,0,https://i.redd.it/mbz1hz4vrqqf1.jpg?width=1098&format=pjpg&auto=webp&s=875fb58e83ea48a0829774c4f11fd33a6b5b284e,,a cat sitting on top of a couch in a room
aww,1nnqzxn,1,https://i.redd.it/q7hijz4vrqqf1.jpg?width=1098&format=pjpg&auto=webp&s=cda2de30c68d0a532583fa9a8935777f0fb418ab,,a cat is standing on top of a chair
aww,1nn8fsf,0,https://i.redd.it/5gmv8brl3mqf1.jpeg,,a puppy is being held by a woman in a hospital
aww,1nnrxm2,0,https://i.redd.it/lsosb00zxqqf1.jpeg,,a cat laying on a person's back in a living room
aww,1nnohd1,0,https://i.redd.it/gcl2av08bqqf1.jpg?width=1462&format=pjpg&auto=webp&s=3601a1c48698975d38583421c3286cd0390c1873,,a dog wearing a purple scarf on its head
aww,1nnohd1,1,https://i.redd.it/yf98g288bqqf1.jpg?width=1206&format=pjpg&auto=webp&s=16f13a738b6c491c1c7c806cab38e01693af0d24,,a dog wearing a purple blanket on its head
aww,1nnp2rk,0,https://i.redd.it/sxf8k2q0fqqf1.png,,a cat laying on its back on a bed
aww,1nnxwhz,0,https://i.redd.it/q2bbyn1y1sqf1.jpeg,,a white alpaca in a pen with a black one
aww,1nnstjt,0,https://i.redd.it/boweh5az3rqf1.jpeg,,a small dog is sitting on a person's lap
aww,1nnlkhy,0,https://i.redd.it/2ahgd969qpqf1.jpg?width=3024&format=pjpg&auto=webp&s=ff42c5255805d18bdb4cba409684d2e7c6b83bf3,,a dog laying on its back
aww,1nnlkhy,1,https://i.redd.it/6cxx1669qpqf1.jpg?width=3024&format=pjpg&auto=webp&s=bd9df7ed44ef02c10738e0589a841fd10209b606,,a dog laying on its back
aww,1nnpx2i,0,https://i.redd.it/yusmxvrqkqqf1.jpeg,,a white dog sitting on a couch with a woman
aww,1nnq7be,0,https://i.redd.it/ik9759emmqqf1.jpeg,,a dog laying on a person's lap
aww,1nnpq3w,0,https://i.redd.it/q40vozcfjqqf1.jpeg,,a dog rolling around in a dog bed
aww,1nnov79,0,https://i.redd.it/7p3v858rdqqf1.jpeg,,a cat laying on its back on a wooden floor
aww,1nnukp0,0,https://i.redd.it/gqf5pt4efrqf1.jpeg,,a white cat laying on a desk
aww,1nnukp0,0,https://preview.redd.it/mhohxl4yfrqf1.jpeg?width=3024&format=pjpg&auto=webp&s=91248d76eff985a04a238ccd714fbf9b0a69848c,nfn7m53,a cat laying on a desk next to a keyboard
aww,1nnrsa7,0,https://i.redd.it/4sf95ti1xqqf1.jpeg,,an orange cat laying on a couch
aww,1nn0coj,0,https://i.redd.it/0s5elz0xekqf1.jpeg,,a cat is sitting on a chair
aww,1nnn3fl,0,https://i.redd.it/7kimrrfm1qqf1.jpeg,,two dogs laying on a bed
aww,1nno34s,0,https://i.redd.it/m3zcoeyi8qqf1.jpg?width=4284&format=pjpg&auto=webp&s=5745d82013584d3b9daa666b7e771db121eefc58,,a gray cat sleeping on a cat tree
aww,1nno34s,1,https://i.redd.it/8hbminvi8qqf1.jpg?width=3024&format=pjpg&auto=webp&s=121cd9089b22ad939cecddcabde41643d56e49b0,,a gray kitten sleeping on a bed
aww,1nnmn4z,0,https://i.imgur.com/eP6qPIQ.jpeg,,a collage of different cats wearing hats
aww,1nmx61r,0,https://i.redd.it/0nanen69tjqf1.jpeg,,a small dog sitting on a person's lap
aww,1nnl3a2,0,https://i.redd.it/h33qvspcmpqf1.jpeg,,a fluffy white cat curled up on top of a cat bed
aww,1nngu4x,0,https://i.redd.it/t1tsn05oeoqf1.jpg?width=4284&format=pjpg&auto=webp&s=c4710b0e03ce1034fb0bc8621885c95d3b8f2cec,,a white cat laying on a person's lap with a controller
aww,1nngu4x,1,https://i.redd.it/c728uz4oeoqf1.jpg?width=4284&format=pjpg&auto=webp&s=ca03e16c336695c378f97d1a1d1d702952821639,,a cat laying on a person's lap with a controller
aww,1nngu4x,2,https://i.redd.it/9w9b245oeoqf1.jpg?width=2316&format=pjpg&auto=webp&s=6fe939acaec3f43242f71a32c41f189a6abec44c,,a woman holding a cat with an apple watch
aww,1nno9k2,0,https://i.redd.it/nqusi6vp9qqf1.jpeg,,a cat laying on the hood of a car
aww,1nnp1xa,0,https://i.redd.it/04sxensxeqqf1.jpeg,,a puppy is sitting on a wooden bench
aww,1nngfqy,0,https://i.redd.it/9paimi4y9oqf1.jpg?width=3024&format=pjpg&auto=webp&s=9f81931579a9fcf5bea2cd95eab1c52cf341d20a,,a dog is looking at a duck in the water
aww,1nngfqy,1,https://i.redd.it/g8o5gi4y9oqf1.jpg?width=3024&format=pjpg&auto=webp&s=d852cedb87f3ae5bf7b45b85519a8f14f6c15aeb,,a dog laying on the grass next to a lake
aww,1nnsz39,0,https://i.redd.it/fy11a5vy4rqf1.jpeg,,a cat sitting on a couch next to a pizza box
aww,1nn996b,0,https://i.redd.it/5mdgawemamqf1.jpeg,,a white dog looking up at the camera through a fisheye lens
aww,1nnid2y,0,https://i.redd.it/uspvgeabwoqf1.jpg?width=4284&format=pjpg&auto=webp&s=9899ce809da318a590a1bb63f8ae07f5cbd3aed2,,a white cat sleeping on a green blanket
aww,1nnid2y,1,https://i.redd.it/tjntqxcbwoqf1.jpg?width=4284&format=pjpg&auto=webp&s=ac5af4330598bedcd5b5a47bb0e733f598ea35a5,,a white cat sleeping on a green blanket
aww,1nnid2y,2,https://i.redd.it/50rmr8abwoqf1.jpg?width=5712&format=pjpg&auto=webp&s=0920d9a3f90782c9ee45152237c9cdf9302d6f55,,a white cat laying on a bed with a blue blanket
aww,1nmqx26,0,https://i.redd.it/0yb9v46tjiqf1.jpg?width=3024&format=pjpg&auto=webp&s=26559e19c3d1a5b9028480c5ae36516078cce92b,,a white dog sitting on a bench at sunset
aww,1nmqx26,1,https://i.redd.it/1tqfab6tjiqf1.jpg?width=4284&format=pjpg&auto=webp&s=659e8d62be930af62ce753f671c5bc95cc897e01,,a white dog sitting on a blanket in front of a sunset
aww,1nmqx26,2,https://i.redd.it/sfp0l26tjiqf1.jpg?width=3024&format=pjpg&auto=webp&s=3312bcadb5daa5195dc504fb6f957052a21e1929,,a white dog sitting on a blanket in front of a sunset
aww,1nmqx26,3,https://i.redd.it/dmdgj96tjiqf1.jpg?width=4284&format=pjpg&auto=webp&s=a26c46394a0fa6b5ba7807719ddd47c5ebe808f6,,samoyed puppy on picnic table
aww,1nmnaym,0,https://i.redd.it/dfpb8wvxihqf1.jpg?width=3024&format=pjpg&auto=webp&s=8d898019b012a3bef5f3470c622c2ff493ce0070,,two cats sitting on a pile of paper
aww,1nmnaym,1,https://i.redd.it/dw2utuvxihqf1.jpg?width=3024&format=pjpg&auto=webp&s=ff878eb6a91885f57e770daf2dde2310143729c6,,two cats sitting on a ledge
aww,1nmnaym,2,https://i.redd.it/tgcri7wxihqf1.jpg?width=4284&format=pjpg&auto=webp&s=341261b8f0198a6c31ba1a3b9eb7ae9b6d549039,,a cat laying on a ledge in front of a building
aww,1nmnaym,3,https://i.redd.it/imgtk5wxihqf1.jpg?width=4284&format=pjpg&auto=webp&s=50c038626e1f640d33a95a03fa001911cba0930c,,a cat sitting on a concrete surface
aww,1nmnaym,4,https://i.redd.it/895ptlvxihqf1.jpg?width=1878&format=pjpg&auto=webp&s=b45281f5cdc56b06cba75b2a400ded86e711e632,,a cat sitting on a railing
aww,1nmnaym,5,https://i.redd.it/adurq3wxihqf1.jpg?width=4284&format=pjpg&auto=webp&s=44e0347dc0c4edbfc7691253ff6d7729d2aeccb4,,a cat is curled up in a chair in a store
aww,1nng6x8,0,https://i.redd.it/ckaca23z6oqf1.jpeg,,a dog wrapped in a leopard print blanket
aww,1nmyd41,0,https://i.redd.it/h01f2v8i1kqf1.jpg?width=3024&format=pjpg&auto=webp&s=755c3071e6d6f7cad15697ef45b9c5b5fe18e3d8,,a cat's fur is laying on the floor next to a couch
aww,1nmyd41,1,https://i.redd.it/he6fb39i1kqf1.jpg?width=4284&format=pjpg&auto=webp&s=48dce42dda0d6165d0ab948ad0bb0ca7952f980c,,two cats are laying on a couch
aww,1nmyd41,0,https://preview.redd.it/qqlwftbfckqf1.jpeg?width=4032&format=pjpg&auto=webp&s=38d1c49c2503f5a9356a6848b62cf1588790a055,nfgrlok,a dog sitting on a table with a teddy bear on it
aww,1nmyd41,0,https://preview.redd.it/pl7jptvp5lqf1.jpeg?width=1079&format=pjpg&auto=webp&s=a560587aec6d1debbd56b153c5805e331799f465,nfhrgax,a cat sitting on the floor
aww,1nmyd41,0,https://preview.redd.it/48m1q4x7dlqf1.jpeg?width=1320&format=pjpg&auto=webp&s=85d5cff314283bf22858eac0fe1308442fe3593f,nfhz3id,a cat sitting on a chair
aww,1nnldta,0,https://i.redd.it/2eih8lotopqf1.jpeg,,two dogs laying on a couch with blankets
aww,1nnixqi,0,https://i.redd.it/kw0vo1zrzoqf1.jpg?width=591&format=pjpg&auto=webp&s=c1df39e9f34da0331b5ece3bd723bb964cdf168a,,a cat is sitting in a bathtub
aww,1nnixqi,1,https://i.redd.it/anbmnx8rzoqf1.jpg?width=591&format=pjpg&auto=webp&s=44ece9637b4910d163cea9ec28c037131b10283e,,a bathroom with a tub and a window
aww,1nnny4x,0,https://i.redd.it/0cww46ok7qqf1.jpeg,,a white puppy with its tongue out laying on the ground
aww,1nmgxvt,0,https://i.redd.it/4bck3yjdnfqf1.jpeg,,a cat laying on a bed
aww,1nngz33,0,https://i.redd.it/wmw8xpi3goqf1.jpeg,,a dog wearing a green shirt on a bed
aww,1nng7s9,0,https://i.redd.it/ocyp8ij97oqf1.jpeg,,a white dog with its nose in the air
aww,1nn1k6h,0,https://i.redd.it/gpbyf843nkqf1.jpeg,,two cheetahs resting in the grass
aww,1nn1tr9,0,https://i.redd.it/whp99hrsokqf1.jpeg,,a cat sitting on a window sill looking out a window
aww,1nngefd,0,https://i.redd.it/iccn72ei9oqf1.jpeg,,a kitten laying on its back on a blanket
aww,1nnhnl1,0,https://i.redd.it/8k3edhqdooqf1.jpeg,,two cats yawning on a blanket
aww,1nnhpbv,0,https://i.redd.it/ujpi7m4yooqf1.jpeg,,a black cat laying on the floor next to a baby
aww,1nng8z9,0,https://i.redd.it/oe80s9xi7oqf1.jpeg,,a white dog wearing a bear hoodie
aww,1nng2d1,0,https://i.redd.it/yfxfx2bz4oqf1.jpeg,,a small brown cat sitting on the ground
aww,1nnho4c,0,https://i.redd.it/aearf8qjooqf1.jpeg,,two black and white cats laying on a person's lap
aww,1nnrq2v,0,https://i.redd.it/y274ujanwqqf1.png,,a dog laying on the floor in a mesh tent
aww,1nnjjx0,0,https://i.redd.it/zl1fvdfg8pqf1.jpeg,,a small white dog wearing a denim vest
aww,1nncr4g,0,https://i.redd.it/h6p82ldx5nqf1.jpeg,,a cat is sleeping on a bed
aww,1nnon92,0,https://i.redd.it/o9kvmvq8cqqf1.jpeg,,a cat laying on its back on a rug
aww,1nnon92,0,https://preview.redd.it/pbtmuo27eqqf1.jpeg?width=713&format=pjpg&auto=webp&s=12d71dfe28753570f6e9981fa81eb8da2805a15c,nflzce5,a kitten laying on a blanket on a bed
aww,1nn5g5r,0,https://i.redd.it/l8aq21z4flqf1.jpeg,,a small black dog sitting on top of a bed
aww,1nnffgz,0,https://i.redd.it/c9h0zej7ynqf1.jpeg,,a white puppy is being held by someone
aww,1nmvxis,0,https://i.redd.it/fdog0ermkjqf1.jpg?width=1458&format=pjpg&auto=webp&s=bf9fc7ae86d510714ab209cacb102b1ba36b0f47,,a baby raccoon laying on a blanket
aww,1nmvxis,1,https://i.redd.it/li6mujtmkjqf1.jpg?width=1458&format=pjpg&auto=webp&s=244e5f499c60da7fbd8cf2969dda0f58cf6ef02f,,a baby raccoon sleeping on a person's lap
aww,1nmvxis,2,https://i.redd.it/w0swc5wmkjqf1.jpg?width=1458&format=pjpg&auto=webp&s=cbe826dbf528a0844ae6609880d06e3f4e0ee040,,a baby raccoon laying on a blanket on a bed
aww,1nmvxis,3,https://i.redd.it/24q9gkomkjqf1.jpg?width=1458&format=pjpg&auto=webp&s=dffe9e6186383b1ae09de9631340cf5c0d66854e,,a small animal is laying on a person's leg
aww,1nn8esl,0,https://i.redd.it/e5rhbe7d3mqf1.jpeg,,a dog and cat laying on a couch
aww,1nnhov8,0,https://i.redd.it/iv8gh9msooqf1.jpeg,,a person holding a black kitten on the floor
aww,1nmxokm,0,https://preview.redd.it/xhlk03kqfkqf1.jpeg?width=495&format=pjpg&auto=webp&s=ea9113c8203f6d35e0ff89794e10a6b42691b30f,nfgvt5r,a raccoon wearing bunny ears sits on a chair
aww,1nnhami,0,https://i.redd.it/rbqgp186koqf1.jpeg,,a white dog laying on a bed
aww,1nnadol,0,https://i.redd.it/tnj94yt8kmqf1.jpg?width=2189&format=pjpg&auto=webp&s=30f99a4d3ddd79fb6a75821e89832d2957f1014c,,a dog wearing an orange backpack sitting on a rock
aww,1nnadol,1,https://i.redd.it/s3ot1zt8kmqf1.jpg?width=2016&format=pjpg&auto=webp&s=c43248e10abb163b175961e8d21297ba78cb4339,,a dog with a backpack sitting on a rock
aww,1nnnegp,0,https://i.redd.it/em2ed0as3qqf1.jpeg,,a cat laying on a bed
aww,1nn246w,0,https://i.redd.it/1hhey3rzqkqf1.jpeg,,a cat and dog laying on a chair
aww,1nm68vt,0,https://i.redd.it/uxii9jir8dqf1.jpeg,,three dogs and a cat sitting on the floor
aww,1nm68vt,0,https://preview.redd.it/ju021yqpmiqf1.png?width=1280&format=png&auto=webp&s=8f2ece45988681732b0b4986b75bafd8edf32126,nfet3xt,a brown circle with the words 'redit bronze ' written on it
aww,1nm68vt,0,https://preview.redd.it/aa97zk4ffdqf1.jpeg?width=1080&format=pjpg&auto=webp&s=de58078dee8b105b2420908f13de48f8ce690d76,nfaq2kl,a dog and three cats standing in front of a door
aww,1nm68vt,0,https://preview.redd.it/4hn5mazr4eqf1.jpeg?width=1079&format=pjpg&auto=webp&s=e07db95339a7fa6f362dddb10960bc38cf869755,nfbginw,a cat is talking to someone on whatsapp
aww,1nm68vt,0,https://preview.redd.it/mzutir33lgqf1.png?width=1080&format=png&auto=webp&s=d5095366ee784414a95a4fa454328aac64c3b31f,nfdib5k,a cat with its tongue out on a bed
aww,1nm68vt,0,https://preview.redd.it/33ptxqkdngqf1.jpeg?width=750&format=pjpg&auto=webp&s=a72bd72fe90634e0c5ff753ee146eada0e772cd5,nfdjqdf,a calico cat with its tongue sticking out
aww,1nm68vt,0,https://preview.redd.it/spm5n63p4eqf1.jpeg?width=1080&format=pjpg&auto=webp&s=17c67004ae6e0f213909591135ef4f6be6fd702a,nfbgkcw,a screenshot of a cat and dog on a phone
aww,1nms2zp,0,https://i.redd.it/4g4u53bisiqf1.png,,three dogs are on a leash
aww,1nncimg,0,https://i.redd.it/bc5vwzvo3nqf1.png,,a cat sitting on the ground near a pile of wood
aww,1nmip9z,0,https://i.redd.it/x5hpcskl4gqf1.jpg?width=3024&format=pjpg&auto=webp&s=7081c12a68c35130a9206dd251f426a2be45c4bb,,a cat laying on a person's foot while they sleep
aww,1nmip9z,1,https://i.redd.it/2c0m9ikl4gqf1.jpg?width=3024&format=pjpg&auto=webp&s=4577e44cb7d36a8c560f138255f9dd48df7fca51,,a cat laying on a person's feet
aww,1nmip9z,2,https://i.redd.it/p032czkl4gqf1.jpg?width=3024&format=pjpg&auto=webp&s=8abee8b5f8eb647cf88643f7b854aacf5dc27a8e,,a cat laying on a bed
aww,1nmip9z,3,https://i.redd.it/69hmqikl4gqf1.jpg?width=2268&format=pjpg&auto=webp&s=f373696e64f703bd072cb281b3b0225d5a188386,,a cat laying on a woman's leg
aww,1nmip9z,4,https://i.redd.it/bymgmikl4gqf1.jpg?width=2160&format=pjpg&auto=webp&s=1719c1f582a4c704f788b423b1f9ecad9eb3a207,,a white table with a white lamp on it
aww,1nmip9z,5,https://i.redd.it/4sziajkl4gqf1.jpg?width=3024&format=pjpg&auto=webp&s=586ce8d6cf905abc52eca15148f1cae472e878b0,,a cat laying on a person's legs
aww,1nmip9z,6,https://i.redd.it/rxksekkl4gqf1.jpg?width=3024&format=pjpg&auto=webp&s=35ba85971cec944bad6775aca1c7c36758d70d36,,a cat laying on a person's arm
aww,1nmip9z,7,https://i.redd.it/pxm559nl4gqf1.jpg?width=2160&format=pjpg&auto=webp&s=af651b3c207a0022905dbe274e5efc7ed7a4bbd5,,a cat laying on a person's leg while they are sleeping
aww,1nmip9z,8,https://i.redd.it/uakynikl4gqf1.jpg?width=2160&format=pjpg&auto=webp&s=633456c3519634221a15fb5f4ca4fa2a10564756,,a person laying on a bed with a tv in the background
aww,1nmip9z,9,https://i.redd.it/epwfwhml4gqf1.jpg?width=3024&format=pjpg&auto=webp&s=17b80594d4a5790892edb52adc983adbe82384ab,,a cat laying on a table in a living room
aww,1nmip9z,10,https://i.redd.it/pjb9p7nl4gqf1.jpg?width=3024&format=pjpg&auto=webp&s=06a7ac179e4ab32f0419026100c0f9402e23e4fa,,a cat laying on a person's lap while they type on a laptop
aww,1nmip9z,11,https://i.redd.it/nm8hujkl4gqf1.jpg?width=3024&format=pjpg&auto=webp&s=7d2f4e5e5838b863f06b4a01f3cab01f79a1c03b,,a cat laying on a laptop
aww,1nmip9z,12,https://i.redd.it/glgkixkl4gqf1.jpg?width=3024&format=pjpg&auto=webp&s=601fa5b0a86b33607e6155120bd2d2c31e524fa1,,a cat laying on a person's leg
aww,1nmip9z,13,https://i.redd.it/qoucjhkl4gqf1.jpg?width=3024&format=pjpg&auto=webp&s=675d610f6a679733bdb7c8313a9b97918bafc494,,a cat laying on a person's leg
aww,1nnetzu,0,https://i.redd.it/qak5zt6jrnqf1.jpeg,,a possum eating from a tray on the floor
aww,1nng4i4,0,https://i.redd.it/b2kudup46oqf1.jpeg,,a cat laying on a tile floor
aww,1nn3hz5,0,https://i.redd.it/975nptbo0lqf1.png,,a man laying on a couch with a dog
aww,1nngxd9,0,https://i.redd.it/oreuxadqfoqf1.jpg?width=1979&format=pjpg&auto=webp&s=a5edd070c6e431633d63f0c417937d20050a8d63,,a black and white dog
aww,1nngxd9,1,https://i.redd.it/0ze4hfdqfoqf1.jpg?width=3024&format=pjpg&auto=webp&s=7b28d5abce4a4133754bf3e91ee59ae0e746728b,,two cats wearing red shirts standing on the floor
aww,1nn8b8l,0,https://i.redd.it/76c0j85i2mqf1.jpeg,,a small dog with its tongue out on a bed
aww,1nn8b8l,0,https://preview.redd.it/zyoyvl1j4mqf1.jpeg?width=1242&format=pjpg&auto=webp&s=8292a3fda55c9b379bd250e71496364104f46fd0,nfipnoz,a dog with its mouth open and its teeth showing
aww,1nn5fmz,0,https://i.redd.it/vx6izq21flqf1.jpeg,,a dog in a kayak
aww,1nmshsy,0,https://i.redd.it/su9bdnf8wiqf1.jpg?width=3311&format=pjpg&auto=webp&s=7c0cda4ccee20f96a10b706a195719a282af4864,,a white cat with blue eyes sitting on a bed
aww,1nmshsy,1,https://i.redd.it/3ze7iah8wiqf1.jpg?width=3072&format=pjpg&auto=webp&s=0eb18b2b7a920cf346c4f32e49a06cf25d02832c,,a cat sitting on a couch
aww,1nmshsy,2,https://i.redd.it/pr6e9vd8wiqf1.jpg?width=1080&format=pjpg&auto=webp&s=fc06446de16ee3f978a25acc06dbed46fd6601a5,,a kitten sitting in a cardboard box with its paws out
aww,1nnq4bi,0,https://i.redd.it/lubylks2mqqf1.jpeg,,a cat laying on a bed
aww,1nn88lj,0,https://i.redd.it/731tbsgv1mqf1.jpg?width=3024&format=pjpg&auto=webp&s=d212c37116591e8994a54a4592d0c0dc2a121da1,,a dog sitting on the ground with its tongue out
aww,1nn88lj,1,https://i.redd.it/dr1a2sgv1mqf1.jpg?width=3021&format=pjpg&auto=webp&s=1adc6c23402131b2b70f9371eed5e94f3af0ccac,,a white dog with blue eyes looking up at the camera
aww,1nn88lj,2,https://i.redd.it/3iujlwgv1mqf1.jpg?width=3024&format=pjpg&auto=webp&s=41d88ca2651086c6fd20f8812303ff3171856cbf,,a dog is playing with a frisbee in the dirt
aww,1nn88lj,3,https://i.redd.it/dzolyugv1mqf1.jpg?width=3024&format=pjpg&auto=webp&s=2438289519fd177d55d52f96a6d440199975626a,,a person sitting on the ground with a dog on their lap
aww,1nn88lj,4,https://i.redd.it/b933itgv1mqf1.jpg?width=3024&format=pjpg&auto=webp&s=8eeca919c7c3e127ebb63be9102543512eab6d37,,a dog laying on the ground
aww,1nn88lj,5,https://i.redd.it/p3atpvgv1mqf1.jpg?width=3024&format=pjpg&auto=webp&s=031be8d76bfa4630ffba524531bce24ddcae068c,,a dog laying on its back in the sand
aww,1nmn2aq,0,https://i.redd.it/59t36cf9ghqf1.jpg?width=4284&format=pjpg&auto=webp&s=4099eb9ee9dc781de2008cf938045c9b69858498,,a white cat laying on a floor
aww,1nmn2aq,1,https://i.redd.it/snt5vbf9ghqf1.jpg?width=4284&format=pjpg&auto=webp&s=2d3c26e3bf355bb1bc788ac661dd3b561b1b7439,,a white cat laying on a floor
aww,1nmn2aq,0,https://preview.redd.it/4rhohut2uhqf1.png?width=1080&format=png&auto=webp&s=91c8a66e9941106dbfd55e874cd69b19cf6bf825,nfe8ggi,"a white cat laying on a bed with the words my man, lok, says hrrrrrrrrrrrrrrrrrrrrrrrrr"
aww,1nmn2aq,0,https://preview.redd.it/lw56rhjj4jqf1.jpeg?width=1536&format=pjpg&auto=webp&s=d4db83e55b5e4b691d2eab569999bce6b9a3ba00,nffb56x,a white cat laying on its back on a bed
aww,1nmn2aq,0,https://preview.redd.it/umq5qcvxmjqf1.jpeg?width=4284&format=pjpg&auto=webp&s=ae9bb396099999dc82fddf57500f24967a06db1d,nffw56p,a white cat laying on a tile floor
aww,1nnbtvq,0,https://i.redd.it/lnhzyu47xmqf1.jpeg,,a cat is looking at a book
aww,1nn2th2,0,https://i.redd.it/1vu3976wvkqf1.jpg?width=3024&format=pjpg&auto=webp&s=be62cedd103d434261c4b0ac4e7eb3020071a004,,a dog shaped balloon hanging from a roof
aww,1nn2th2,1,https://i.redd.it/tcyui07wvkqf1.jpg?width=3024&format=pjpg&auto=webp&s=a53f6d8ab39742c6d70f898f0839dd4de6c950fc,,a dog sitting on a tile floor with a blue chair in the background
aww,1nn5nkg,0,https://i.redd.it/dd1hwqlnglqf1.png,,a person holding a moth in their hand
aww,1nn5ixz,0,https://i.redd.it/8eyfs27qflqf1.jpeg,,a dog is sitting in a kayak on the water
aww,1nncjla,0,https://i.redd.it/rdidb29x3nqf1.png,,a dog is standing in front of a television
aww,1nn4ece,0,https://i.redd.it/jue1cxc57lqf1.jpeg,,a cat laying on its back on a chair
aww,1nn92az,0,https://i.redd.it/xx9cjri09mqf1.jpeg,,a dog laying on a couch with another dog
aww,1nm7ism,0,https://i.redd.it/o8bjkbyshdqf1.jpg?width=3024&format=pjpg&auto=webp&s=8493bf890324ed0811c8b701d1a47d66f7bd79e2,,a small brown and white dog sitting on a rug
aww,1nm7ism,1,https://i.redd.it/qntbmgyshdqf1.jpg?width=2780&format=pjpg&auto=webp&s=1998061c27210be5a40a5165bc468036b0e95c04,,a small brown and white puppy laying in the grass
aww,1nm7ism,2,https://i.redd.it/jhl88byshdqf1.jpg?width=3024&format=pjpg&auto=webp&s=9b7d0ce197ce16c35970b0ec198ce76c1930a89b,,a small dog laying on a person's arm with a tattoo
aww,1nm7ism,3,https://i.redd.it/e6nog3yshdqf1.jpg?width=2268&format=pjpg&auto=webp&s=a9dcdad38188e82c73e8334871230c6ff0c1ea28,,a small brown and white puppy sitting on a rug
aww,1nm7ism,0,https://preview.redd.it/jbwsl6rsqdqf1.jpeg?width=948&format=pjpg&auto=webp&s=2215d7aafcc5a71b1851d494e5e55d2b724d3815,nfb26zj,a small brown and white puppy sitting on a rug
aww,1nm7ism,0,https://preview.redd.it/rivdavjqqjqf1.png?width=3142&format=png&auto=webp&s=d5295117e8d4f59048963dbb15d1c4992fc0e91e,nfg0k88,a dog with a big smile on its face
aww,1nm7ism,0,https://preview.redd.it/jeeutcu01kqf1.jpeg?width=3213&format=pjpg&auto=webp&s=041364a527160fac51d546fecaf09235bc296d10,nfgd324,a dog laying on a couch
aww,1nn1s5v,0,https://i.redd.it/u5sfck3dokqf1.jpeg,,two dogs running in the snow
aww,1nmrhu3,0,https://i.redd.it/w0p14dphoiqf1.jpg?width=3072&format=pjpg&auto=webp&s=b016e749fea78b5861a8c4405ac291933a922397,,a dog and cat walking down a path in the woods
aww,1nmrhu3,1,https://i.redd.it/i3ir6lfhoiqf1.jpg?width=3072&format=pjpg&auto=webp&s=416430fd4a8f756e830e05cae31618870eb09506,,a cat climbing up a tree in the woods
aww,1nmrhu3,2,https://i.redd.it/ejxahekioiqf1.jpg?width=3072&format=pjpg&auto=webp&s=5b2cab21ad0d334e612bcbb831870123a07d6901,,a black and white cat laying in the grass
aww,1nmrhu3,3,https://i.redd.it/5ynp1g7hoiqf1.jpg?width=4080&format=pjpg&auto=webp&s=e827f4285268f5068d8056fa75ff787feeeb53dc,,a black and white cat on a leash in the woods
aww,1nmrhu3,4,https://i.redd.it/0s37xw2ioiqf1.jpg?width=3072&format=pjpg&auto=webp&s=ee889909fb4de05906da8da8921449dd70fcfaad,,a dog and a cat are walking in the woods
aww,1nmrhu3,5,https://i.redd.it/u9hzwycioiqf1.jpg?width=3072&format=pjpg&auto=webp&s=ac5f15dd261b5b5aa0104f39166afc4bc9ea36d3,,a cat is climbing up a tree in the woods
aww,1nmrhu3,6,https://i.redd.it/lrmv8a2hoiqf1.jpg?width=4080&format=pjpg&auto=webp&s=5b4b850527bb79775192d613f634d2dc41ab4179,,a cat climbing a tree
aww,1nmrhu3,7,https://i.redd.it/vfhey6vhoiqf1.jpg?width=3072&format=pjpg&auto=webp&s=25d7bd1a0e0696e8187b333b7e9956bac0e63362,,a cat climbing up a tree in the woods
aww,1nn919e,0,https://i.redd.it/i32gfapr8mqf1.jpeg,,a small white dog wearing a red shirt
aww,1nmcmim,0,https://i.redd.it/j63dc09skeqf1.jpeg,,a cat is sitting in a bag on a counter
aww,1nmcmim,0,https://preview.redd.it/xpd68zj3bkqf1.jpeg?width=1170&format=pjpg&auto=webp&s=35b70d602ec111af25a08be2d8d53463da57ed6f,nfgpx00,a cat is on a bed with the words please do not the cat
aww,1nn2lju,0,https://i.redd.it/adflv46dukqf1.jpg?width=4284&format=pjpg&auto=webp&s=858ffcb8521dc1177d3447eb1f290c691db2232e,,two dogs laying on a couch
aww,1nn2lju,1,https://i.redd.it/ltd5456dukqf1.jpg?width=2880&format=pjpg&auto=webp&s=a7a8099033fbbc8e50bdcc2dce98dac35cc00c27,,two pictures of a brown dog laying on a bed
aww,1nn31dl,0,https://i.redd.it/tsi18twexkqf1.jpeg,,a siamese cat laying on a red couch
aww,1nn224s,0,https://i.redd.it/4ztq6tplqkqf1.png,,a man holding a dog wearing sunglasses and a helmet
aww,1nn44dk,0,https://i.redd.it/z2ozi1a15lqf1.jpeg,,a cat laying on its back on a floral patterned floor
aww,1nn9a54,0,https://i.redd.it/uklo00uuamqf1.jpg?width=2048&format=pjpg&auto=webp&s=d63c467f562b2e77806cee1ba2798c9774d8679b,,a black and white photo of a dog
aww,1nn9a54,1,https://i.redd.it/bxh2o4nuamqf1.jpg?width=2048&format=pjpg&auto=webp&s=bd46fdee21301420ae7c043a1f8e2fc8359e23e6,,a dog standing on a street
aww,1nn9a54,2,https://i.redd.it/hst7d5ruamqf1.jpg?width=2048&format=pjpg&auto=webp&s=6841bf262c216ee926fc25369b32f288e0f81617,,a dog sitting on the ground with its mouth open
aww,1nn55og,0,https://i.redd.it/7d8w1yguclqf1.jpeg,,a cat is playing with a toothbrush on a keyboard
aww,1nngja6,0,https://i.redd.it/l0noiktwaoqf1.jpeg,,a group of birds sitting on top of a pile of sticks
aww,1nmyhm9,0,https://i.redd.it/0h4wzdrc2kqf1.jpg?width=4284&format=pjpg&auto=webp&s=bf492b11c40579cc677a56c3476858948aa3360b,,a cat is sitting on a chair
aww,1nmyhm9,1,https://i.redd.it/reybzcrc2kqf1.jpg?width=4284&format=pjpg&auto=webp&s=a78454bb5cadde6c3071ee661c177484ba385ebc,,a fluffy cat is sitting on a chair
aww,1nmyhm9,2,https://i.redd.it/v0abidrc2kqf1.jpg?width=4284&format=pjpg&auto=webp&s=288d7f02edb240f6747b1929f4bfaae9187bd1e3,,a cat is laying on a couch
aww,1nn43zr,0,https://i.redd.it/n7zsme9z4lqf1.jpeg,,a cat and two kittens are sleeping in a bed
aww,1nlwt9f,0,https://preview.redd.it/5warcyszbcqf1.jpeg?width=2304&format=pjpg&auto=webp&s=76ea51068564ac4b92d75786a07ef69b654e2b7e,nf9i91s,a cat and a dog laying on a couch
aww,1nlwt9f,0,https://preview.redd.it/qqogomo0lcqf1.jpeg?width=1080&format=pjpg&auto=webp&s=bcd7e11900836c569ad1da4665cd661df36def5e,nf9s5v4,a dog and cat are looking at each other
aww,1nlwt9f,0,https://preview.redd.it/r7du0x9hbcqf1.jpeg?width=877&format=pjpg&auto=webp&s=d47776b784d2e5c87a0aa40c9dc0c679de97d34b,nf9ho1g,a cat laying on the floor with the caption how dare you
aww,1nlwt9f,0,https://preview.redd.it/u7xpux1rocqf1.jpeg?width=1080&format=pjpg&auto=webp&s=6711a5e6507463a3aa9324658123863b097ffd27,nf9wh8s,a cat laying on the floor with a microphone in front of it
aww,1nml29s,0,https://i.redd.it/rhy2eyyvtgqf1.jpeg,,a dog laying on a stone patio
aww,1nml29s,0,https://preview.redd.it/qjhgnn6dxgqf1.jpeg?width=4004&format=pjpg&auto=webp&s=61a22937fd8c7eb8fb7cfe5504546a1bddcda29c,nfdpq0j,a dog sitting in the grass near a house
aww,1nml29s,0,https://preview.redd.it/nfdvpcinjhqf1.jpeg?width=5312&format=pjpg&auto=webp&s=0d45ee11cbd6925ea3ad143b7ce25de2be7c092f,nfe2j6v,a dog laying on a stone wall with mountains in the background
aww,1nn3x9u,0,https://i.redd.it/32x9xulm3lqf1.jpeg,,a dog sitting on a rug in front of a window
aww,1nmwmf0,0,https://i.redd.it/ezi5l743pjqf1.jpg?width=1920&format=pjpg&auto=webp&s=c144c7dd06bdca2bfe6d694d113f991006b72e50,,a german shepherd puppy sitting in the back seat of a car
aww,1nmwmf0,1,https://i.redd.it/a5ydq643pjqf1.jpg?width=1920&format=pjpg&auto=webp&s=4bca29ad648d048cd02765f4da23885b90155b0d,,a german shepherd puppy sitting in the back seat of a car
aww,1nmwmf0,2,https://i.redd.it/vx3t3843pjqf1.jpg?width=1920&format=pjpg&auto=webp&s=4660289daae8bd60cabdca51c4573aba5423719f,,a german shepherd puppy sitting in the back seat of a car
aww,1nmwmf0,3,https://i.redd.it/n918c843pjqf1.jpg?width=1920&format=pjpg&auto=webp&s=deb2d76bb6ea8de49557952d3fc69fb7267912c4,,a german shepherd puppy sitting in the back seat of a car
aww,1nn52ov,0,https://i.redd.it/4i9wz7g8clqf1.jpeg,,a lizard with a gold coin on a white rug
aww,1nn15s8,0,https://i.redd.it/6d53syndkkqf1.jpg?width=3768&format=pjpg&auto=webp&s=5f584f0c83d05051f9044445ba60f807b0ab5fbc,,a dog sitting on a grassy field with a frisbee in its mouth
aww,1nn15s8,1,https://i.redd.it/lccmkr0ekkqf1.jpg?width=8160&format=pjpg&auto=webp&s=17d2b920c302b29bf0837d34bb01700446807bb3,,a dog with a cast on its leg sitting on a couch
aww,1nn15s8,2,https://i.redd.it/ws1a6q6ekkqf1.jpg?width=1848&format=pjpg&auto=webp&s=a4d4e3a8b34208c680330f419bdc360e3befc141,,a dog sitting in the back seat of a car
aww,1nmfi2y,0,https://i.redd.it/ec8x4hx6afqf1.jpeg,,a gray cat is sitting on a red chair
aww,1nmrzww,0,https://i.redd.it/jxieatzesiqf1.jpeg,,three cats eating on a map
aww,1nn8jxs,0,https://i.redd.it/2typyrml4mqf1.jpeg,,a cat in a cage sitting on the ground
aww,1nn92sr,0,https://i.redd.it/ocvdq9i49mqf1.jpeg,,a white dog sitting on a table in a vet's office
aww,1nn35y6,0,https://i.redd.it/c00gpsvaykqf1.jpeg,,a dog laying on a bed with a stuffed animal
aww,1nn6kda,0,https://i.redd.it/9p6bjx0ynlqf1.jpeg,,a dog laying on a couch
aww,1nn6kda,0,https://preview.redd.it/izefqs4njmqf1.jpeg?width=3024&format=pjpg&auto=webp&s=1f46eb53cf62f9c4f04138b259d8006be7ebc61b,nfj3zws,a black dog standing on a wooden floor in a living room
aww,1nm7shd,0,https://i.redd.it/r95suzxpjdqf1.png,,a woman sitting at a table with a cat
aww,1nmo9kj,0,https://i.redd.it/d5zp3d6kthqf1.jpeg,,a cat is sleeping on a chair
aww,1nmo07q,0,https://i.redd.it/q9w4rxgrqhqf1.jpg?width=3024&format=pjpg&auto=webp&s=880a71b3027a40a8ef6f7e972df022fb17f88523,,a dog wearing a harness and a leash
aww,1nmo07q,1,https://i.redd.it/uzzwn5grqhqf1.jpg?width=4284&format=pjpg&auto=webp&s=837559b562137a75eb7a7e3b90d9f719dd870daf,,a white dog is being held by a woman
aww,1nmo07q,2,https://i.redd.it/d5mpkvgrqhqf1.jpg?width=3024&format=pjpg&auto=webp&s=fdcfa01756fcf362487fe81401b855d4cf34c327,,a dog with a harness on its neck
aww,1nn216n,0,https://i.redd.it/mlu8gt4fqkqf1.jpeg,,a white dog with a red collar sitting on a couch
aww,1nn45kn,0,https://i.redd.it/o0b5qdcb5lqf1.jpeg,,a cat laying on a bed with a bottle of perfume
aww,1nn690g,0,https://i.redd.it/5zz6jo0fllqf1.jpg?width=3024&format=pjpg&auto=webp&s=42a130a7682db4dee79995e1f98cd99c1f4acfcd,,a white cat laying in a litter box
aww,1nn690g,1,https://i.redd.it/gyeopx0fllqf1.jpg?width=4284&format=pjpg&auto=webp&s=da222453583d0f9a1cfaf70eea00bb0fb5ba61c7,,a white cat laying in a litter box
aww,1nn00l9,0,https://i.redd.it/ialok8npckqf1.jpeg,,a green caterpillar crawling on the ground
aww,1nmt3zd,0,https://i.redd.it/z9loszrq0jqf1.jpeg,,two cats are sleeping in a cage with food bowls
aww,1nn1fi2,0,https://i.redd.it/qnncnywxlkqf1.jpeg,,a dog laying on a bed in a room
aww,1nmi6kq,0,https://preview.redd.it/pkf6m1ce1gqf1.png?width=1440&format=png&auto=webp&s=6dea5fc567d56ed586dfe864cf7eb1493176f6da,nfd5bld,a pig eating out of a bowl
aww,1nmokdv,0,https://i.redd.it/qmwu9vlvwhqf1.jpeg,,a cat laying on a bed
aww,1nmse0x,0,https://i.redd.it/42ivvq3eviqf1.jpeg,,a dog sitting in the back seat of a car
aww,1nmtywc,0,https://i.redd.it/5vtzfb6w6jqf1.png?width=688&format=png&auto=webp&s=f3f4cf87324e1d6899deb0dbf4602d05c7114f14,,a brown dog sitting on the grass next to a chair
aww,1nmtywc,1,https://i.redd.it/ptu3y66w6jqf1.png?width=688&format=png&auto=webp&s=dc7e88c098067c7b853226fc4b91075cb0a32454,,a brown puppy wearing a red shirt sitting on the grass
aww,1nn0skz,0,https://i.redd.it/0waqyr6vhkqf1.jpeg,,a dog sitting on the grass near a lake
