subreddit,post_id,image_index,image_url,image_source,image_type,media_id,caption
Bitcoin,1jwz2d3,0,http://i.imgur.com/fYFBsqp.jpg),post_text,embedded_link,,a large orange sphere with text on it
Bitcoin,1npht36,0,https://i.redd.it/6dfusx5r95rf1.png,post_url,direct_link,,bitcoin archive - bitcoin buys today
Bitcoin,1npgyji,0,https://i.redd.it/i81q9hf345rf1.jpeg,post_url,direct_link,,the money is broken try this
Bitcoin,1npmg2x,0,https://i.redd.it/w8wifujf56rf1.jpeg,post_url,direct_link,,he panic sold? pump it?
Bitcoin,1np6o25,0,https://i.redd.it/fz8uxm9ko2rf1.jpeg,post_url,direct_link,,a man with his eyes closed and a red circle with the words choose our payment method
Bitcoin,1nphou9,0,https://i.redd.it/k2awknez85rf1.png,post_url,direct_link,,"a cartoon of a man and a woman with the words, wish to be rich and powerful"
Bitcoin,1np95io,0,https://i.redd.it/klagl374h3rf1.jpg?width=1290&format=pjpg&auto=webp&s=fb09b5837d88c3944d8b7a0608740d3880d460b3,gallery,reddit_gallery,klagl374h3rf1,screenshot of the app for the time on the road
Bitcoin,1np95io,1,https://i.redd.it/be8oc474h3rf1.jpg?width=1290&format=pjpg&auto=webp&s=3fc41aaf4b482c7cb8228614b7fd518e13e57478,gallery,reddit_gallery,be8oc474h3rf1,how to make money with bitcoin
Bitcoin,1notkpx,0,https://i.redd.it/xy0h08mmczqf1.jpeg,post_url,direct_link,,"gold is money, bitcoin is money, everything else is credit"
Bitcoin,1npderj,0,https://i.redd.it/ivz5z4l4g4rf1.jpg?width=1063&format=pjpg&auto=webp&s=35fb557f2a433574cae648cb5e1543c89086ff3c,gallery,reddit_gallery,ivz5z4l4g4rf1,the evolution of bitcoin
Bitcoin,1npderj,1,https://i.redd.it/sy7q65l4g4rf1.jpg?width=720&format=pjpg&auto=webp&s=352481ab779ef908c6de000c239cfe1ab085950e,gallery,reddit_gallery,sy7q65l4g4rf1,bitcoin is the future of money
Bitcoin,1np5ux7,0,https://i.redd.it/tdqu484je2rf1.jpeg,post_url,direct_link,,bitcoin and global m20 weekly lead
Bitcoin,1np03sy,0,https://i.redd.it/rszqutqss0rf1.jpeg,post_url,direct_link,,an ipad with a bitcoin app on it
Bitcoin,1npb10i,0,https://i.redd.it/599vdwn8y3rf1.jpeg,post_url,direct_link,,what i will say in 2020 why didn't i buy btc in 2020?
Bitcoin,1nooat6,0,https://i.redd.it/okcf53b1dyqf1.png,post_url,direct_link,,two pictures of a man and woman with the same caption
Bitcoin,1npn184,0,https://i.redd.it/rhrq5bvc96rf1.png,post_url,direct_link,,"make money, prosper and flourish save the world"
Bitcoin,1noxtd6,0,https://i.redd.it/5q4mk4ty80rf1.jpeg,post_url,direct_link,,i want a girl who likes long romantic walks because i sold my car for more bitcoin
Bitcoin,1noj60v,0,https://i.redd.it/h6927ealexqf1.jpeg,post_url,direct_link,,cryptocurrency market cap
Bitcoin,1noyx5o,0,https://i.redd.it/xtdoimmfi0rf1.jpeg,post_url,direct_link,,the twitter account of a man who is running for president
Bitcoin,1nowrtp,0,https://i.redd.it/tpxb5zjq00rf1.jpeg,post_url,direct_link,,bitcoin price chart
Bitcoin,1np5u2f,0,https://i.redd.it/mjeagpuyd2rf1.jpeg,post_url,direct_link,,"a billboard with a man on it that says, murdered in the universe you may be entitled to bbbb"
Bitcoin,1npj4en,0,https://i.redd.it/tbtizk2ui5rf1.jpeg,post_url,direct_link,,bitcoin brain illustration
Bitcoin,1nofyhf,0,https://i.redd.it/ee2ghtg6qwqf1.png,post_url,direct_link,,the average home in 2016 and 2018
Bitcoin,1noo4qt,0,https://i.redd.it/kyic8qvxbyqf1.jpeg,post_url,direct_link,,bitcoin comic strip about selling your bitcoin
Bitcoin,1np4cfu,0,https://i.redd.it/45f9fkpgx1rf1.jpeg,post_url,direct_link,,bitcoin holders panic sell billions
Bitcoin,1noxi4q,0,https://i.redd.it/3eddjkq360rf1.jpeg,post_url,direct_link,,a graph showing the average annual return of dca to bitcoin target
Bitcoin,1noijq8,0,https://i.redd.it/3zc15rgbaxqf1.jpeg,post_url,direct_link,,monkey in red vest standing on road with text saying to be ballin you gotta b all in
Bitcoin,1nok1na,0,https://i.redd.it/bwq45i7mkxqf1.jpeg,post_url,direct_link,,bitcoin memes with the words what are you backed by?
Bitcoin,1noi5jx,0,https://i.redd.it/ev4ay4gj7xqf1.png,post_url,direct_link,,striped and fold visa logo
Bitcoin,1noil29,0,https://i.redd.it/vbdk7tu8axqf1.jpeg,post_url,direct_link,,two men with different expressions and one holding a bottle of champagne
Bitcoin,1nobsso,0,https://i.redd.it/vc8u6ryrjvqf1.jpeg,post_url,direct_link,,"the space station is in the ocean and the astronaut is saying good, we can hoover here"
Bitcoin,1noocd7,0,https://i.redd.it/h7fnsydddyqf1.jpeg,post_url,direct_link,,bitcoin price chart
Bitcoin,1nod2f1,0,https://i.redd.it/5fj4pxcqyvqf1.jpeg,post_url,direct_link,,a cartoon depicting the evolution of bitcoin
Bitcoin,1no8pw9,0,https://i.redd.it/odmiofutiuqf1.jpg?width=4032&format=pjpg&auto=webp&s=d533c85a396a0a153ba35053e2ab0d505c416c05,gallery,reddit_gallery,odmiofutiuqf1,a clock with four different colored lights on it
Bitcoin,1no8pw9,1,https://i.redd.it/g1seur1tiuqf1.jpg?width=5712&format=pjpg&auto=webp&s=5bf9f7c4d8418f38a4c02b529855443626f225dd,gallery,reddit_gallery,g1seur1tiuqf1,a laptop with a light bulb on top of it
Bitcoin,1no76ct,0,https://i.redd.it/zvue36xe5uqf1.jpeg,post_url,direct_link,,don't feed the whales
Bitcoin,1nny4la,0,https://i.redd.it/gica6y3h3sqf1.jpeg,post_url,direct_link,,bitcoin archive - bitcoin buys today
Bitcoin,1np6w7w,0,https://i.redd.it/ks0zxdxhr2rf1.jpeg,post_url,direct_link,,wife - it's me or buy the dip on bitcoin
Bitcoin,1nnuddg,0,https://i.redd.it/7knqll32erqf1.jpeg,post_url,direct_link,,bitcoin when bitcoin dumps
Bitcoin,1no8hr2,0,https://i.redd.it/grziqw2eiuqf1.jpeg,post_url,direct_link,,"bitcoin, bitcoin, and money bitcoin is a cryptocurrency that is used to buy things online"
Bitcoin,1no2cj1,0,https://i.redd.it/ax5zwmejzsqf1.jpeg,post_url,direct_link,,a graph shows the average rate of return for a high growth fund
Bitcoin,1nnufna,0,https://i.redd.it/1eyjuprierqf1.jpeg,post_url,direct_link,,"a dog is looking at the camera with the caption, me i will go to the supermarket to buy chips"
Bitcoin,1no4dq0,0,https://i.redd.it/96x3xugngtqf1.jpeg,post_url,direct_link,,bitcoin rental lease
Bitcoin,1nnlmq8,0,https://i.redd.it/aozks6wqqpqf1.jpeg,post_url,direct_link,,"cartoon of a man sitting at a computer with a caption that says, ya winning dad?"
Bitcoin,1no0ar8,0,https://i.redd.it/ulhg3vp5jsqf1.png,post_url,direct_link,,a table with a number of different types of data
Bitcoin,1nofayl,0,https://i.redd.it/oizdtzgzkwqf1.png,post_url,direct_link,,the digital cultural guidebook
Bitcoin,1nocwfu,0,https://i.redd.it/7b0i2amuwvqf1.jpeg,post_url,direct_link,,bitcoin please i'm trying to work
Bitcoin,1no8u8p,0,https://i.redd.it/d5hic20yluqf1.jpeg,post_url,direct_link,,"bitcoin is a scam, says bitcoin investor"
Bitcoin,1noefsa,0,https://i.redd.it/irl2n25rcwqf1.jpeg,post_url,direct_link,,a man wearing a hat with the number 2m on it
Bitcoin,1nnym3x,0,https://i.redd.it/5tseegjv6sqf1.jpeg,post_url,direct_link,,things i do in my spare time
Bitcoin,1nnth5q,0,https://i.redd.it/gm59i9bx7rqf1.png,post_url,direct_link,,bitcoin is the cure did you know?
Bitcoin,1nnw45d,0,https://i.redd.it/nts68mysprqf1.png,post_url,direct_link,,people riding a roller coaster with a newspaper in their hands
Bitcoin,1nnhpzh,0,https://i.redd.it/hxy1hae5poqf1.jpeg,post_url,direct_link,,the rock driving a car with the words i want a job in bitcoin
Bitcoin,1nnes4g,0,https://i.redd.it/r7bu1mdzqnqf1.jpeg,post_url,direct_link,,bitcoin price chart
Bitcoin,1no8rl1,0,https://i.redd.it/py49mvzzkuqf1.jpeg,post_url,direct_link,,"bitcoin is a bubble, says japan's top financial regulator"
Bitcoin,1noe2dm,0,https://i.redd.it/ju5mvhdf9wqf1.png,post_url,direct_link,,a screenshot of a credit card with a credit card
Bitcoin,1nnrrrs,0,https://i.redd.it/c9lt2hdwwqqf1.jpeg,post_url,direct_link,,bitcoin treasury companies be like
Bitcoin,1nnkb64,0,https://i.redd.it/d9obyhxlfpqf1.jpeg,post_url,direct_link,,a group of cell phones with the words hodl
Bitcoin,1nno4yd,0,https://i.redd.it/6zmlm5wv8qqf1.jpeg,post_url,direct_link,,the evolution of money
Bitcoin,1no8nxp,0,https://i.redd.it/lc4xb7o1kuqf1.png?width=1290&format=png&auto=webp&s=cffd995201bc77faf290683d242de5b1b231be9c,gallery,reddit_gallery,lc4xb7o1kuqf1,the app shows the price of bitcoin
Bitcoin,1no8nxp,1,https://i.redd.it/rci64vn1kuqf1.png?width=1290&format=png&auto=webp&s=14dac47f0a4bbb68e4d4e1a26e11fa817a34aa82,gallery,reddit_gallery,rci64vn1kuqf1,bitpulse - bitcoin wallet & exchange
Bitcoin,1no8nxp,2,https://i.redd.it/7quo6vn1kuqf1.png?width=1290&format=png&auto=webp&s=7b503cedea9fae5b5914599091328139c9d5e4e5,gallery,reddit_gallery,7quo6vn1kuqf1,bitpulse - bitcoin price tracker screenshot-1
Bitcoin,1no8nxp,3,https://i.redd.it/48qeswn1kuqf1.png?width=1290&format=png&auto=webp&s=2f8dfc0aebadbdfe9c7d72d63f6d462b23bca422,gallery,reddit_gallery,48qeswn1kuqf1,the app shows the bitcoin price and the bitcoin price
Bitcoin,1no8nxp,4,https://i.redd.it/vl708vn1kuqf1.png?width=1290&format=png&auto=webp&s=0dac16436c6506a8498a8557015512e981ccba4c,gallery,reddit_gallery,vl708vn1kuqf1,bitpulse - bitcoin wallet & exchange screenshot
Bitcoin,1nomq5z,0,https://i.redd.it/ksgv5muh2yqf1.jpeg,post_url,direct_link,,bitcoin trading app on the phone
Bitcoin,1nnpe5n,0,https://i.redd.it/wjtbrxk4hqqf1.png,post_url,direct_link,,a small dog laying on a couch in a room
Bitcoin,1nnn1hh,0,https://i.redd.it/ojxwd0q71qqf1.jpeg,post_url,direct_link,,"a cartoon of a man holding a red button and saying, ""every new bitcoin investor during a dip"""
Bitcoin,1nn6rs4,0,https://i.redd.it/ckfjhkrmplqf1.jpeg,post_url,direct_link,,the exchange rate for bitcoin is displayed on a black background
Bitcoin,1nnb37t,0,https://i.redd.it/f38rbtvspmqf1.png,post_url,direct_link,,a man with a red eye and the words look at me i am the bank now
Bitcoin,1nmpxkr,0,https://i.redd.it/qqzk5gc1biqf1.jpg?width=3024&format=pjpg&auto=webp&s=333d44b4b2e4f22b410b646634447a62243c4f80,gallery,reddit_gallery,qqzk5gc1biqf1,a pile of silver and bitcoin coins
Bitcoin,1nmpxkr,1,https://i.redd.it/x20w0gc1biqf1.jpg?width=3024&format=pjpg&auto=webp&s=e5d9a1882422a52c827a4216d177ba569fc12aca,gallery,reddit_gallery,x20w0gc1biqf1,bitcoin silver coin and pen on a table
Bitcoin,1nmpxkr,2,https://i.redd.it/ho1p2nc1biqf1.jpg?width=3024&format=pjpg&auto=webp&s=f4fdc43e2635711f7e2c53396abbf2bf78ad71b8,gallery,reddit_gallery,ho1p2nc1biqf1,a pen and a silver bar with a price tag
Bitcoin,1nnw5tf,0,https://i.redd.it/q6bbqoc6qrqf1.jpeg,post_url,direct_link,,a table with the number of people in the world
Bitcoin,1nn3ffs,0,https://i.redd.it/0dqif3460lqf1.jpeg,post_url,direct_link,,how much would you like to buy?
Bitcoin,1nohssa,0,https://i.redd.it/d6z4yz705xqf1.jpeg,post_url,direct_link,,bitcoin wallet - screenshot
Bitcoin,1nmxcq8,0,https://i.redd.it/c906r4veujqf1.png,post_url,direct_link,,a screenshot of a tweet from a user
Bitcoin,1nmwm8e,0,https://i.redd.it/m45geuxapjqf1.jpeg,post_url,direct_link,,the hobbit movie characters before and after bitcoin
Bitcoin,1nnin8c,0,https://i.redd.it/0qcmugd9zoqf1.jpg?width=1290&format=pjpg&auto=webp&s=7ae1710a683a20001dcf536885d2c59b297978bd,gallery,reddit_gallery,0qcmugd9zoqf1,a one dollar bill sitting on a counter
Bitcoin,1nnin8c,1,https://i.redd.it/rpk8zgd9zoqf1.jpg?width=1290&format=pjpg&auto=webp&s=87863c6f290954666990ea7f6a0c769cd4c11841,gallery,reddit_gallery,rpk8zgd9zoqf1,a red dollar bill sitting on top of a counter
Bitcoin,1nmyxwj,0,https://i.redd.it/lgkvj8gd5kqf1.jpeg,post_url,direct_link,,the bitcoin movie quotes
Bitcoin,1nmw3yp,0,https://i.redd.it/7opdgy8qljqf1.jpeg,post_url,direct_link,,the difference between being rich and being wealthy
Bitcoin,1nmuh8e,0,https://i.redd.it/zaove6tfajqf1.png,post_url,direct_link,,a building with many windows
Bitcoin,1nmkf8h,0,https://i.redd.it/5q3khb2umgqf1.jpeg,post_url,direct_link,,the words banks don't like bitcoin
Bitcoin,1no1o4e,0,https://i.redd.it/6ze6g93ztsqf1.jpeg,post_url,direct_link,,"spongebob with the caption, bitcoin gold"
Bitcoin,1nmlrbr,0,https://i.redd.it/6wtirs0l1hqf1.png,post_url,direct_link,,a chart of gold prices on twitter
Bitcoin,1nmws3b,0,https://i.redd.it/a62geiqfqjqf1.png,post_url,direct_link,,bitcoin wallet screenshot
Bitcoin,1nmob2k,0,https://i.redd.it/viir4z41uhqf1.jpeg,post_url,direct_link,,when you finally stop saving in fiat and plug into the bitcoin network i am the bank now
Bitcoin,1nn5vgk,0,https://i.redd.it/elhiogjhhlqf1.png,post_url,direct_link,,a table with the number of different types of stocks
Bitcoin,1nmv5gp,0,https://i.redd.it/zjz7wnn8fjqf1.jpeg,post_url,direct_link,,an orange iphone 7 pro with two lenses on it
Bitcoin,1nmieuf,0,https://i.redd.it/w3dkajgo1gqf1.jpeg,post_url,direct_link,,bitcoin price chart
Bitcoin,1nmklh9,0,https://i.redd.it/ng38vo72ogqf1.jpeg,post_url,direct_link,,"bitcoin market cap, bitcoin price, bitcoin market cap, bitcoin price, bitcoin market cap, bitcoin price, bitcoin market cap, bitcoin price, bitcoin price"
Bitcoin,1no4x0h,0,https://i.redd.it/sz1ch9k7ltqf1.jpeg,post_url,direct_link,,a computer screen showing a stock trading app
Bitcoin,1nnp7w9,0,https://i.redd.it/nisva2mzfqqf1.png,post_url,direct_link,,bitcoin shark meme
Bitcoin,1nmhvv4,0,https://i.redd.it/dvxkpkqiwfqf1.jpeg,post_url,direct_link,,bitcoin will do what?
Bitcoin,1nnxu9j,0,https://i.redd.it/fktcpnaj1sqf1.jpeg,post_url,direct_link,,bitcoin creator let's see the holy see the holy
Bitcoin,1nlv46t,0,https://i.redd.it/6fugepctvaqf1.jpeg,post_url,direct_link,,"two pictures of a train and a bus with the caption ""boomers about to retire with the next generation stole from future generations bitcoin"""
Bitcoin,1nncasy,0,https://i.redd.it/68joqxtm1nqf1.jpeg,post_url,direct_link,,a man in a robe standing in front of a bitcoin
Bitcoin,1nmo0ix,0,https://i.redd.it/cy8yq5zpqhqf1.png?width=1295&format=png&auto=webp&s=88e78ef0620234c640bd8972f9c20ce64a0ed8d0,gallery,reddit_gallery,cy8yq5zpqhqf1,blockchain-blockchain-blockchain-blockchain-blockchain-blockchain-blockchain-blockchain-blockchain-blockchain-
Bitcoin,1nmo0ix,1,https://i.redd.it/yzqwi5zpqhqf1.png?width=1269&format=png&auto=webp&s=7e9722e2eef47f798602d6c7dcbfeff3fa4d14c0,gallery,reddit_gallery,yzqwi5zpqhqf1,the dashboard of a cryptocurrency trading platform
Bitcoin,1nm9iny,0,https://i.redd.it/2vl363liwdqf1.jpeg,post_url,direct_link,,be the reason someone questions money
Bitcoin,1nmh91i,0,https://i.redd.it/1tq4yvi7qfqf1.png,post_url,direct_link,,a screenshot of the app showing the bitcoin price
Bitcoin,1nnijsi,0,https://i.redd.it/yky5w1hvxoqf1.png,post_url,direct_link,,bitcoin necklace on a dark background
Bitcoin,1nluzgj,0,https://i.redd.it/s4xvn92guaqf1.png,post_url,direct_link,,bitcoin meme - don't shoot i'm retired prove it just sold bitcoin lower
Bitcoin,1nniq1x,0,https://i.redd.it/tvyomx810pqf1.png,post_url,direct_link,,a twitter post with a man in a suit and a bitcoin
Bitcoin,1nmgam5,0,https://i.redd.it/wdg2sb4chfqf1.jpeg,post_url,direct_link,,bitcoin on a red and blue background
Bitcoin,1nnj77u,0,https://i.redd.it/8bg75nxu4pqf1.jpeg,post_url,direct_link,,a man wearing a silver chain with a b on it
Bitcoin,1nlv0qc,0,https://i.redd.it/iv9wvjvtuaqf1.jpeg,post_url,direct_link,,50 years of freedom
Bitcoin,1nm33yh,0,https://i.redd.it/woota1ejmcqf1.jpeg,post_url,direct_link,,generational wealth storage upgrade boomers
Bitcoin,1nlpsbz,0,https://i.redd.it/c0rljkuc99qf1.jpeg,post_url,direct_link,,a group of people playing chess with bitcoin
Bitcoin,1nmce63,0,https://i.redd.it/7oz89vmxieqf1.jpeg,post_url,direct_link,,a computer screen with a japanese language
Bitcoin,1nlgqhs,0,https://i.redd.it/1gcqkm1517qf1.png,post_url,direct_link,,"a cartoon of a man looking at a button that says, ""diversified portfolio"""
Bitcoin,1nluo4t,0,https://i.redd.it/3tt8hjf8raqf1.png,post_url,direct_link,,a table with several papers and a sticker
Bitcoin,1nls4jg,0,https://i.redd.it/ejrxyrwmy9qf1.jpeg,post_url,direct_link,,bitcoin price chart
Bitcoin,1nll2qx,0,https://i.redd.it/xkfd12or08qf1.jpeg,post_url,direct_link,,reminder - don't have enough bitcoin
Bitcoin,1nle2ll,0,https://i.redd.it/7aopxeo2i6qf1.jpeg,post_url,direct_link,,a caveman sitting on the ground with a stone in his hand
Bitcoin,1nlvx13,0,https://i.redd.it/r1klf9hq3bqf1.jpeg,post_url,direct_link,,an orange t - shirt with the words i'm just here for the bitcoin
Bitcoin,1nlnmun,0,https://preview.redd.it/ocz6vj10o8qf1.png?width=640&format=png&auto=webp&s=fd61a618afc42631478efdccf3d4af36fbc0b0e6,post_text,embedded_link,,google search results for bitcoin
Bitcoin,1nl0780,0,https://i.redd.it/wxh2it4gp3qf1.jpeg,post_url,direct_link,,bitcoin iphone case
Bitcoin,1nlcu07,0,https://i.redd.it/u3qnw31g96qf1.jpeg,post_url,direct_link,,"the more you know, the craze it gets"
Bitcoin,1nlu6w7,0,https://i.redd.it/iyga0ethlaqf1.png,post_url,direct_link,,gold vs bitcoin chart
Bitcoin,1nl4r1e,0,https://i.redd.it/he60vdosq4qf1.jpeg,post_url,direct_link,,"bitcoin,bitcoin,bitcoin,bitcoin,bitcoin,bitcoin,bitcoin,bitcoin,bitcoin,bitcoin,bitcoin,bitcoin,bitcoin,bitcoin,bitcoin,"
Bitcoin,1nl6mty,0,https://preview.redd.it/kxqjgqth35qf1.png?width=1729&format=png&auto=webp&s=08bffce276c9020b2e0d8d07e2565f978a81851d,post_text,embedded_link,,harvard university and google logo
Bitcoin,1nkz7c2,0,https://i.redd.it/e4eczt2we3qf1.jpeg,post_url,direct_link,,the price of home in us dollars vs bitcoin
Bitcoin,1nl085c,0,https://i.redd.it/bm2w5mygp3qf1.jpeg,post_url,direct_link,,bitcoin market today
Bitcoin,1nkp5im,0,https://i.redd.it/gzvvf6nln0qf1.jpeg,post_url,direct_link,,bitcoin exchange balance chart
Bitcoin,1nltjty,0,https://i.redd.it/c8hwghv9eaqf1.jpg?width=1080&format=pjpg&auto=webp&s=71686f764000035c391878268c0c42853daeaead,gallery,reddit_gallery,c8hwghv9eaqf1,money supply definition
Bitcoin,1nltjty,1,https://i.redd.it/prd6q8u9eaqf1.jpg?width=1080&format=pjpg&auto=webp&s=54e41b9172189f0c9cb40556b3af8f33284764ed,gallery,reddit_gallery,prd6q8u9eaqf1,the dangers of unsecured debt
Bitcoin,1nkqsoe,0,https://i.redd.it/wqba1tsm11qf1.png,post_url,direct_link,,the funniest memes about bitcoin
Bitcoin,1nkzk4a,0,https://i.redd.it/sr2cwwsmi3qf1.jpeg,post_url,direct_link,,bitcoin price chart - bitcoin price chart
Bitcoin,1nl5tw3,0,https://i.redd.it/vi9ntfz1y4qf1.png,post_url,direct_link,,the community sites app on multiple phones
Bitcoin,1nlnmci,0,https://i.redd.it/1e91d7iwn8qf1.jpeg,post_url,direct_link,,bitcoin and global m2 week 10 lead
Bitcoin,1nk9m1i,0,https://i.redd.it/co696nqumxpf1.jpeg,post_url,direct_link,,a cartoon of a man and woman sitting at a table with candles
Bitcoin,1nkbqpn,0,https://i.redd.it/8ncyp9za1ypf1.jpeg,post_url,direct_link,,an abandoned mcdonalds menu that's stuck in time and will take you back to 1994
Bitcoin,1nkr6k4,0,https://i.redd.it/8nv23z5w41qf1.jpeg,post_url,direct_link,,a painting of a man holding a yellow object
Bitcoin,1nkgt30,0,https://i.redd.it/lm5an99uyypf1.jpeg,post_url,direct_link,,a cartoon of a man in a suit and a bitcoin
Bitcoin,1nka2xx,0,https://i.redd.it/c8ms26p3qxpf1.jpeg,post_url,direct_link,,a cartoon depicting a man with a bitcoin and a sign that says $ $ $ $ $ $ $ $ $ $ $ $ $ $ $ $ $
Bitcoin,1nkczh6,0,https://i.redd.it/bhi7uyrh9ypf1.jpeg,post_url,direct_link,,a small orange car parked on the side of the road
Bitcoin,1nkqul9,0,https://i.redd.it/p0ai8bn421qf1.jpeg,post_url,direct_link,,google search bar on the google app
Bitcoin,1nkmo3e,0,https://i.redd.it/nud1rlms30qf1.jpeg,post_url,direct_link,,bitcoin is the new dating app
Bitcoin,1nk58vz,0,https://i.redd.it/tczu94vwnwpf1.jpeg,post_url,direct_link,,"two pictures of a man holding a bitcoin and a sign that says, ""cron do something that no no that"""
Bitcoin,1nk4e5c,0,https://i.redd.it/bpp9m2q4fwpf1.jpeg,post_url,direct_link,,the hedgehogs - the hedgehogs - screenshot
Bitcoin,1njs8j1,0,https://i.redd.it/efa99jxw3tpf1.jpeg,post_url,direct_link,,the lord of the rings meme
Bitcoin,1njuret,0,https://i.redd.it/gbe7issqotpf1.jpeg,post_url,direct_link,,a screenshot of a facebook post with a picture of a speaker
Bitcoin,1nl8et7,0,https://i.redd.it/qgooxayhf5qf1.jpeg,post_url,direct_link,,the ones who don't know much but can't prove it the ones who don't know much but can't prove it
Bitcoin,1njpvpm,0,https://i.redd.it/pacz765jmspf1.jpeg,post_url,direct_link,,how people think it's like to hodl what it actually like to hodl
Bitcoin,1nkb18o,0,https://preview.redd.it/ckdykuqtwxpf1.jpg?width=1024&format=pjpg&auto=webp&s=4fd5fdff765867cb5e28fc766e87fd4db70d048b,post_text,embedded_link,,bitcoin's last move 7 years ago
Bitcoin,1nka4z2,0,https://i.redd.it/96he8pehqxpf1.png,post_url,direct_link,,bitcoin is a currency that is used to buy things online
Bitcoin,1njy62m,0,https://i.redd.it/xrbgsfbmiupf1.jpeg,post_url,direct_link,,crypto trading app screenshot
Bitcoin,1njyeqm,0,https://i.redd.it/4vxx07bwkupf1.jpeg,post_url,direct_link,,caution - inflation turns your ice cubes into a meeting ice cube
Bitcoin,1njrf2j,0,https://i.redd.it/4cjurqhtxspf1.jpeg,post_url,direct_link,,philosopher quotes
Bitcoin,1njbo8z,0,https://i.redd.it/7qdhgya6xppf1.jpeg,post_url,direct_link,,"a man and a woman are in front of a house with the caption, ""my parents in their 30s"""
Bitcoin,1nkhch3,0,https://i.redd.it/yayvci6j2zpf1.jpeg,post_url,direct_link,,bitcoin cash - screenshot
Bitcoin,1njhyy7,0,https://i.redd.it/9qh7spx55rpf1.jpeg,post_url,direct_link,,two men in hard hats holding up a sign that says 50bps
Bitcoin,1njizgm,0,https://i.redd.it/nhr5wpcubrpf1.jpeg,post_url,direct_link,,bitcoin people - screenshot
Bitcoin,1nja6uy,0,https://i.redd.it/soxw0zy7kppf1.jpeg,post_url,direct_link,,"the older i get, the more i realize it's okay to live a life others don't understand"
Bitcoin,1njrbb1,0,https://i.redd.it/momjmju0xspf1.jpeg,post_url,direct_link,,two pictures of people holding bitcoin and one holding a bank account
Bitcoin,1njlnar,0,https://i.redd.it/rgecaza6trpf1.png,post_url,direct_link,,a graph showing the number of bitcoin transactions in the top 100
Bitcoin,1nj94bu,0,https://i.redd.it/4b268jwg9ppf1.jpeg,post_url,direct_link,,google trends mortgage interest rates
Bitcoin,1njkld7,0,https://i.redd.it/eapvsmr5mrpf1.jpeg,post_url,direct_link,,a man in red jacket and a picture of him running
Bitcoin,1njasze,0,https://i.redd.it/kirz8r14pppf1.jpeg,post_url,direct_link,,toy story 3 - the cup runner
Bitcoin,1nknwl7,0,https://i.redd.it/ted8ydpkd0qf1.jpeg,post_url,direct_link,,a statue of donald trump is shown in front of trees
Bitcoin,1nj2bsk,0,https://i.redd.it/akl5yx4u8npf1.jpeg,post_url,direct_link,,a woman with her arm up and the words rates cut tomorrow
Bitcoin,1njev0u,0,https://i.redd.it/64ng75kfiqpf1.png,post_url,direct_link,,a graph showing the decline in currency depreciation since 2000
Bitcoin,1njb1gl,0,https://i.redd.it/6sq5ufgurppf1.png,post_url,direct_link,,a man is holding a piece of paper and looking at it
Bitcoin,1njcz1n,0,https://i.redd.it/alluknzr6qpf1.jpeg,post_url,direct_link,,fed's jim kroger says the fed will 'do whatever it takes' to help the economy
Bitcoin,1nj8pfo,0,https://i.redd.it/axaquciz4ppf1.jpeg,post_url,direct_link,,"buy bitcoin, buy bitcoin, buy bitcoin, buy bitcoin, buy bitcoin, buy bitcoin, buy bitcoin, buy bitcoin, buy bitcoin, buy bitcoin,"
Bitcoin,1nizj51,0,https://i.redd.it/m39qzvqykmpf1.jpeg,post_url,direct_link,,a bar chart shows the percentage of people who are using the app
Bitcoin,1njd8u4,0,https://i.redd.it/wdycsw209qpf1.png,post_url,direct_link,,a chart showing the price of gold and silver
Bitcoin,1ninb78,0,https://i.redd.it/en06wf9q6kpf1.jpeg,post_url,direct_link,,the symbols for wealth and status symbols
Bitcoin,1nj6avs,0,https://i.redd.it/ax9u45bzcopf1.jpeg,post_url,direct_link,,a man with a beard and blue eyes looks up at the camera
Bitcoin,1nix707,0,https://i.redd.it/1ngejm222mpf1.jpeg,post_url,direct_link,,an iceberg with a bitcoin price and a fish swimming in it
Bitcoin,1niwau3,0,https://i.redd.it/8cobjj59vlpf1.png,post_url,direct_link,,bitcoin doesn't make you wealthy overnight
Bitcoin,1nikx4n,0,https://i.redd.it/4fb51p98pjpf1.jpeg,post_url,direct_link,,a samsung t7 external hard drive sitting next to a raspberry pi
Bitcoin,1nj7ff2,0,https://i.redd.it/tj2ylwp6qopf1.jpeg,post_url,direct_link,,bitcoin millionaire coffee mug
Bitcoin,1nj5kdc,0,https://i.redd.it/d9wi0hlq4opf1.jpeg,post_url,direct_link,,a poster with the words corporate world and post - corporate world
Bitcoin,1nit8od,0,https://i.redd.it/afac8qij9lpf1.jpeg,post_url,direct_link,,a poster with the words hodl on it
Bitcoin,1nim2pa,0,https://i.redd.it/089swa1jyjpf1.jpeg,post_url,direct_link,,fed meeting signals first rate cut since 2003
Bitcoin,1nib7iy,0,https://i.redd.it/bs3bz3irehpf1.png,post_url,direct_link,,the history of the one horse
Bitcoin,1njh0dh,0,https://i.redd.it/z23pchxzyqpf1.jpeg,post_url,direct_link,,the email is from the bank
Bitcoin,1njgeoo,0,https://preview.redd.it/xfljtzruuqpf1.png?width=680&format=png&auto=webp&s=02bac177b428a602fc5b20ea0880ff44cd2bf902,post_text,embedded_link,,two different images of bitcoin and the words don't wait to buy bitcoin and buy bitcoin
Bitcoin,1nhv7kz,0,https://i.redd.it/5rrui1kwodpf1.jpeg,post_url,direct_link,,a young boy sitting at a desk with two computers
Bitcoin,1ni0y3n,0,https://i.redd.it/iwst0i8zrepf1.jpeg,post_url,direct_link,,bitcoin wallet screenshot
Bitcoin,1nhpqmi,0,https://i.redd.it/kx6gr8v6pcpf1.jpeg,post_url,direct_link,,when my wife asks how much bitcoin we have
Bitcoin,1niryoi,0,https://i.redd.it/751y31wz0lpf1.jpg?width=1284&format=pjpg&auto=webp&s=dffec2af78bedda4b2c0ca6c1ba17017b3afa643,gallery,reddit_gallery,751y31wz0lpf1,the bitcoin video is shown on the website
Bitcoin,1niryoi,1,https://i.redd.it/v25xw0wz0lpf1.jpg?width=1284&format=pjpg&auto=webp&s=c87053050c4023102dd72701c7974c6a6eb84a58,gallery,reddit_gallery,v25xw0wz0lpf1,the bitcoin price chart is displayed on a black background
Bitcoin,1nhub1g,0,https://i.redd.it/moxlcx01jdpf1.jpeg,post_url,direct_link,,bitcoin p2p ecash paper
Bitcoin,1nihoh7,0,https://i.redd.it/ppjhr7iy4jpf1.png?width=1016&format=png&auto=webp&s=fff21b810d4feb68f33741ede165e59e72460874,gallery,reddit_gallery,ppjhr7iy4jpf1,today's top stories
Bitcoin,1nihoh7,1,https://i.redd.it/ejb0b8iy4jpf1.png?width=1016&format=png&auto=webp&s=a875590b2a23f208763a189df40ef50364dad040,gallery,reddit_gallery,ejb0b8iy4jpf1,bitcoin and blockchain technology - opinion & analysis
Bitcoin,1nibgr2,0,https://i.redd.it/lbcobwqthhpf1.png,post_url,direct_link,,"bitcoin is a bubble, but it's a bubble that's going to burst"
Bitcoin,1nht4j6,0,https://i.redd.it/pz8bn058bdpf1.png,post_url,direct_link,,bitcoin is a good investment
Bitcoin,1ni0o5q,0,https://i.redd.it/t73ozq72qepf1.png,post_url,direct_link,,bitcoin price prediction for 2018
Bitcoin,1nhuavm,0,https://i.redd.it/zmgbohdzidpf1.jpeg,post_url,direct_link,,better technology always wins
Bitcoin,1nhsca5,0,https://i.redd.it/at5i8on36dpf1.jpeg,post_url,direct_link,,"it's a dip, it's a pump"
Bitcoin,1nhti6a,0,https://i.redd.it/vovp1gosddpf1.jpeg,post_url,direct_link,,a comic strip about a man using his phone
Bitcoin,1nhxeb5,0,https://i.redd.it/uk2plwe73epf1.png,post_url,direct_link,,"bitcoin, gif, and meme my daughter tells me so so so so so so so so so so so so so so so so so so so so"
Bitcoin,1nhk9vh,0,https://i.redd.it/aup9yb5jmbpf1.png,post_url,direct_link,,strategy 6 bitcoin
Bitcoin,1nhf04b,0,https://i.redd.it/0aw0g0t92apf1.png,post_url,direct_link,,the u s dollar nothing mao holders
Bitcoin,1nhmk1u,0,https://i.redd.it/zd7fi8fo3cpf1.jpeg,post_url,direct_link,,the old vs new bitcoin
