subreddit,post_id,image_index,image_url,image_source,image_type,media_id,comment_id,caption
memes,1npf9kq,0,https://i.redd.it/7d7gpu9us4rf1.jpeg,post_url,direct_link,,,cloning a game is perfectly legal the tevis company
memes,1np7y6d,0,https://i.redd.it/d4eajy3543rf1.jpeg,post_url,direct_link,,,statistics in eu young people at the age of 25 years old have a higher income than you do
memes,1np84ds,0,https://i.redd.it/06tjbdo363rf1.png,post_url,direct_link,,,when it's not your fault but you just happened to be at the wrong place and time
memes,1np9z7x,0,https://i.imgflip.com/a71zo4.jpg,post_url,direct_link,,,well it's the day of the rapture again | made w/ imgflip meme maker
memes,1np3vpb,0,https://i.redd.it/6qyce2fhs1rf1.jpeg,post_url,direct_link,,,"when a youtube you loved starts making brain videos | image tagged in youtube,youtube,memes | made w/ imgflip meme maker"
memes,1npiv50,0,https://i.redd.it/9gfubdd2h5rf1.jpeg,post_url,direct_link,,,"two pictures of tom and jerry with the caption saying, 'my mom thinks about who keeps using all the shampoo in the bathroom"
memes,1nph7ju,0,https://i.redd.it/0ksq8gnt55rf1.jpeg,post_url,direct_link,,,"a cartoon character is standing in front of a green sign that says, 'christians walking to work after being wrong'"
memes,1npeug1,0,https://i.redd.it/vi7bekqtp4rf1.png,post_url,direct_link,,,a group of yellow dragon heads with names on them
memes,1np6aem,0,https://i.redd.it/3itudqovj2rf1.jpeg,post_url,direct_link,,,"gta, gta, and gta 5 gta finally releases the full globe celebrating before what now what?"
memes,1npbsl7,0,https://i.redd.it/bsib41oo34rf1.jpeg,post_url,direct_link,,,"a man driving a car with the caption that says iphone 18 is going to launch with sim world wide next year, i can't prove it"
memes,1npcz9p,0,https://i.redd.it/mg46ntusc4rf1.jpeg,post_url,direct_link,,,paper is like ham made from trees
memes,1np8rdr,0,https://i.redd.it/3t8sxsw4d3rf1.png,post_url,direct_link,,,youtube the illusion of free choice
memes,1notagw,0,https://i.redd.it/9u08g38vazqf1.jpeg,post_url,direct_link,,,"when the plot of the movie is good, but the actors can't act for shit"
memes,1np9oj1,0,https://i.redd.it/o4dw67hdm3rf1.jpeg,post_url,direct_link,,,"a cartoon of a man with a face that says, i can tell you why you are"
memes,1npffct,0,https://i.redd.it/tuyqewnwt4rf1.png,post_url,direct_link,,,you underestimate my power
memes,1nph4xh,0,https://i.redd.it/xexwusic55rf1.jpeg,post_url,direct_link,,,a piece of bread with a metal pin sticking out of it
memes,1nozptg,0,https://i.redd.it/85m2dhghp0rf1.png,post_url,direct_link,,,"insurance company, facebook, and app i that that that that that that that that that that that that that that that that that that that that that"
memes,1npdhpi,0,https://i.redd.it/wbojm9kdg4rf1.png,post_url,direct_link,,,"a man in a tuxedo is drinking wine and saying, ""and i get watching and get mistake for each other"""
memes,1noqraz,0,https://i.redd.it/1t1clwjjtyqf1.jpeg,post_url,direct_link,,,a man laying on the ground with the caption that reads 'me going into hibernation after depositing my last $ 1 billion by 2032'
memes,1np2ig6,0,https://i.redd.it/4bahbqwge1rf1.png,post_url,direct_link,,,a man in a yellow jacket is holding a mushroom
memes,1nofmgq,0,https://i.redd.it/03vjk070owqf1.jpeg,post_url,direct_link,,,people watching parents bring babies to horror movies and act shocked when they cry when they cry
memes,1npg47m,0,https://i.redd.it/lyz1e4miy4rf1.jpeg,post_url,direct_link,,,"a man with a face that says, when you realize the real test is to test"
memes,1nphza1,0,https://i.redd.it/4bxwbp3za5rf1.jpeg,post_url,direct_link,,,a monkey with a smile on its face and the words back in my day everything was terrible
memes,1nok4vx,0,https://i.redd.it/fne2ml57lxqf1.jpeg,post_url,direct_link,,,i am opposite of artificial intelligence i am genuine stupidity
memes,1nog6tp,0,https://i.redd.it/qscvufdmswqf1.png,post_url,direct_link,,,having a job and having a job | having a job and having a job | image tagged in having a job and having a job | made w/
memes,1npab71,0,https://i.redd.it/bsyi6e07s3rf1.png,post_url,direct_link,,,a cartoon character is talking to a teacher
memes,1npjrfi,0,https://i.redd.it/p28tv225n5rf1.jpeg,post_url,direct_link,,,"cartoon, meme, and meme how it feels that no matter how hard things go, i still got turned to al"
memes,1nogff8,0,https://i.redd.it/96csfnsluwqf1.jpeg,post_url,direct_link,,,a warm place to cum | girls appear to be the world | image tagged in a warm place to cum | made w/ imgflip meme maker
memes,1npeixk,0,https://i.redd.it/buypdxatn4rf1.jpeg,post_url,direct_link,,,you may consume 3 tylenol but no more
memes,1now3sh,0,https://i.redd.it/u0thefbgvzqf1.jpeg,post_url,direct_link,,,what if the rapture happened but nobody qualified - what if the rapture happened but nobody qualified?
memes,1np25y6,0,https://i.redd.it/zlkx4ha1b1rf1.jpeg,post_url,direct_link,,,the chaos in my own life me on my way to help strangers with their problems
memes,1npccrb,0,https://i.redd.it/7l9h5knj84rf1.jpeg,post_url,direct_link,,,mom did you take tylenol when you were pregnant with me only the hangovers were really bad
memes,1npiw1h,0,https://i.redd.it/p25kd0q8h5rf1.jpeg,post_url,direct_link,,,when you are about to download a meme then realize you have no one to send it to
memes,1nooee6,0,https://i.redd.it/hddo0rkndyqf1.png,post_url,direct_link,,,if we're still here does that mean the rapture happened none of us were taken - philosoraptor
memes,1noqjui,0,https://i.redd.it/0cmfwv75syqf1.png,post_url,direct_link,,,jesus after the rapture finished and seeing no one showed up
memes,1nphlsl,0,https://i.redd.it/emcir5ci85rf1.jpeg,post_url,direct_link,,,"me, minding my business enjoying my day my big toe poking a hole in my sock"
memes,1np8c4c,0,https://i.redd.it/a86r2vsh83rf1.jpeg,post_url,direct_link,,,two pictures of avatar avatar and the caption reads when you are about to sneeze but it goes away at the last moment
memes,1nohlmo,0,https://i.redd.it/o4j0bt6j3xqf1.jpeg,post_url,direct_link,,,two pictures of a cartoon character holding a cup of coffee
memes,1np8ytz,0,https://i.redd.it/bfxpufgbf3rf1.jpeg,post_url,direct_link,,,2022 is gonna be my year me now mum and dad i'm gonna be again
memes,1nol9gi,0,https://i.redd.it/kzcxdlissxqf1.jpeg,post_url,direct_link,,,when the rapture is supposed to happen but it never does and you're still stuck on this planet with the religious weirdos
memes,1np5624,0,https://i.redd.it/qdhosr8l62rf1.jpeg,post_url,direct_link,,,a person holding a kookaburra in their hand
memes,1npirr4,0,https://i.redd.it/pgzuwsreg5rf1.jpeg,post_url,direct_link,,,"the more complex a power system can get, the funnier it is when someone pulls out their gun"
memes,1np8pye,0,https://i.redd.it/ognsckopc3rf1.jpeg,post_url,direct_link,,,the breaking bad tv show is funny
memes,1np936s,0,https://i.redd.it/30jufzidg3rf1.png,post_url,direct_link,,,when you see people driving on the highway at night with their headlights off
memes,1no8osb,0,https://i.redd.it/81g5xzyckuqf1.gif,post_url,direct_link,,,windows 7 was the last windows 7 was the last windows 7 was the last windows 7 was the last windows 7 was the last windows 7 was the last
memes,1npchin,0,https://i.redd.it/feuyswrb94rf1.jpeg,post_url,direct_link,,,two pictures of the same person with the caption japanese everything company
memes,1npc685,0,https://i.redd.it/w9v204b674rf1.png,post_url,direct_link,,,"two cats are sitting on a couch with the caption saying, ""me trying to stay calm my best friend being unhinged"""
memes,1nol56p,0,https://i.redd.it/s0r1q98zrxqf1.jpeg,post_url,direct_link,,,a bunch of birds sitting on a rope with the caption saying anyone makes a dollar government mine?
memes,1npbylj,0,https://i.redd.it/hwmahzjk54rf1.png,post_url,direct_link,,,anime girl with pink hair and a phone
memes,1npik6z,0,https://i.redd.it/qcgladpye5rf1.jpeg,post_url,direct_link,,,webmd releases new logo against tysabri
memes,1npjddq,0,https://i.redd.it/sv3dbgiik5rf1.jpeg,post_url,direct_link,,,learn english learn english learn english learn english learn english learn english learn english learn english learn english learn english learn english learn english learn english learn english learn english
memes,1np8ogz,0,https://i.redd.it/j8q0hcf9c3rf1.jpeg,post_url,direct_link,,,"a monkey holding a drum set with the caption saying current year, anyone miss january 1st on the yb music"
memes,1noxfud,0,https://i.redd.it/olf7ikd460rf1.jpeg,post_url,direct_link,,,"a pig with the caption, i turn vegetables into bacon what's your super power?"
memes,1npgzuz,0,https://i.redd.it/d4g3kgod45rf1.jpeg,post_url,direct_link,,,people rapture is coming bless the lord me what my dundas thought welcome
memes,1npcoq7,0,https://i.redd.it/x0xh7zyza4rf1.jpeg,post_url,direct_link,,,"a cartoon drawing of a video game and a caption that says ""stealing lightening from your hands"""
memes,1np3z6k,0,https://i.redd.it/m5vsqqxit1rf1.jpeg,post_url,direct_link,,,"shrap, the meme that says artificial intelligence can't replace you if you're not intelligent"
memes,1npaifi,0,https://i.redd.it/ksrhpxuxt3rf1.jpeg,post_url,direct_link,,,let's have some fun let's play some minecraft min-maxing guide minecraft minecraft minecraft minecraft minecraft minecraft minecraft
memes,1noafk5,0,https://i.redd.it/5ug4eizb3vqf1.gif,post_url,direct_link,,,"when you're winning the argument, but then mispronounce a word"
memes,1npgjve,0,https://i.imgflip.com/a72zqu.gif,post_url,direct_link,,,"teacher, teacher, and meme teacher you just have to write a story for a class assignment me"
memes,1npedpe,0,https://i.redd.it/rs4gg0pxm4rf1.png,post_url,direct_link,,,a cartoon dog with the caption saying 'mr does something stupid also me when consequences
memes,1np8zez,0,https://i.redd.it/e67f0ehhf3rf1.jpeg,post_url,direct_link,,,"a pig with a caption that says, actain, accembs, accembs, aw screw it"
memes,1np17wv,0,https://i.redd.it/t4fxpfsg21rf1.jpeg,post_url,direct_link,,,four pictures of different planes and an airplane
memes,1npk94u,0,https://i.redd.it/cw33f3wfq5rf1.jpeg,post_url,direct_link,,,"if you get stuck in life, ask your friend for help me and my friend"
memes,1np680c,0,https://i.redd.it/bgcud3b4j2rf1.jpeg,post_url,direct_link,,,supervillains the government in superhero media finally banning superheroes for whatever stupid reason
memes,1npjcyd,0,https://i.redd.it/egl6a8gfk5rf1.png,post_url,direct_link,,,a man sitting in front of a sign that says ballet is the foot binding the west
memes,1npjc5c,0,https://i.redd.it/23h1n77ak5rf1.jpeg,post_url,direct_link,,,two pictures of donald and a woman hugging each other
memes,1noxtdx,0,https://i.redd.it/ulzxvml890rf1.gif,post_url,direct_link,,,"a man with a dog in his arms and the caption says, me watching my dog move in her sleep"
memes,1nosdia,0,https://i.redd.it/y28slfhg4zqf1.png,post_url,direct_link,,,"two people walking down the street with the caption, ""also my wife"""
memes,1noz5cx,0,https://i.redd.it/rztu7hghk0rf1.jpeg,post_url,direct_link,,,a bear is jumping in the air and the caption says rapture happened bears only
memes,1np6nhx,0,https://i.redd.it/s7s8t21go2rf1.jpeg,post_url,direct_link,,,batman and robin are fighting each other with the caption saying it's not practice rule of cool
memes,1noeis6,0,https://i.redd.it/nbciq2ltdwqf1.png,post_url,direct_link,,,a crowd of people in a city with a speech bubble saying i need to pee
memes,1np5b7v,0,https://i.redd.it/z5bifkw782rf1.jpeg,post_url,direct_link,,,"anime,<s><s><s><s><s><s><s><s><s><s><s><s><s><s><s><s><s><s><s><s><s><s><s><s><s><s><s>"
memes,1novtk5,0,https://i.redd.it/i4hlk278tzqf1.jpeg,post_url,direct_link,,,"a cartoon of a castle and a road with the words, ""someone doing something really fucking stupid"""
memes,1np4pms,0,https://i.redd.it/syum8v6e12rf1.jpeg,post_url,direct_link,,,toaster is about to pop
memes,1nny3ua,0,https://i.redd.it/rilxwr7c3sqf1.jpeg,post_url,direct_link,,,a man with glasses and a frying pan in his hand
memes,1nopv12,0,https://i.redd.it/3tgumx3inyqf1.jpeg,post_url,direct_link,,,the characters in the game are in different poses
memes,1np8pzy,0,https://i.redd.it/5l8l3ceqc3rf1.jpeg,post_url,direct_link,,,two pictures of the same man with glasses on
memes,1np8haf,0,https://i.redd.it/9b9gkar2a3rf1.jpeg,post_url,direct_link,,,"a man with a cigarette in his mouth and the words, ""me the pharmacy looking at slidell"
memes,1no8ucw,0,https://i.redd.it/jkn2mnnzluqf1.jpeg,post_url,direct_link,,,"a dog wearing sunglasses and a necklace with the words dentist, you have been grinding in your sleep me appreciate that big dawg"
memes,1np7lao,0,https://i.redd.it/yapbb4zwz2rf1.jpeg,post_url,direct_link,,,marked safe from the fundamentalist rapture today
memes,1np5f2t,0,https://i.redd.it/3gjhudvf92rf1.jpeg,post_url,direct_link,,,a computer screen with the words what my brain imagines when someone comments with nothing but a link
memes,1nnsw8q,0,https://i.redd.it/8qp03g624rqf1.png,post_url,direct_link,,,"minecraft came out for kids, but they didn't know about rest"
memes,1npebjn,0,https://i.redd.it/xb4kc0ekm4rf1.png,post_url,direct_link,,,a wolf is sitting in the grass and saying when my wife kisses me off
memes,1np8heu,0,https://i.redd.it/4ibboe5z93rf1.png,post_url,direct_link,,,a man is holding a sign that says scary fcc threats on 4 billion dollars later
memes,1nntumj,0,https://i.redd.it/bkme5ekparqf1.jpeg,post_url,direct_link,,,how is working five days and having two off of balanced?
memes,1non0yt,0,https://i.redd.it/dc2eufif4yqf1.jpeg,post_url,direct_link,,,a cat walking in front of a volcano
memes,1no94vs,0,https://i.redd.it/bfwoki92puqf1.jpeg,post_url,direct_link,,,today has been a day and tomorrow is going to be another day
memes,1no2y5l,0,https://i.redd.it/lufnnlhi4tqf1.jpeg,post_url,direct_link,,,two men are looking at each other with the caption how my dog looks at a random stranger
memes,1nowyu7,0,https://i.redd.it/33ds5x3b20rf1.jpeg,post_url,direct_link,,,"a hamburger with cheese, lettuce, and bacon"
memes,1nopsd7,0,https://i.redd.it/itylwrl0nyqf1.jpeg,post_url,direct_link,,,a hand holding a dog toy on the floor
memes,1noycmn,0,https://i.redd.it/9lmo2tbud0rf1.jpeg,post_url,direct_link,,,meme - remembering your neighbor's name your dog's name
memes,1nor9wx,0,https://i.redd.it/s3fmrx24xyqf1.jpeg,post_url,direct_link,,,a dog with a caption that says when someone is crying and you don't know what to do
memes,1np29u8,0,https://i.redd.it/g3e5x6o5c1rf1.jpeg,post_url,direct_link,,,please don't call me poochie ever again
memes,1nogxc4,0,https://i.redd.it/xpq1f7ogywqf1.jpeg,post_url,direct_link,,,a cat sitting on the floor with the caption 'i'm over 20 bro my life is over it's done there's no point anymore i'm so
memes,1no3xzn,0,https://i.redd.it/1kftvfpyctqf1.jpeg,post_url,direct_link,,,"two people with the caption, your phone when you say you want to buy something"
memes,1nojzxk,0,https://i.redd.it/pdsvf2takxqf1.jpeg,post_url,direct_link,,,"i'm a therapist, how do you express emotions emotions on the internet and share them with me and say lol me?"
memes,1novmfy,0,https://i.redd.it/vzcv289qrzqf1.jpeg,post_url,direct_link,,,me after the rapture that happened today
memes,1noew7u,0,https://i.redd.it/vyhefjpkhwqf1.jpeg,post_url,direct_link,,,a monkey with a red face and a caption that says when you aim dead center but the puss stream takes a
memes,1noz445,0,https://i.redd.it/w0uftyb9k0rf1.jpeg,post_url,direct_link,,,marked safe from the rapture
memes,1noxfnj,0,https://i.redd.it/0gdpzxw260rf1.jpeg,post_url,direct_link,,,she was a fairy
memes,1nopio4,0,https://i.imgur.com/tHxjn31.jpeg,post_url,direct_link,,,"the hobbit meme with the caption, ""me browsing my old redditt posts i have no memory of this event"""
memes,1nnve4r,0,https://i.redd.it/vrdz5hrukrqf1.jpeg,post_url,direct_link,,,the tv remote is 10 years old me
memes,1np3vp7,0,https://i.redd.it/i5w4g7zfs1rf1.jpeg,post_url,direct_link,,,work and hard earn a wage see the latest rich get rich quick scheme
memes,1noscng,0,https://i.redd.it/ni11baoc4zqf1.gif,post_url,direct_link,,,adhd and procrastination leaving my body when the subject is on love
memes,1nnvtbr,0,https://i.redd.it/2wga7w6enrqf1.jpeg,post_url,direct_link,,,a man is holding a shower head and a picture of a man with long hair
,1nnvtbr,0,https://i.imgur.com/Exkfg9N.gif,comment_text,embedded_link,,nfthk92,a man and woman are talking in a kitchen
memes,1np1ov1,0,https://i.redd.it/iixhzmca61rf1.png,post_url,direct_link,,,a cartoon character with the words how many chapters does deltune have now
memes,1npdolx,0,https://i.redd.it/5d1vxr7zh4rf1.jpeg,post_url,direct_link,,,google drive is private and only visible to you
memes,1nopld0,0,https://i.redd.it/7ud53b4nlyqf1.jpeg,post_url,direct_link,,,me when i'm choosing food for my pets getting food for myself
memes,1nosygt,0,https://i.redd.it/pqfgb0ii8zqf1.jpeg,post_url,direct_link,,,when you question someone's fact they show you off on a tik tok or facebook
memes,1noknvv,0,https://i.redd.it/hci1uveroxqf1.jpeg,post_url,direct_link,,,brainot youtube
memes,1nnskym,0,https://i.redd.it/ux5ydxwc2rqf1.jpeg,post_url,direct_link,,,when you're part of the group but not the conversation
memes,1norha8,0,https://i.redd.it/b1f3d5shyyqf1.jpeg,post_url,direct_link,,,a man with sunglasses and a microphone is talking about oil prices
memes,1nox844,0,https://i.redd.it/obsqnule40rf1.png,post_url,direct_link,,,"a chip guy is holding a bag of chips and the caption reads, my therapist chip guy can't hurt you, you aren't real"
memes,1nos9qw,0,https://i.redd.it/dgihxder3zqf1.png,post_url,direct_link,,,a store with boxes of cigarettes and a sign that says if i'm smoking aids stop smoking aids aids aids aids aids aids aids aids aids aids aids aids
memes,1nnt23f,0,https://i.redd.it/l83ygtxi5rqf1.jpeg,post_url,direct_link,,,when i don't reach home on time
memes,1np3fsi,0,https://i.redd.it/62hoqrsvn1rf1.jpeg,post_url,direct_link,,,me on rapture day did not come on time after hours choose to stay back
memes,1no893y,0,https://i.redd.it/unaqa9ywfuqf1.png,post_url,direct_link,,,two cats looking out the window with captions that say when the neighbors look inside and now they know too much
memes,1noiun4,0,https://i.redd.it/ux97aougcxqf1.jpeg,post_url,direct_link,,,a screenshot of a facebook post that says time to absolutely revolutionize my living room
memes,1nnk1x8,0,https://i.redd.it/ciahfojadpqf1.jpeg,post_url,direct_link,,,a man is standing next to a sign that says call me sick
memes,1no3gaj,0,https://i.redd.it/bmqmdetr8tqf1.jpeg,post_url,direct_link,,,if you plan on getting raptured you need to find someone to cover your shift - office space
memes,1nov3gx,0,https://i.redd.it/ehqwbq0pnzqf1.gif,post_url,direct_link,,,early 2010s music videos be like
memes,1no5bqw,0,https://i.redd.it/d7vhfa5kotqf1.png,post_url,direct_link,,,"a dog is standing in front of a door with the caption, got any lube?"
memes,1noia2w,0,https://i.redd.it/fzsjzjbf8xqf1.jpeg,post_url,direct_link,,,you're not making work better work pizza parties you're just making pizza worse
memes,1nom6xf,0,https://i.redd.it/5tewgk8wyxqf1.jpeg,post_url,direct_link,,,a comic book with the words cuss words and normal words on it
memes,1np13kn,0,https://i.redd.it/cpcbf0uc11rf1.png,post_url,direct_link,,,the cartoon shows the same person with different flags
memes,1nonhmk,0,https://i.redd.it/3y1ses7l7yqf1.jpeg,post_url,direct_link,,,a man is putting a bottle of liquid into a large container
memes,1no4kfm,0,https://i.redd.it/9fxhhi28itqf1.jpeg,post_url,direct_link,,,a man sitting on a chair and a picture of him on a swing
memes,1not6pj,0,https://i.redd.it/hgl18355azqf1.jpeg,post_url,direct_link,,,the tarantula hawk wasp tarratula's tarantula hawk wasp
memes,1nonvr0,0,https://i.redd.it/2ogfees9ayqf1.jpeg,post_url,direct_link,,,when she looks through your phone but all she can find is a scam is gdp fake?
memes,1nomttx,0,https://i.redd.it/8p0x3rc63yqf1.jpeg,post_url,direct_link,,,waiting for today's rapture | made w/ imgflip meme maker
memes,1nokufo,0,https://i.redd.it/u13nl7fzpxqf1.jpeg,post_url,direct_link,,,"autism, autism, and autism my sister says anything autism announcement"
memes,1nokjqo,0,https://i.redd.it/1v3p4dtynxqf1.jpeg,post_url,direct_link,,,"therapist, so the problem is that you fall in love easily? me, yes my love"
memes,1npews1,0,https://i.redd.it/s4qcm9fdq4rf1.jpeg,post_url,direct_link,,,how to get rid of a clan name in clash of clans - how to get rid of a clan name in clash of clans
memes,1no80jh,0,https://i.redd.it/qo1wjvnhduqf1.jpeg,post_url,direct_link,,,a child in a pizza restaurant employee who just wants the money
memes,1noxg4h,0,https://i.redd.it/xscqyl7560rf1.gif,post_url,direct_link,,,excuse me do you have a moment to talk about our lord and savior?
memes,1no66u2,0,https://i.redd.it/qpucfauewtqf1.jpeg,post_url,direct_link,,,they don't know there's a fridge but there's not one in the fridge
memes,1noh7l6,0,https://i.redd.it/mcm0hswm0xqf1.jpeg,post_url,direct_link,,,subway tv ad - screenshot 4
memes,1notxz8,0,https://i.redd.it/m72jjtd7fzqf1.png,post_url,direct_link,,,elmo at mordor
memes,1noo17y,0,https://i.redd.it/f8volgvabyqf1.png,post_url,direct_link,,,winnie the pooh meme
memes,1noc5hn,0,https://i.redd.it/4m3se8f2ovqf1.jpeg,post_url,direct_link,,,when you spot your ex across the bar and you're hydrated and the ceo of staying your business - when you spot your ex across the
memes,1nohkoi,0,https://i.redd.it/a8c5ohlc3xqf1.jpeg,post_url,direct_link,,,the cover of the album r em everybody berts
memes,1notb0b,0,https://i.redd.it/ewm4zhypazqf1.jpeg,post_url,direct_link,,,the game has been released and the characters are in the background
memes,1nod85d,0,https://i.redd.it/w09m946f0wqf1.jpeg,post_url,direct_link,,,"two pictures of the same man with the caption that says, ""me enjoying a movie in the theatre that one group of boys constantly digging and talking out"
memes,1noa6xc,0,https://i.redd.it/n1l8nffk0vqf1.jpeg,post_url,direct_link,,,"the two pictures are the same, one is a cartoon and the other is a cartoon of a man talking on the phone"
memes,1no18t8,0,https://i.redd.it/coxpbixkqsqf1.jpeg,post_url,direct_link,,,a cartoon character with the caption when your boss is doing illegal shit but you need your job
memes,1nofqu2,0,https://i.redd.it/besr82z1pwqf1.jpeg,post_url,direct_link,,,the space movie is about a man in space
memes,1nojwz4,0,https://i.redd.it/zj3yyl4rjxqf1.jpeg,post_url,direct_link,,,"the avengers are in a room with the words, ""the spider is in my bedroom that caught the mosquito"""
memes,1noo6ou,0,https://i.redd.it/vgafmua6cyqf1.png,post_url,direct_link,,,when humanity gives a shit destroying the planet as long as they're making profits
memes,1no01m3,0,https://i.redd.it/d2neooo9hsqf1.jpeg,post_url,direct_link,,,disney is too big to fail
memes,1nojav5,0,https://i.redd.it/ak8pbytlfxqf1.jpeg,post_url,direct_link,,,a cartoon of a person holding a phone and a sign that says oracle
memes,1novwub,0,https://i.redd.it/q2ncrtxotzqf1.jpeg,post_url,direct_link,,,person and person in the same scene
memes,1nongr5,0,https://i.redd.it/8j1sc31f7yqf1.jpeg,post_url,direct_link,,,when that person who never messages on group chat starts typing
memes,1nnrnwj,0,https://i.redd.it/zx40cke9wqqf1.jpeg,post_url,direct_link,,,cartoon when the fit imagined weak af
memes,1noy0u8,0,https://i.redd.it/ej0zy3a0b0rf1.jpeg,post_url,direct_link,,,"spongebob and the caption says, ""Odyssey is the one who opened the wind bag"""
memes,1no2wn3,0,https://i.redd.it/xt47b4l54tqf1.gif,post_url,direct_link,,,"a cartoon character wearing a hat with the caption, ""multibillion dollar company watching poor people defend their shaky practices"""
memes,1noifo1,0,https://i.redd.it/tk2009xi9xqf1.jpeg,post_url,direct_link,,,a man holding a toothbrush and saying when someone starts crying but you don't know what to do
memes,1nnj3w3,0,https://i.redd.it/ze1c1rk44pqf1.jpeg,post_url,direct_link,,,when you are losing an argument but you suddenly remember his family details
memes,1nphhsh,0,https://i.redd.it/x8gqup7r75rf1.jpeg,post_url,direct_link,,,an image of a cartoon character with a phone and text
memes,1no958x,0,https://i.redd.it/5cz0rnn6puqf1.jpeg,post_url,direct_link,,,"a cartoon with text that says, 'me studying buddhism time to finally reveal what been causing my suffering the revealed the revealed the revealed the revealed"
memes,1nolpsm,0,https://i.redd.it/cwct9ujrvxqf1.jpeg,post_url,direct_link,,,a woman in red shirt with the words pov of my bros taking up in rapture
memes,1nphqp8,0,https://i.redd.it/3gw8d2ic95rf1.png,post_url,direct_link,,,"a cartoon of a man and a woman with the words, wish to be rich and powerful"
memes,1no5fkx,0,https://i.redd.it/3bzg26coptqf1.jpeg,post_url,direct_link,,,i iphone 7 is out youtubers in 2 days
memes,1nnv4iw,0,https://i.redd.it/ir3w74i3jrqf1.jpeg,post_url,direct_link,,,a chicken with a white fluffy hair on its head
memes,1nompk6,0,https://i.redd.it/tt9bbkud2yqf1.jpeg,post_url,direct_link,,,when i'm in a hating with no reasons competition and my opponent is a x user
memes,1nooe0x,0,https://i.redd.it/qxtb529ldyqf1.jpeg,post_url,direct_link,,,i kinda thank you for being a disappointment
memes,1nohy7v,0,https://i.redd.it/0yze1dm26xqf1.jpeg,post_url,direct_link,,,"a man in headphones with the caption, when she asks how many ex u have but only had been pointless situations"
memes,1noia8m,0,https://i.redd.it/4pkocueg8xqf1.jpeg,post_url,direct_link,,,when your day was abs out but your amazon order comes in
memes,1np3rid,0,https://i.redd.it/niyexwz7r1rf1.jpeg,post_url,direct_link,,,german/english peter spanish
memes,1noucil,0,https://i.redd.it/aqvenstaizqf1.jpeg,post_url,direct_link,,,the office door dash driver
memes,1noobuo,0,https://i.redd.it/kppgx84adyqf1.jpeg,post_url,direct_link,,,a screenshot of a soccer player's profile
memes,1nnrp8o,0,https://i.redd.it/73o5pebiwqqf1.jpeg,post_url,direct_link,,,me pretending to not care so the screen loads faster
memes,1nocz01,0,https://i.redd.it/dwxno24ixvqf1.png,post_url,direct_link,,,"two pictures of a waterfall and a tree with the words ""me wherever i catch a cold my whole body my nose"""
memes,1noncjr,0,https://i.redd.it/bd9cbaem6yqf1.jpeg,post_url,direct_link,,,an anime character with a necklace and a chain around his neck
memes,1noergw,0,https://i.redd.it/yubnten1gwqf1.jpeg,post_url,direct_link,,,"a cartoon rabbit sitting on a throne with the caption, 1st grade me when i see a math problem with my name on it"
memes,1no9uly,0,https://i.redd.it/m28jrnpswuqf1.jpeg,post_url,direct_link,,,a man in an orange jacket with the words decades of scientific research on life saving vaccines
memes,1noa912,0,https://i.redd.it/7iubs8q91vqf1.jpeg,post_url,direct_link,,,i'm not sure if i'm more impressed by the fact that you managed to get a meme to the front page or the fact that you managed to
memes,1nonv7d,0,https://i.redd.it/8oxzzinv9yqf1.png,post_url,direct_link,,,"a man in a red hat with the caption, 'ya'll got any more of that rapture'"
memes,1nocd0f,0,https://i.redd.it/jswg8gajqvqf1.jpeg,post_url,direct_link,,,when you work continuously without getting proper sleep
memes,1nod54g,0,https://i.redd.it/blnjkqknzvqf1.jpeg,post_url,direct_link,,,a man and woman are in bed with the caption saying i bet he's thinking about other women
memes,1nphs79,0,https://i.redd.it/2x3yegin95rf1.png,post_url,direct_link,,,"two women standing on a basketball court with the captions, your bank account your cryptos wallet"
memes,1noaxv1,0,https://i.redd.it/l9to3uh79vqf1.jpeg,post_url,direct_link,,,"cartoon characters with the caption, ""when he was asking too many questions"""
memes,1nnrxpd,0,https://i.redd.it/1kcqwxi1yqqf1.jpeg,post_url,direct_link,,,a man holding a tv and saying do you have any hobbies?
memes,1noj2u7,0,https://i.redd.it/s7k5old1exqf1.jpeg,post_url,direct_link,,,"a man with a beard and a mustache saying, 'i put at least at least at least at least at least at least at least at least at"
memes,1noqvu8,0,https://i.redd.it/cy5mft9cuyqf1.png,post_url,direct_link,,,"a cat laying on a person's lap with a caption that says ""when your shirt rides up a little"""
memes,1nocm9m,0,https://i.redd.it/ey1uaf8ktvqf1.png,post_url,direct_link,,,"the matrix, matrix, matrix 2, matrix 3, matrix 4, matrix 5, matrix 6, matrix 7, matrix 8, matrix 9, matrix"
memes,1nnuxib,0,https://i.redd.it/g596khjshrqf1.png,post_url,direct_link,,,"two pictures of a man in a suit and tie, one with a gun and the other with a gun"
memes,1nod2am,0,https://i.redd.it/0xb5403ryvqf1.jpeg,post_url,direct_link,,,when i know a triangle has 3 sides but can't prove it
memes,1nodb4s,0,https://i.redd.it/3byulndf1wqf1.png,post_url,direct_link,,,a plague doctor holding a plague mask and saying when you fall under the blanched before your wife comes
memes,1nnpaxr,0,https://i.redd.it/uegtq2ukgqqf1.jpeg,post_url,direct_link,,,two men talking about the stock market
memes,1nohtb1,0,https://i.redd.it/dyvyfuqt4xqf1.png,post_url,direct_link,,,"a man driving a car with the caption, when i'm trying to overtake the truck in front of me, but i have a clear front, but"
memes,1nofwxs,0,https://i.redd.it/b5mlsr0dqwqf1.jpeg,post_url,direct_link,,,a man in a suit and tie is standing in front of a crowd
memes,1nn2nlu,0,https://i.redd.it/78ml5y0sukqf1.jpeg,post_url,direct_link,,,americans who use military time europeans what the hell is military time?
memes,1nnypw6,0,https://i.redd.it/n2urfxgk7sqf1.png,post_url,direct_link,,,tylenol all along | made w/ imgflip meme maker
memes,1no7kfx,0,https://i.redd.it/7s8vdw439uqf1.jpeg,post_url,direct_link,,,a cat is sitting on a counter with a piece of toast in its mouth
memes,1nnqr45,0,https://i.redd.it/mzkh5pl7qqqf1.jpeg,post_url,direct_link,,,a dog sleeping on a pillow with the caption how i sleep at night
memes,1no5ot3,0,https://i.redd.it/jq6v2vssrtqf1.png,post_url,direct_link,,,two men talking about the movie they are watching
memes,1noocp4,0,https://i.redd.it/zppk7xhfdyqf1.jpeg,post_url,direct_link,,,a normal day in forskaken
memes,1nnubgv,0,https://i.redd.it/8hr6jj9rdrqf1.jpeg,post_url,direct_link,,,a man and a woman walking down the street in front of a house
memes,1nnzb5w,0,https://i.redd.it/ok0namwubsqf1.jpeg,post_url,direct_link,,,will smith memes
memes,1noe2n4,0,https://i.redd.it/xi9xuwoh9wqf1.jpeg,post_url,direct_link,,,two men in red shirts with the words what the fuck is a cold guy who wears
memes,1nndav5,0,https://i.redd.it/opqwl0vcbnqf1.jpeg,post_url,direct_link,,,when they are no longer texting and sending stuff so you realized your role is over now
memes,1no4mu2,0,https://i.redd.it/avummqzsitqf1.jpeg,post_url,direct_link,,,a man is doing a handstand in the bathroom
memes,1noancg,0,https://i.redd.it/txv8bq5s5vqf1.jpeg,post_url,direct_link,,,a star wars meme with the caption that says nobody can learn the uncles
memes,1non3wm,0,https://i.redd.it/vnntkt5z4yqf1.jpeg,post_url,direct_link,,,gandhi gandhi gandhi gandhi gandhi gandhi gandhi gandhi gandhi gandhi
memes,1nnjbaj,0,https://i.redd.it/96dxws466pqf1.jpeg,post_url,direct_link,,,a man is running down a hallway with a camera
memes,1nof4jy,0,https://i.redd.it/ie9ek06pjwqf1.png,post_url,direct_link,,,istock funny meme poster for the new year
memes,1no4tyf,0,https://i.redd.it/mmiq2azhktqf1.png,post_url,direct_link,,,"the spongebob meme with the caption that says, 'i have no idea what this is about'"
memes,1nnvg32,0,https://i.redd.it/y1xed8r7lrqf1.png,post_url,direct_link,,,"two pictures of the same man with the caption, ""reditors when people are horny towards horny towards boys and"
memes,1nopmcx,0,https://i.redd.it/74y6vmxulyqf1.png,post_url,direct_link,,,two pictures of a woman with her face in different positions
memes,1nn68gt,0,https://i.redd.it/xc8goab9llqf1.png,post_url,direct_link,,,i wish there was a default windows shortcut to open yammer in the default browser ctrl-shift-alt-win
memes,1nnw3w5,0,https://i.redd.it/q1h0k28tprqf1.jpeg,post_url,direct_link,,,you want to write a character who is always 5 steps ahead you have the next 5 steps of your story
memes,1nouxpf,0,https://i.redd.it/uhb4avykmzqf1.png,post_url,direct_link,,,the avengers are talking about the future of humanity
memes,1nolfp7,0,https://i.redd.it/zpzt6hsxtxqf1.jpeg,post_url,direct_link,,,the air force on the day of storm area 51
memes,1no0qqv,0,https://i.redd.it/jz7bdpmkmsqf1.jpeg,post_url,direct_link,,,kids one second before their vocabulary gets an update
memes,1nnyc60,0,https://i.redd.it/ouu5ajqt4sqf1.png,post_url,direct_link,,,a cartoon character is holding a salt shaker and a salt shaker is next to a salt shaker
memes,1no1tl5,0,https://i.redd.it/wwtw9x47vsqf1.jpeg,post_url,direct_link,,,a man is holding up his hands and looking at something
memes,1nog1ql,0,https://i.redd.it/img37s2krwqf1.png,post_url,direct_link,,,a comic strip about a man riding a bike with a sign on it
memes,1no0pvq,0,https://i.redd.it/qrn2826fmsqf1.jpeg,post_url,direct_link,,,a cartoon character with a gun and a caption that says cricket identification guide
memes,1nn20xj,0,https://i.redd.it/r3uw6midqkqf1.jpeg,post_url,direct_link,,,"a cartoon character in prison with the caption, me being executed in 2020 for letting my cat hunt a mouse"
memes,1no3mj9,0,https://i.redd.it/m7bumr79atqf1.jpeg,post_url,direct_link,,,the graphics at the start of the game the graphics at the start of the game the graphics at the start of the game the graphics at the start of
memes,1no2bdm,0,https://i.redd.it/3i6xsho8zsqf1.gif,post_url,direct_link,,,a man in a mask is sitting in front of a computer
memes,1no3xw7,0,https://i.redd.it/523jcb2yctqf1.jpeg,post_url,direct_link,,,two women standing in front of a couch with the caption that's not how this works
memes,1nnimtx,0,https://i.redd.it/8jynmm25zoqf1.jpeg,post_url,direct_link,,,a woman with her head in her hands and the words go to take poo forget to bring smartphone
memes,1noe03t,0,https://i.redd.it/11qlh5rr8wqf1.jpeg,post_url,direct_link,,,a cartoon about a man driving a car and a bear
memes,1nodufd,0,https://i.redd.it/55in1g5w6wqf1.png,post_url,direct_link,,,"a man is standing in front of stairs with the caption, you're a quiet introverted person every single me looking at you"
memes,1nnwusb,0,https://i.redd.it/9m3xilkxurqf1.jpeg,post_url,direct_link,,,when the designer takes your direction for far too literally crop tops
memes,1noi404,0,https://i.redd.it/5hbu9wu57xqf1.png,post_url,direct_link,,,two pictures of people with the caption let us predictate 2020 with a magic e - ball
memes,1no8ta0,0,https://i.redd.it/ojnm92wlluqf1.jpeg,post_url,direct_link,,,two pictures of a man holding a remote control and a television with the words bourbon and bourbouff
memes,1npdz77,0,https://i.redd.it/l0chg5l5k4rf1.jpeg,post_url,direct_link,,,"a cartoon illustration of a woman holding a child and saying, this is me at 25 savings in the bank and a new"
memes,1noeb7o,0,https://i.redd.it/a0mgua3ybwqf1.jpeg,post_url,direct_link,,,the rick and morty meme
memes,1nor52l,0,https://i.redd.it/0j0umc35wyqf1.png,post_url,direct_link,,,the raincoats from hell
memes,1nny6ew,0,https://i.redd.it/fyj8chzt3sqf1.jpeg,post_url,direct_link,,,hydrophobia oil not mix with water raccoon bite
memes,1nobv17,0,https://i.redd.it/j8nsy918kvqf1.jpeg,post_url,direct_link,,,i intentionally log out from reddit and my feed filled with new memes all around the world - i intentionally log out from reddit and my feed filled with new
memes,1no3vhr,0,https://i.redd.it/whb18epectqf1.jpeg,post_url,direct_link,,,the timing of jimmy kimmels return and mag movie trailer | made w/ imgflip meme maker
memes,1nnjyqj,0,https://i.redd.it/z4o7nw1gcpqf1.jpeg,post_url,direct_link,,,two birds sitting on a branch with the caption girl are you an orthoist? because you have some
memes,1nngdo8,0,https://i.redd.it/kzqir4199oqf1.jpeg,post_url,direct_link,,,"two men in star wars costumes, one says, 'single player games? really a man of your talents? it's a peaceful life'"
memes,1no290o,0,https://i.redd.it/9wy6uxjqysqf1.jpeg,post_url,direct_link,,,don't you know who i am i'm a mod on r - driving cop
memes,1nnuya3,0,https://i.redd.it/0hga9exuhrqf1.png,post_url,direct_link,,,"i'm trying to be productive, but this something super important that cannot be late"
memes,1no3tfb,0,https://i.redd.it/tkq19pswbtqf1.jpeg,post_url,direct_link,,,a man in a red jacket is wearing a hat and has the words filtered tap water
memes,1nnssxa,0,https://i.redd.it/ecckeiyu3rqf1.jpeg,post_url,direct_link,,,a man with a red shirt on and a caption that says when you get a wiff of those teemo jeans straight out the bag
memes,1nnw4iy,0,https://i.redd.it/sivciqaxprqf1.jpeg,post_url,direct_link,,,r/community r/upvotes r/new content
memes,1nn83tc,0,https://i.redd.it/qv47wjgq0mqf1.png,post_url,direct_link,,,the friends tv show is funny
memes,1nomonh,0,https://i.redd.it/hp1f37382yqf1.gif,post_url,direct_link,,,a penguin is standing on a rock with a fish in its mouth
memes,1nnldj2,0,https://i.redd.it/elyq5t5ropqf1.jpeg,post_url,direct_link,,,two pictures of the same person with the caption auto save saving after auto save
memes,1np2z40,0,https://i.redd.it/9db9usr1j1rf1.jpeg,post_url,direct_link,,,the army is the best army
memes,1nnmkhw,0,https://i.redd.it/9geeakuoxpqf1.jpeg,post_url,direct_link,,,when you're struggling in the hardest exam ever but you didn't study for your study is writing confidently
memes,1nnycsh,0,https://i.redd.it/15gkai735sqf1.jpeg,post_url,direct_link,,,september in the sun the shade
memes,1nokcro,0,https://i.redd.it/tzyi6ifomxqf1.png,post_url,direct_link,,,a cat and a fish are playing with a toy
memes,1nnzb9j,0,https://i.redd.it/ppmowb1xbsqf1.png,post_url,direct_link,,,"a gorilla with a caption that says, ""i see a number greater than 1 greater than i can divide by any number of other numbers and i know"
memes,1nnyjoc,0,https://i.redd.it/thbwcoxe6sqf1.png,post_url,direct_link,,,the technology we understand
memes,1noss2r,0,https://i.redd.it/5832m5zb7zqf1.jpeg,post_url,direct_link,,,the robot is talking to the man in the picture
memes,1no3iyw,0,https://i.redd.it/by63v2fe9tqf1.jpeg,post_url,direct_link,,,racism is hating a specific group of people there for you can't hate everyone equally
memes,1nnuu2o,0,https://i.redd.it/gyk5s2w5hrqf1.png,post_url,direct_link,,,two dogs are looking at each other through a window
memes,1nnmcj0,0,https://i.redd.it/8dsvjon0wpqf1.jpeg,post_url,direct_link,,,a man with glasses and a mustache that says 2020 - meta releases new ai classes
memes,1noogfe,0,https://i.redd.it/8hxbwbn3eyqf1.png,post_url,direct_link,,,"two pictures of the same person with the caption, ""got a cat, the couch is safe from claw wars, safe right?"""
memes,1no35wl,0,https://i.redd.it/srbqvy4b6tqf1.png,post_url,direct_link,,,santa claus on stage with caption that says when they tell you that only people on the nice list can attend
memes,1nnuyei,0,https://i.redd.it/iany9r3zhrqf1.jpeg,post_url,direct_link,,,garfield the cat is a cartoon character who is a cat who is a cartoon character who is a cartoon character who is a cartoon character who is a
memes,1nnrkd8,0,https://i.redd.it/7f914snlvqqf1.jpeg,post_url,direct_link,,,when you've checked all your redit notifications and got nothing to do anymore
memes,1nohg9q,0,https://i.redd.it/6va5ti8a2xqf1.png,post_url,direct_link,,,a poster for a show featuring a cat in a suit
memes,1nn9q8y,0,https://i.redd.it/rz47iuaoemqf1.jpeg,post_url,direct_link,,,"a man with a text that says, 'me looking at my bank account after telling myself i deserve a little treat'"
memes,1nnxghb,0,https://i.redd.it/cbhfxexvyrqf1.png,post_url,direct_link,,,when you get home drunk and your parents catch you dismantling a pack of shredded cheese
memes,1nmzv4g,0,https://i.imgur.com/VUpqlHt.jpeg,post_url,direct_link,,,britain will send food to gaza as if the bombing wasn't cruel enough
memes,1no6po9,0,https://i.redd.it/nyiu74s11uqf1.jpeg,post_url,direct_link,,,a guy holding a cell phone with the caption whatever they're searching the sky with i'm sure we'll all have equal communication access
memes,1no51hg,0,https://i.redd.it/zxjrb5v8mtqf1.gif,post_url,direct_link,,,a woman with a calculator and the caption reads when you come up with a game but you ran out of ideas
memes,1nmpdjo,0,https://i.redd.it/4r5aoefi5iqf1.jpeg,post_url,direct_link,,,a cartoon shows a man and a woman talking about the same thing
memes,1nofrci,0,https://i.redd.it/szyafha6pwqf1.jpeg,post_url,direct_link,,,a squirrel sitting on top of a blanket in a box
memes,1nmt0j1,0,https://i.redd.it/2gwzq2c10jqf1.jpeg,post_url,direct_link,,,a bunch of pictures of girls in armor
memes,1nmrpnv,0,https://i.redd.it/l841jd88qiqf1.jpeg,post_url,direct_link,,,"a man is holding a fish and saying, give a man a fish and you feed him for a day, but teach a man to fish and you"
memes,1nnlmar,0,https://i.redd.it/yfqkxownqpqf1.jpeg,post_url,direct_link,,,a dog with its mouth open and a caption that says when someone tells you a secret already know and you
memes,1nnn2yr,0,https://i.redd.it/zz2tu82d1qqf1.jpeg,post_url,direct_link,,,did you start a rumor about everyone getting bas - kermit the frog
memes,1nn5235,0,https://i.redd.it/5k1c1mx3clqf1.jpeg,post_url,direct_link,,,who wore it best?
memes,1no4ny5,0,https://i.redd.it/eezokbn2jtqf1.jpeg,post_url,direct_link,,,cocaine snortables | made w/ imgflip meme maker
memes,1no12b3,0,https://i.redd.it/i8541l15psqf1.jpeg,post_url,direct_link,,,a doctor is standing in front of a green background with the text today's highlights
memes,1nnrndq,0,https://i.redd.it/ds41f516wqqf1.jpeg,post_url,direct_link,,,a gauge with the words i'll do it tomorrow
memes,1nng6x1,0,https://i.redd.it/g3ltvcmz6oqf1.jpeg,post_url,direct_link,,,a boy with a wrench in his hand and a sign that says when you watch a youtube video tutorial to maintain on your car and now it won't
memes,1nnfm9f,0,https://i.redd.it/72bydte90oqf1.jpeg,post_url,direct_link,,,they what makes you a human internet select all boxes with cars
memes,1nnn0yv,0,https://i.redd.it/pt4pppf41qqf1.jpeg,post_url,direct_link,,,types of headaches migraine headache types of headaches migraine headache types of headaches migraine headache types of headaches migraine headache types of headaches migraine headache types of headaches migraine headache
memes,1nnmm59,0,https://i.redd.it/nvccnqu0ypqf1.jpeg,post_url,direct_link,,,brits are vegan now?
memes,1nnxfps,0,https://i.redd.it/3e89xi8tyrqf1.jpeg,post_url,direct_link,,,a yellow box with bottles of beer in it
memes,1nnwqp0,0,https://i.redd.it/z17mfik4urqf1.jpeg,post_url,direct_link,,,three pumpkins with faces carved on them and the words my friends and i are getting an f for fantastic on our test
memes,1nmugkh,0,https://i.redd.it/5r99wiebajqf1.jpeg,post_url,direct_link,,,"two pictures of two women in the same pose with the caption, ""when you're crushing your side quest and have lost sight of the main mission 2"
memes,1nnduek,0,https://i.redd.it/wapvf1ktgnqf1.png,post_url,direct_link,,,the ghost in the basement
memes,1nocxnr,0,https://i.redd.it/lecua28axvqf1.jpeg,post_url,direct_link,,,playstation vs xbox
memes,1nmposw,0,https://i.redd.it/o8fkwsao8iqf1.jpeg,post_url,direct_link,,,"a woman holding a cigarette in her hand with the text ""crush what are your hobbies?"""
memes,1non5wx,0,https://i.redd.it/m7ao4ooc5yqf1.png,post_url,direct_link,,,a mannequin wearing a red swim suit
memes,1nn5pqa,0,https://i.redd.it/r10kzee7hlqf1.jpeg,post_url,direct_link,,,a man with a beard sitting on a bench with the caption red bull may give you wings but moonshine gives you balls
memes,1noq3xb,0,https://i.redd.it/ln2euw87pyqf1.jpeg,post_url,direct_link,,,a man with a hat on his face and the words when you nut and she still suckin
memes,1nnvuhk,0,https://i.redd.it/ct22jstznrqf1.jpeg,post_url,direct_link,,,a cartoon of a man with a beard and a woman with a beard
memes,1nnopcm,0,https://i.redd.it/hpj4us1ncqqf1.png,post_url,direct_link,,,a man in a suit and a spider - man
memes,1nmnk8c,0,https://i.redd.it/8ia94gyqlhqf1.jpeg,post_url,direct_link,,,the simpsons are talking about indian subs
memes,1nnr3nr,0,https://i.redd.it/ktpfrzxhrqqf1.jpeg,post_url,direct_link,,,pepperidge farm remembers the time people really experienced grief just to post on facebook
memes,1nnrvkw,0,https://i.redd.it/wg22kfolxqqf1.png,post_url,direct_link,,,chromebooks exist 0 1 gpa students in a 0 0 k radius and i look that personally
memes,1nnm1lh,0,https://i.redd.it/8uhyrkavtpqf1.jpeg,post_url,direct_link,,,a pumpkin with a face on it sitting at a table
memes,1nnr5pj,0,https://i.redd.it/dk3v5s0ysqqf1.jpeg,post_url,direct_link,,,two pictures of the same person sitting on the beach in the sun playing hide and seek in a corn maze
memes,1nnm3lu,0,https://i.redd.it/kjvuso7aupqf1.jpeg,post_url,direct_link,,,the guy is typing on a computer and saying the the cli is the matriarch of the alpha created to oppress nice guys
memes,1nn5mjv,0,https://i.redd.it/nid3fsmiglqf1.jpeg,post_url,direct_link,,,dollar general opens first dollar general inside dollar general
memes,1non9mq,0,https://i.redd.it/hno5v3826yqf1.jpeg,post_url,direct_link,,,a close up of a pair of white and orange sneakers
memes,1nmwwwj,0,https://i.redd.it/scj0xn6hrjqf1.jpeg,post_url,direct_link,,,seeing someone comment on the same post or two more times
memes,1nnnex2,0,https://i.redd.it/me442o3w3qqf1.jpeg,post_url,direct_link,,,today the start of autumn me when it's 90 degrees outside
memes,1nnvvx1,0,https://i.redd.it/6oipnrg9orqf1.jpeg,post_url,direct_link,,,a godzilla with its mouth open and the words even godzilla is terrified what the fuck
memes,1nmslhh,0,https://i.redd.it/7rdyi5azwiqf1.jpeg,post_url,direct_link,,,"a comic strip with the words, ""you forgot to update your post or comment on r/nintendo today"""
memes,1nn1ts0,0,https://i.redd.it/i9slq50xokqf1.png,post_url,direct_link,,,iron man is actually male
memes,1nnoaem,0,https://i.redd.it/rn1nt0iw9qqf1.jpeg,post_url,direct_link,,,a cat with the caption saying only one sock keeps on disappearing
memes,1nondht,0,https://i.redd.it/93s1ievs6yqf1.jpeg,post_url,direct_link,,,jesus on the cross pin
memes,1nneynz,0,https://i.redd.it/0dfbq41ssnqf1.png,post_url,direct_link,,,a woman with glasses and a sign that says explain the joke
memes,1nok0by,0,https://i.redd.it/06vuv5rdkxqf1.jpeg,post_url,direct_link,,,a man kneeling down holding a baby while holding a gun
memes,1nnld9v,0,https://i.redd.it/rbbeql2popqf1.jpeg,post_url,direct_link,,,the man is sitting at a table in a diner
memes,1nnd024,0,https://i.redd.it/f8acvfod8nqf1.jpeg,post_url,direct_link,,,"we did it, let's ask them how much base game is in the future"
memes,1nnigqn,0,https://i.redd.it/sxlcl21dxoqf1.png,post_url,direct_link,,,working in a bank company & seeing random numbers with no name yet it has it's own digits worth of money in it
memes,1no78lu,0,https://i.redd.it/nbaiovdx5uqf1.jpeg,post_url,direct_link,,,"memes, winnie the pooh, grammar, my grammar when searching google"
memes,1nnr04z,0,https://i.redd.it/qsehor8xrqqf1.jpeg,post_url,direct_link,,,batman and the dark knight rises
memes,1nnwt3s,0,https://i.redd.it/klbkxi1murqf1.jpeg,post_url,direct_link,,,a comic strip with the words i love rain and clouds
memes,1nnmh65,0,https://i.redd.it/2molcszxwpqf1.jpeg,post_url,direct_link,,,the brain is a funny thing
memes,1nnkrao,0,https://i.redd.it/6ldv4bwhjpqf1.png,post_url,direct_link,,,a picture of a gold record with the words nooo you can't listen to nasa pictures
memes,1nnquzh,0,https://i.redd.it/w2g4mkqzqqqf1.jpeg,post_url,direct_link,,,a man driving a car with the caption that reads when you know all the normal forces of the remen
memes,1nmu2m7,0,https://i.redd.it/byqfavrn7jqf1.jpeg,post_url,direct_link,,,the car that was supposed to be the future
memes,1nn0mrg,0,https://i.redd.it/vflm86fjgkqf1.jpeg,post_url,direct_link,,,a comic strip about the meeting room
memes,1nolj89,0,https://i.redd.it/bgdd2p9luxqf1.jpeg,post_url,direct_link,,,a card with a picture of a man in mexico
memes,1nmhatj,0,https://i.redd.it/ctqgdbhsqfqf1.jpeg,post_url,direct_link,,,i'm not sure if i'm more excited for the finale or for the next season of breaking bad
memes,1nnmnnr,0,https://i.redd.it/tqfxvvfcypqf1.jpeg,post_url,direct_link,,,"godzilla and a godzilla with a caption that says, ""godzilla is responding and trying not to be rude with repaste"""
memes,1nn59nz,0,https://i.redd.it/c3ju10sqdlqf1.jpeg,post_url,direct_link,,,when the drink of water doesn't go down right
memes,1nmtbll,0,https://i.redd.it/bwss5i9a2jqf1.jpeg,post_url,direct_link,,,a man with a black shirt and black pants and a picture of his body
memes,1nn5qdc,0,https://i.redd.it/ezd6ac8chlqf1.jpeg,post_url,direct_link,,,the bmw i8 is a cute rabbit
memes,1nn0mvb,0,https://i.redd.it/6ft9x36tgkqf1.jpeg,post_url,direct_link,,,random rap that ruins music
memes,1nogp7h,0,https://i.redd.it/w3lk0w9lwwqf1.jpeg,post_url,direct_link,,,"a glass screen with the words ""tempered glass manufacturers hate this one trick"""
memes,1nnezxm,0,https://i.redd.it/rvtifyhdtnqf1.png,post_url,direct_link,,,"two pictures of people in suits and hats with the caption, ""people who don't laugh at my jokes"""
memes,1nmf6nt,0,https://i.redd.it/0vg65pyb7fqf1.png,post_url,direct_link,,,"when you see someone in 11 buying a nutrion bar and a mountain dew don't buy in place different items, attractions, and attention"
memes,1nnhbx5,0,https://i.redd.it/onpvxxxfkoqf1.jpeg,post_url,direct_link,,,the anime is about a guy who is holding a cross
memes,1nn2coy,0,https://i.redd.it/8bs8ahwmskqf1.jpeg,post_url,direct_link,,,the steps to make an iphone look like a clown
memes,1nnhibv,0,https://i.redd.it/6if3dvanmoqf1.png,post_url,direct_link,,,meme of the day - i got him thinking about other women where did he even come from?
memes,1nodxd1,0,https://i.redd.it/f8mzszax7wqf1.jpeg,post_url,direct_link,,,"two men with the same caption and the words ""we do not want your kind out here"""
memes,1nnabjy,0,https://i.redd.it/awt5ih7qjmqf1.jpeg,post_url,direct_link,,,what soy milk is just regular milk introducing himself in spanish
memes,1nnpbnz,0,https://i.redd.it/rclyrixpgqqf1.jpeg,post_url,direct_link,,,"two pictures of the same person with the caption, snake pisselen and captain ron are the same character right?"
memes,1nmj52x,0,https://i.redd.it/zucv1xi59gqf1.jpeg,post_url,direct_link,,,a person typing on a keyboard with the words how school teaches my natural hand placement
memes,1nnhi72,0,https://i.redd.it/svvfgxqlmoqf1.png,post_url,direct_link,,,"two pictures of the same person, one with a smile and the other with a frown"
memes,1nn15kn,0,https://i.redd.it/b4faknpckkqf1.jpeg,post_url,direct_link,,,ancient roman meme when they get done taking their community shit together
memes,1nnksp9,0,https://i.redd.it/24padn7ujpqf1.png,post_url,direct_link,,,two men are holding each other's arms with the words reposting every post from the other sub
memes,1nn53bx,0,https://i.redd.it/wqypthl2clqf1.png,post_url,direct_link,,,a man driving a car with the caption when i know everyone hates me but i can't prove it
memes,1nn7565,0,https://i.redd.it/n0ueqcvoslqf1.jpeg,post_url,direct_link,,,when you recognize a redditor username from a different post
memes,1nmjlu7,0,https://i.redd.it/k5gwmjn0egqf1.jpeg,post_url,direct_link,,,every superhero needs a pal
memes,1nmjj6f,0,https://i.redd.it/cu76umu7dgqf1.jpeg,post_url,direct_link,,,"a man holding his brother's head and saying, when you hit your brother too hard and you hear your mom's footsteps"
memes,1nnkfsq,0,https://i.redd.it/0jnoba9rgpqf1.jpeg,post_url,direct_link,,,"mario, luigi, bowser, and kirby are all standing together"
memes,1nn8puc,0,https://i.redd.it/fnfjmga16mqf1.jpeg,post_url,direct_link,,,two pictures of people in suits and hats sitting at a table
memes,1nn4wjw,0,https://i.redd.it/0zw22yvxalqf1.png,post_url,direct_link,,,a dinosaur with a lightning bolt on its head and the caption reads how my brain be when the ads start playing
memes,1nn8m9e,0,https://i.redd.it/ju0pz9my4mqf1.jpeg,post_url,direct_link,,,when your coworker asks what you did over the weekend knowing you're poor and can't fun
memes,1nobasf,0,https://i.redd.it/t76q5ovndvqf1.png,post_url,direct_link,,,a man in a meeting room with a sheep on the screen
memes,1nnwjrn,0,https://i.redd.it/d1p3vkktsrqf1.jpeg,post_url,direct_link,,,a nurse is talking to a patient in bed
memes,1nm7gio,0,https://i.redd.it/gfvb4skdhdqf1.jpeg,post_url,direct_link,,,pokemon meme
memes,1nn9fvw,0,https://i.redd.it/fd8akpyvbmqf1.png,post_url,direct_link,,,me trying to find the one angle where my charger works
memes,1nnk0ni,0,https://i.redd.it/dpz80t8ycpqf1.png,post_url,direct_link,,,two pictures of a man with his hand on a button that says bfdi
memes,1nmfw09,0,https://i.redd.it/fl7l5i9ndfqf1.jpeg,post_url,direct_link,,,"a cartoon with the caption that says, ""ads from 1930s to 2020, we will explain why they are useless to us today"""
memes,1nniz1p,0,https://i.redd.it/qqtecqup2pqf1.jpeg,post_url,direct_link,,,a cat is standing on its hind legs and looking at the camera
memes,1nmpzo9,0,https://i.redd.it/njq7zlclbiqf1.jpeg,post_url,direct_link,,,a cartoon of a girl sitting on a toilet with a girl sitting on the toilet next to her
memes,1nm88cp,0,https://i.redd.it/gs5u9uanmdqf1.png,post_url,direct_link,,,two people are playing with a dog on the grass
memes,1nn65rl,0,https://i.redd.it/wh5b08ekklqf1.jpeg,post_url,direct_link,,,"they think this planet is theirs too | image tagged in memes,they think this planet is theirs too | made w/ imgflip meme maker"
memes,1nnbtbh,0,https://i.redd.it/yyrdlqp1xmqf1.jpeg,post_url,direct_link,,,"a man in a black suit with a smile on his face and the caption that reads,"
memes,1nn0jde,0,https://i.redd.it/8wjonkq3gkqf1.gif,post_url,direct_link,,,"a white pipe with a sign that says ""drunk me trying to find the hole"""
memes,1nmril1,0,https://i.redd.it/dfgq6okooiqf1.jpeg,post_url,direct_link,,,the federal tax code is shown in different stages
memes,1no0e1a,0,https://i.redd.it/ddd2y5avjsqf1.jpeg,post_url,direct_link,,,the movie is about a young man and woman in the field
memes,1nnddvd,0,https://i.redd.it/byfcqn81cnqf1.png,post_url,direct_link,,,"a poster with the words yes, i abused in child and adolescent development"
memes,1nmzd3m,0,https://i.redd.it/g8iq07q98kqf1.jpeg,post_url,direct_link,,,"a cat is looking at the camera with the caption ""sunday evening look inside monday anxiety"""
memes,1nnzhrz,0,https://i.redd.it/sajgcqr5dsqf1.jpeg,post_url,direct_link,,,two people are walking down the street with the words abc maga
memes,1nn4n73,0,https://i.redd.it/4ke2yb4t8lqf1.jpeg,post_url,direct_link,,,how to join reddit how the account is going
memes,1nmdzqu,0,https://i.redd.it/lmty2puhweqf1.jpeg,post_url,direct_link,,,a cat is laying on a desk with a caption that reads that there is no place like home when your plant is actively working
memes,1nn7dvy,0,https://i.redd.it/f4oc4ogpulqf1.jpeg,post_url,direct_link,,,the baseball game is on and the baseball player is wearing a hat
memes,1nmq2x8,0,https://i.redd.it/pyqf7wofciqf1.png,post_url,direct_link,,,cat looking at the camera with the caption 'i can't take it anymore looks inside continues to take it'
memes,1nnavdb,0,https://i.redd.it/s7rfx42jomqf1.png,post_url,direct_link,,,two pictures of a dog and a man with a shirt on
memes,1nn7tli,0,https://i.redd.it/lj1qdp28ylqf1.jpeg,post_url,direct_link,,,my friend me about to take a joke too far
memes,1nmn1gz,0,https://i.redd.it/cz6bsa30ghqf1.jpeg,post_url,direct_link,,,the iron giant is standing in the woods with a girl
memes,1nmw8be,0,https://i.redd.it/93bfxdbqmjqf1.jpeg,post_url,direct_link,,,a man in an orange suit walks down a dirt road
memes,1nnacwc,0,https://i.redd.it/avi3d5r1kmqf1.jpeg,post_url,direct_link,,,spiderman meme - you're one of them you're one of them you're one of them you're one of them you're one of them
memes,1nn80t4,0,https://i.redd.it/o0hrge110mqf1.jpeg,post_url,direct_link,,,the meme is about how bro looks at me when he asks me to rate the top 5
memes,1nn64ez,0,https://i.redd.it/7g3esw8dklqf1.jpeg,post_url,direct_link,,,memes no rico call the police?
memes,1no256y,0,https://i.redd.it/wrvwnfmtxsqf1.jpeg,post_url,direct_link,,,thought i was taking my pre - natals but my hubby filled the bottle up with no - first world problems
memes,1nnxfur,0,https://i.redd.it/dxf1137uyrqf1.jpeg,post_url,direct_link,,,a boy is looking at something with the words paper or plastic?
memes,1nmcqmt,0,https://i.redd.it/rqnppbjlleqf1.jpeg,post_url,direct_link,,,americans really made walking into a horror movie
memes,1nmrzvz,0,https://i.redd.it/mlnybjlgsiqf1.jpeg,post_url,direct_link,,,a man with a pan in his hand and the caption reads now you'll have to work every day for
memes,1nnccwj,0,https://i.redd.it/gd3kn4e12nqf1.png,post_url,direct_link,,,"a man driving a car with the caption, how do i feel when i know i've been in three times and am"
memes,1nlv4v1,0,https://i.redd.it/l2iaalnzvaqf1.png,post_url,direct_link,,,the last palindrome date
memes,1nn2722,0,https://i.redd.it/a6y5so6krkqf1.jpeg,post_url,direct_link,,,a cartoon of two people talking about not being a full meme please
memes,1nmlyai,0,https://i.redd.it/yomrstov3hqf1.png,post_url,direct_link,,,i changed my mind does it work any better?
memes,1nnjzgr,0,https://i.redd.it/1pghhfjdcpqf1.jpeg,post_url,direct_link,,,four different images of different people on social media
memes,1nn22yo,0,https://i.redd.it/4i46w7foqkqf1.png,post_url,direct_link,,,me proud my cat is knocking over a new houseplant on the shelf 2 seconds
memes,1nmt3gb,0,https://i.redd.it/xdzo7utm0jqf1.gif,post_url,direct_link,,,a man and woman are on the beach with a child
memes,1nlsdpy,0,https://i.redd.it/6paeu6pj1aqf1.gif,post_url,direct_link,,,a plane flying over a pool with the words media turn your lights off to save the climate
memes,1nmic85,0,https://i.redd.it/wkejrt5u0gqf1.png,post_url,direct_link,,,the school district is cleaning their pools
memes,1nmay7h,0,https://i.redd.it/8ns41gfp6eqf1.jpeg,post_url,direct_link,,,people canceling disney after the kimmin incident | made w/ imgflip meme maker
memes,1nn3yk8,0,https://i.redd.it/ma8hetev3lqf1.jpeg,post_url,direct_link,,,when you let auto correct finish your text message for you look at me i'm the author now
memes,1nmyadz,0,https://i.redd.it/jjkwvukz0kqf1.png,post_url,direct_link,,,a cartoon about the different types of schools
memes,1nmip1w,0,https://i.redd.it/mlv30amb4gqf1.png,post_url,direct_link,,,jesus is still evil meme
memes,1nmzzwj,0,https://i.redd.it/fuy3qyukckqf1.gif,post_url,direct_link,,,a person is using a computer and the text says allowing the obvious rage bat game ad get the better of me
memes,1nm4fuw,0,https://i.redd.it/7ifk7ooxvcqf1.jpeg,post_url,direct_link,,,if kissing is exchange of salvia is eating honey kissing a bee stop
memes,1nmd5p9,0,https://i.redd.it/w02zo0r9peqf1.jpeg,post_url,direct_link,,,harry potter and the rock
memes,1nmoo5r,0,https://i.redd.it/6iyaxjbzxhqf1.jpeg,post_url,direct_link,,,family with 3 biological children man let's adopt some kids let's make some kids struggle to get by in life
memes,1nnxswx,0,https://i.redd.it/midw9vaa1sqf1.jpeg,post_url,direct_link,,,wait you guys actually care about jimmy kimmel i thought it was a joke
memes,1nmrzne,0,https://i.redd.it/3w760mresiqf1.jpeg,post_url,direct_link,,,two comics about a man on a bike and a police officer
memes,1nn11f4,0,https://i.redd.it/5h5ogckkjkqf1.png,post_url,direct_link,,,a woman with blonde hair and a smile on her face is looking at the camera
memes,1nn5v64,0,https://i.redd.it/igjvnyhuhlqf1.png,post_url,direct_link,,,the simpsons are talking about the police
memes,1nmwpl4,0,https://i.redd.it/1p1j9fh1qjqf1.jpeg,post_url,direct_link,,,me coughing in front of my boss to see if he gives me a few off
memes,1nmu05q,0,https://i.redd.it/azqq1ti67jqf1.jpeg,post_url,direct_link,,,"when you ask do you remember when you're on the 21st night of september, as the first person who thought of this?"
memes,1nmyjki,0,https://i.redd.it/yr7nrnlq2kqf1.jpeg,post_url,direct_link,,,a painting of a man with a hat and a beard
memes,1nmjhmg,0,https://i.redd.it/jk2dz13scgqf1.jpeg,post_url,direct_link,,,"``when your mom's on the phone and says ``oh, oh, oh, oh, oh, oh, oh, oh, oh, oh"
memes,1nmys18,0,https://i.redd.it/b28xd1v94kqf1.jpeg,post_url,direct_link,,,me trying to hold the the ugly to not say do you remember every second possible
memes,1nma6kw,0,https://i.redd.it/776evwlj1eqf1.jpeg,post_url,direct_link,,,"a man standing on a rock with the caption saying, ""me in the shower waiting for the hot water"""
memes,1nnujiy,0,https://i.redd.it/ikpxfgf7frqf1.jpeg,post_url,direct_link,,,two pictures of the same person with the words aot's first ep vs last ep
memes,1no1nw9,0,https://i.redd.it/7q50kwjvtsqf1.jpeg,post_url,direct_link,,,make a meme to come up with memes get downvotes get downvotes get downvotes get downvotes get downvotes get downvotes get downvotes get
memes,1nm93n9,0,https://i.redd.it/yc7uo6eatdqf1.jpeg,post_url,direct_link,,,a dog with curly hair and a picture of a man with long hair
memes,1nmj5e6,0,https://i.redd.it/oxqiymp89gqf1.jpeg,post_url,direct_link,,,a man with a black hair and a caption that says my creativity when i actually need it
memes,1nnnw9v,0,https://i.redd.it/04krk7j47qqf1.jpeg,post_url,direct_link,,,mega grinch looks like he should be a giganax form for being similar to ogletree's character
memes,1nn1qmp,0,https://i.redd.it/owuvr2bdokqf1.jpeg,post_url,direct_link,,,harry potter and the deathly hallows - what happened to him? he tried to jerk his balls
memes,1nmvlu8,0,https://i.redd.it/pzz2bzdaijqf1.jpeg,post_url,direct_link,,,"silence, ologarach"
memes,1nmw5ol,0,https://i.redd.it/3kwoo6g8mjqf1.jpeg,post_url,direct_link,,,get 2 holidays glasses
memes,1nmueul,0,https://i.redd.it/1maoz6nu9jqf1.jpeg,post_url,direct_link,,,"a cartoon character is holding a sword and saying,"
memes,1nnpmfs,0,https://i.redd.it/p6f4gekoiqqf1.gif,post_url,direct_link,,,movie critics when a movie year starts with 19
memes,1nmb33o,0,https://i.redd.it/8mu2kz5h8eqf1.jpeg,post_url,direct_link,,,a nice stick of men of any age | dogs | image tagged in dogs | made w/ imgflip meme maker
memes,1nm90z3,0,https://i.redd.it/p0vblbfqsdqf1.jpeg,post_url,direct_link,,,``mom why you can't be more like your dad?'' ``me maybe his mom is better than too'' ``me maybe his mom is better
memes,1nnlklv,0,https://i.redd.it/d9b7mf4bqpqf1.jpeg,post_url,direct_link,,,the cartoon shows girls and boys with different expressions
memes,1nmwrno,0,https://i.redd.it/rpnk6ougqjqf1.jpeg,post_url,direct_link,,,mergers everywhere | made w/ imgflip meme maker
memes,1nnotuc,0,https://i.redd.it/a1jvnsiedqqf1.jpeg,post_url,direct_link,,,a poster advertising a beer with a man drinking it
memes,1nmwbew,0,https://i.redd.it/7ccx1i4bnjqf1.jpeg,post_url,direct_link,,,skeleton sitting on a bench with the caption i warned them a mercy was plan b
memes,1nn46rb,0,https://i.redd.it/ffsgptok5lqf1.jpeg,post_url,direct_link,,,a man sitting on a chair with the words how to fool the universe
memes,1nm1n7d,0,https://i.redd.it/aa2ws83accqf1.jpeg,post_url,direct_link,,,a cartoon of a woman in a red sweater and a pumpkin
memes,1nllegl,0,https://i.redd.it/l66lpppo38qf1.jpeg,post_url,direct_link,,,"cartoon, the text reads, 'i'm thinking of coming back to visit'"
memes,1nmlkl8,0,https://i.redd.it/jvb4b0qizgqf1.jpeg,post_url,direct_link,,,a man with clown makeup on his face
memes,1nmuxe4,0,https://i.redd.it/gwltn0rmdjqf1.jpeg,post_url,direct_link,,,new sibling is born parents it's the best iphone we've ever made
memes,1nmnl0p,0,https://i.redd.it/qbz7j751mhqf1.jpeg,post_url,direct_link,,,"a monkey with the caption, when a car passes you fast but you're already going fast"
memes,1nm85p2,0,https://i.redd.it/6zjdjbyfmdqf1.jpeg,post_url,direct_link,,,"if someone hasn't yet to show you their product, they haven't made it"
memes,1nm9r85,0,https://i.redd.it/1eks6i2bydqf1.jpeg,post_url,direct_link,,,the most heart breaking moment in tv history when blue beez will be participating in the trey songz
memes,1nmttw5,0,https://i.redd.it/s99hfciw5jqf1.jpeg,post_url,direct_link,,,"so anyway, i'll take care of you baby | image tagged in so anyway, i'll take care of you baby | made w/ imgfl"
memes,1nnk9yx,0,https://i.redd.it/551ijq9cfpqf1.jpeg,post_url,direct_link,,,a person is sitting on the floor with their feet up
memes,1nmf4ze,0,https://i.redd.it/pmx1lpi56fqf1.png,post_url,direct_link,,,ben affleck
memes,1nmkoer,0,https://i.redd.it/784ea0cmpgqf1.jpeg,post_url,direct_link,,,batman meme with text that says rise and shh fuck off im still sleeping
memes,1nmlahh,0,https://i.redd.it/dk1lmykbwgqf1.jpeg,post_url,direct_link,,,"the matrix meme with text that says, what if i told you the way we see 2019, is the same way we saw 2015, is the same"
