post_id,comment_id,comment_text,comment_score,comment_author,comment_created_utc,parent_id,reply_to_id,comment_sentiment,has_images,num_images,image_urls,subreddit
12p2lmp,kvayuwc,Meee I’m probably doing health sci,1,[deleted],1710695288.0,t3_12p2lmp,12p2lmp,,False,0,,WesternU
12p2lmp,jlprjaz,Hi,1,Purple_Character6184,1685117185.0,t3_12p2lmp,12p2lmp,,False,0,,WesternU
12dvo59,lm2j9yu,"Congrats! May I know your stats, like gpa and lab experience?",1,Only_Researcher6011,1725772913.0,t3_12dvo59,12dvo59,,False,0,,WesternU
ztfu7e,lm9oi3b,I am interested in!,1,Only_Researcher6011,1725885848.0,t3_ztfu7e,ztfu7e,,False,0,,WesternU
ztfu7e,m7hxd3l,yes,1,Eastern-State6466,1737054189.0,t3_ztfu7e,ztfu7e,,False,0,,WesternU
v2rx35,lpb5wgr,I applied to their nursing programs and a few friends said it was pretty good,1,SwimFew7579,1727509227.0,t3_v2rx35,v2rx35,,False,0,,WesternU
v2rx35,iaue59t,heyy I also just accepted my offer to the collaborative program - Fanshawe site! if you don’t mind I wanted to ask if you’ll be living on or off res?,1,sunflowerslolz,1654123369.0,t3_v2rx35,v2rx35,,False,0,,WesternU
v2rx35,iav5d74,"Heyy, I will be living off campus renting a room somewhere because rez is literally more than tuition and I can’t afford that🤣",1,Evening-Broccoli-182,1654136385.0,t1_iaue59t,iaue59t,,False,0,,WesternU
v2rx35,ibic4iu,Congrats! I got accepted too 😊,1,Ishi2111,1654622329.0,t3_v2rx35,v2rx35,,False,0,,WesternU
v20ag0,iapn7r9,Omg me too!!! Please add me if u find any,2,Which-Reporter-8300,1654033383.0,t3_v20ag0,v20ag0,,False,0,,WesternU
v20ag0,ibi6hag,Same here! Please add me too!,2,BeeProfessional4630,1654619952.0,t3_v20ag0,v20ag0,,False,0,,WesternU
v20ag0,ibi6mmy,"I just made a server, here's the link:  https://discord.gg/34CD3wvP",1,TrainerLower2448,1654620015.0,t1_ibi6hag,ibi6hag,,False,0,,WesternU
v20ag0,ibi6u3p,Thanks !,1,BeeProfessional4630,1654620102.0,t1_ibi6mmy,ibi6mmy,,False,0,,WesternU
v20ag0,ibi6wc5,You welcome 😊,1,TrainerLower2448,1654620128.0,t1_ibi6u3p,ibi6u3p,,False,0,,WesternU
v20ag0,jjiqusi,Hey the link expired could you add me ?,1,No_Grade_5628,1683665986.0,t1_ibi6mmy,ibi6mmy,,False,0,,WesternU
v20ag0,ib2yukn,please add me too!,1,euphoriaxoxo,1654291076.0,t3_v20ag0,v20ag0,,False,0,,WesternU
uz867k,iaf2was,For the western Fanshawe program res is on the Fanshawe campus - From second year you will hv to  rent outside of campus.,1,SeaworthinessAny6880,1653826193.0,t3_uz867k,uz867k,,False,0,,WesternU
urnrlp,i916cln,# Do you know much about western kin? I have to decide between uoft and western kin,1,Hxm_zxh_,1652844595.0,t3_urnrlp,urnrlp,,False,0,,WesternU
undggq,i8flq7y,during the dan faculty night they said the admission offers will go throughout this month,1,ferbsquarepants,1652436155.0,t3_undggq,undggq,,False,0,,WesternU
undggq,i8g5ogo,Oh perfect!!!! Have u/ do u know anyone that has gotten in to bmos yet this month??,1,[deleted],1652448138.0,t1_i8flq7y,i8flq7y,,False,0,,WesternU
undggq,i8g5zlk,"i got my acceptance in december lol (i’m a 105 btw) don’t rlly know anyone who got in this month but ik a bunch who did last month, hopefully u get in soon too and maybe i’ll see u on campus!!",1,ferbsquarepants,1652448280.0,t1_i8g5ogo,i8g5ogo,,False,0,,WesternU
undggq,i8g6t9l,"Aye yess! Thank you for the kind words, I hope to get in too! And congrats on getting in! What r u planning on majoring in",1,[deleted],1652448656.0,t1_i8g5zlk,i8g5zlk,,False,0,,WesternU
ulvfn4,i80jqea,"Okay have few comments on this.. can you show me data that suggests 70% of females at western university were sexually assaulted. What was your methodology in conducting your research, what was your sample size. 70% is a huge percentage. Did the assaults occur at the university’s campus. I am not trying to downplay sexual assaults at our campus but saying that 7 out of 10 females get assaulted at western is a bit too much. Putting protective covering on drinks inside campus bars would likely do close to nothing. We should ask western to train their special  constables on how to deal with sexual assault cases, and provide victim support.",2,Porthos1998,1652158591.0,t3_ulvfn4,ulvfn4,,False,0,,WesternU
ulvfn4,i81mmin,"I found my research on the CBC website. Though, it could be higher now considering the article is from 2018. The research was done by the Council of Ontario Universities (COU) so I’m sure if you want to ask them all these question maybe they would be the ones to answer them. I also have to say, I have been working very hard to try to make a difference and it is unfortunate to see people try to put down the work that is being done.",1,sydstae,1652187192.0,t1_i80jqea,i80jqea,,False,0,,WesternU
ulvfn4,i82jb25,"CBC is not a reliable source!! I read the article and found it misleading. The university student council did a survey in 2018  that had only 26% response rate. See in stats there is something called conformational bias. Thus, we can not make inferences about the whole population because of the inherent biases that exist in methodology. I’m not downplaying sexual assaults which pretty suck, but the solutions you suggested with all due respect are useless. We need to address this problem by asking the university to provide adequate resources for victims and more training for campus police [https://files.ontario.ca/tcu-summary-report-student-voices-on-sexual-violence-survey-en-2019-03.pdf](https://files.ontario.ca/tcu-summary-report-student-voices-on-sexual-violence-survey-en-2019-03.pdf) this is the link of the study you referring to and I want you to read the interpreting results section",1,Porthos1998,1652200869.0,t1_i81mmin,i81mmin,,False,0,,WesternU
ulvfn4,iae1kj7,"You might want to do some more research and you will see that your petition is not needed, as all of the things you are petitioning for are already being looked at, added or changed. There is a whole committee that has been created to deal with this issue after the several incidents that happened last year. Western is already working on this.

[https://news.westernu.ca/2022/05/western-commitments-address-prevent-gender-based-and-sexual-violence/](https://news.westernu.ca/2022/05/western-commitments-address-prevent-gender-based-and-sexual-violence/)",1,Dog_Mum44,1653796156.0,t3_ulvfn4,ulvfn4,,False,0,,WesternU
m31ajs,gr2ikrz,I just received an offer today for the CAM program,2,ImpossibleHotel9125,1615853588.0,t3_m31ajs,m31ajs,,False,0,,WesternU
m31ajs,gr2ilm5,"I just hath taken an giveth the present day f'r the cam program

***



^(I am a bot and I swapp'd some of thy words with Shakespeare words.)

Commands: `!ShakespeareInsult`, `!fordo`, `!optout`",2,Shakespeare-Bot,1615853602.0,t1_gr2ikrz,gr2ikrz,,False,0,,WesternU
m31ajs,gr2iput,Aye let’s go did u also apply to Waterloo? I’m waiting for Waterloo,1,Puzzleheaded-Motor45,1615853676.0,t1_gr2ikrz,gr2ikrz,,False,0,,WesternU
m31ajs,h0i8acn,"yeah I did, but decided a degree in business was more valuable than science/environment",1,ImpossibleHotel9125,1622765628.0,t1_gr2iput,gr2iput,,False,0,,WesternU
m31ajs,gx3bmjl,What was your average?,1,Low_Constant8678,1620259504.0,t1_gr2ikrz,gr2ikrz,,False,0,,WesternU
m31ajs,h0i8aun,95,1,ImpossibleHotel9125,1622765635.0,t1_gx3bmjl,gx3bmjl,,False,0,,WesternU
3po6b1,cw85m54,"45 days was mentioned in the ezone questions:
Dr. Porter Jones and Aaron Matto provided additional information that they expected that it would take vendors approximately 45 days to submit cash relating to the previous month’s sales.

Good luck
",1,terencelc,1445465510.0,t3_3po6b1,3po6b1,,False,0,,WesternU
3pivoy,cw7t6vq,Is fin fun more valuable then marketing?,3,ShaneWang,1445447960.0,t3_3pivoy,3pivoy,,False,0,,WesternU
3pivoy,cw804l3,Define valuable ;) ,2,DrPersson,1445457661.0,t1_cw7t6vq,cw7t6vq,,False,0,,WesternU
3pivoy,cw850wj,"We usually plug for debt if total assets are greater than total liabilities and shareholders equity (L & SHE)... But if we plug for debt when assets are less than (L & SHE), the value will be negative. Is its okay to have a -ve value for debt on the balance sheet?",2,FineBlade,1445464620.0,t3_3pivoy,3pivoy,,False,0,,WesternU
3pivoy,cw89v64,"When SE exceeds assets and Liabilities are paid back, the plug will be cash. This was the case in urban water.",1,DrPersson,1445472640.0,t1_cw850wj,cw850wj,,False,0,,WesternU
3pivoy,cw6nhkl,Testing again,1,DrPersson,1445365493.0,t3_3pivoy,3pivoy,,False,0,,WesternU
3pivoy,cw6nhq8,hello,1,DrPersson,1445365499.0,t1_cw6nhkl,cw6nhkl,,False,0,,WesternU
3pivoy,cw6nsfn,Martin you just replied to your own comment....,1,hahahahahabbb,1445365911.0,t1_cw6nhq8,cw6nhq8,,False,0,,WesternU
3pivoy,cw6nssa,boom,2,DrPersson,1445365925.0,t1_cw6nsfn,cw6nsfn,,False,0,,WesternU
3pivoy,cw7u7t5,"Will we be expected to calculate present value or future value on the exam?
",1,ShaneWang,1445449395.0,t3_3pivoy,3pivoy,,False,0,,WesternU
3pivoy,cw7v94r,"if there is a present value problem on the exam, you will be given a present value table or alike. So there is no need to remember the formulas given in the PowerPoint.",1,DrPersson,1445450844.0,t1_cw7u7t5,cw7u7t5,,False,0,,WesternU
3pivoy,cw7xb2l,does this apply for annuities and perpetuities as well? or should we be expected to know these for the exam?,1,v_boskovic,1445453734.0,t1_cw7v94r,cw7v94r,,False,0,,WesternU
3pivoy,cw8wpxe,"No, you are not expected to know the formulas for any of the calculations that were on the PowerPoint presentation, but you are allowed to bring the printout of that presentation to the exam if you wish.",1,DrPersson,1445527286.0,t1_cw7xb2l,cw7xb2l,,False,0,,WesternU
3pivoy,cw7xgyb,Will the exam case be on a company that produces rivets?,1,the_huggable_cactus,1445453965.0,t3_3pivoy,3pivoy,,False,0,,WesternU
3pivoy,cw803vo,huh! ,1,DrPersson,1445457634.0,t1_cw7xgyb,cw7xgyb,,False,0,,WesternU
